chain_id,canonical,unit_type,n_years,span,canonical_chain_id,canonical_name,rule
AG-assabaskashing-agency,ASSABASKASHING AGENCY,AGENCY,3,1880–1885,AG-assabaskasing-agency,ASSABASKASING AGENCY,"squash_ratio>=0.90|skeleton, guards, span"
AG-assiboine-agency,ASSIBOINE AGENCY,AGENCY,1,1914–1914,AG-assiniboine-agency,ASSINIBOINE AGENCY,"squash_ratio>=0.90|skeleton, guards, span"
AG-carleton-agency,CARLETON AGENCY,AGENCY,2,1888–1900,AG-carlton-agency,CARLTON AGENCY,"squash_ratio>=0.90|skeleton, guards, span"
AG-county-of-hastings-tyendiuaga-agency,"COUNTY OF HASTINGS, TYENDIUAGA AGENCY",AGENCY,1,1888–1888,AG-county-of-hastings-tyendinaga-agency,"COUNTY OF HASTINGS, TYENDINAGA AGENCY","squash_ratio>=0.90|skeleton, guards, span"
AG-coucheeching-agency,COUCHEECHING AGENCY,AGENCY,3,1893–1895,AG-coutcheeching-agency,COUTCHEECHING AGENCY,"squash_ratio>=0.90|skeleton, guards, span"
AG-coutcheching-agency,COUTCHECHING AGENCY,AGENCY,6,1885–1892,AG-coutcheeching-agency,COUTCHEECHING AGENCY,"squash_ratio>=0.90|skeleton, guards, span"
AG-coutchehing-agency,COUTCHEHING AGENCY,AGENCY,1,1891–1891,AG-coutcheeching-agency,COUTCHEECHING AGENCY,"squash_ratio>=0.90|skeleton, guards, span"
AG-cowichain-agency,COWICHAIN AGENCY,AGENCY,1,1914–1914,AG-cowichan-agency,COWICHAN AGENCY,"squash_ratio>=0.90|skeleton, guards, span"
AG-cowichay-agency,COWICHAY AGENCY,AGENCY,1,1903–1903,AG-cowichan-agency,COWICHAN AGENCY,"squash_ratio>=0.90|skeleton, guards, span"
AG-crooked-lakes-agency,CROOKED LAKES AGENCY,AGENCY,2,1889–1890,AG-crooked-lake-agency,CROOKED LAKE AGENCY,"squash_ratio>=0.90|skeleton, guards, span"
AG-golden-lane-agency,GOLDEN LANE AGENCY,AGENCY,1,1914–1914,AG-golden-lake-agency,GOLDEN LAKE AGENCY,"squash_ratio>=0.90|skeleton, guards, span"
AG-hudson-s-bay-agency,HUDSON'S BAY AGENCY,AGENCY,1,1915–1915,AG-hudson-bay-agency,HUDSON BAY AGENCY,"squash_ratio>=0.90|skeleton, guards, span"
AG-kewawkewlth-agency,KEWAWKEWLTH AGENCY,AGENCY,1,1914–1914,AG-kwawkewlth-agency,KWAWKEWLTH AGENCY,"squash_ratio>=0.90|skeleton, guards, span"
AG-kwahkewlth-agency,KWAHKEWLTH AGENCY,AGENCY,1,1882–1882,AG-kwawkewlth-agency,KWAWKEWLTH AGENCY,"squash_ratio>=0.90|skeleton, guards, span"
AG-kwaukewlth-agency,KWAUKEWLTH AGENCY,AGENCY,1,1883–1883,AG-kwawkewlth-agency,KWAWKEWLTH AGENCY,"squash_ratio>=0.90|skeleton, guards, span"
AG-kwaw-kewlth-agency,KWAW - KEWLTH AGENCY,AGENCY,3,1887–1891,AG-kwawkewlth-agency,KWAWKEWLTH AGENCY,"squash_ratio>=0.90|skeleton, guards, span"
AG-kwawawkewlth-agency,KWAWAWKEWLTH AGENCY,AGENCY,1,1903–1903,AG-kwawkewlth-agency,KWAWKEWLTH AGENCY,"squash_ratio>=0.90|skeleton, guards, span"
AG-lake-st-john-chicoutimi-agency,LAKE ST. JOHN - CHICOUTIMI AGENCY,AGENCY,1,1890–1890,AG-lake-st-john-chicoutmi-agency,LAKE ST. JOHN - CHICOUTMI AGENCY,"squash_ratio>=0.90|skeleton, guards, span"
AG-manito-wa-pah-agency,MANITO - WA - PAH AGENCY,AGENCY,1,1887–1887,AG-manito-wa-paw-agency,MANITO - WA - PAW AGENCY,"squash_ratio>=0.90|skeleton, guards, span"
AG-manito-wah-pah-agency,MANITO - WAH - PAH AGENCY,AGENCY,3,1885–1887,AG-manito-wa-paw-agency,MANITO - WA - PAW AGENCY,"squash_ratio>=0.90|skeleton, guards, span"
AG-manitowapah-agency,MANITOWAPAH AGENCY,AGENCY,5,1896–1915,AG-manito-wa-paw-agency,MANITO - WA - PAW AGENCY,"squash_ratio>=0.90|skeleton, guards, span"
AG-manitowapaw-agency,MANITOWAPAW AGENCY,AGENCY,2,1893–1895,AG-manito-wa-paw-agency,MANITO - WA - PAW AGENCY,"squash_ratio>=0.90|skeleton, guards, span"
AG-micmacs-of-cape-breton-county-eskasoni-agency,"MICMACS OF CAPE BRETON COUNTY, ESKASONI AGENCY",AGENCY,1,1910–1910,AG-micmacs-of-cape-breton-eskasoni-agency,MICMACS OF CAPE BRETON - ESKASONI AGENCY,"squash_ratio>=0.90|skeleton, guards, span"
AG-micmacs-of-cape-breton-county-eskasoni-agency,"MICMACS OF CAPE BRETON COUNTY, ESKASONI AGENCY",AGENCY,1,1910–1910,AG-micmacs-of-cape-breton-eskasoni-agency,MICMACS OF CAPE BRETON - ESKASONI AGENCY,"squash_ratio>=0.90|skeleton, guards, span"
AG-mississaugas-of-the-credit-agency,MISSISSAUGAS OF THE CREDIT AGENCY,AGENCY,1,1915–1915,AG-mississaguas-of-the-credit-agency,MISSISSAGUAS OF THE CREDIT AGENCY,"squash_ratio>=0.90|skeleton, guards, span"
AG-muskowpetung-s-agency,MUSKOWPETUNG'S AGENCY,AGENCY,2,1899–1900,AG-muscowpetung-s-agency,MUSCOWPETUNG'S AGENCY,"squash_ratio>=0.90|skeleton, guards, span"
AG-peigan-agency,"PEIGAN, AGENCY",AGENCY,1,1904–1904,AG-piegan-agency,PIEGAN AGENCY,"squash_ratio>=0.90|skeleton, guards, span"
AG-peigan-agency,"PEIGAN, AGENCY",AGENCY,1,1904–1904,AG-piegan-agency,PIEGAN AGENCY,"squash_ratio>=0.90|skeleton, guards, span"
AG-qu-apelle-inspectorate,QU'APELLE INSPECTORATE,INSPECTORATE,1,1903–1903,AG-qu-appelle-inspectorate,QU'APPELLE INSPECTORATE,"squash_ratio>=0.90|skeleton, guards, span"
AG-st-peter-s-broken-head-fort-alexander-agency,"ST. PETER'S, BROKEN HEAD - FORT ALEXANDER AGENCY",AGENCY,1,1885–1885,AG-st-peter-s-broken-head-fort-alexandria-agency,"ST. PETER'S BROKEN HEAD, - FORT ALEXANDRIA AGENCY","squash_ratio>=0.90|skeleton, guards, span"
AG-stickine-agency,STICKINE AGENCY,AGENCY,3,1912–1915,AG-stikine-agency,STIKINE AGENCY,"squash_ratio>=0.90|skeleton, guards, span"
AG-touchwoods-hills-agency,TOUCHWOODS HILLS AGENCY,AGENCY,1,1898–1898,AG-touchwood-hills-agency,TOUCHWOOD HILLS AGENCY,"squash_ratio>=0.90|skeleton, guards, span"
AG-william-lake-agency,WILLIAM LAKE AGENCY,AGENCY,1,1911–1911,AG-williams-lake-agency,"WILLIAMS LAKE, AGENCY","squash_ratio>=0.90|skeleton, guards, span"
AG-william-s-lake-agency,WILLIAM'S LAKE. AGENCY,AGENCY,1,1893–1893,AG-williams-lake-agency,"WILLIAMS LAKE, AGENCY","squash_ratio>=0.90|skeleton, guards, span"
AG-william-s-lake-agency,WILLIAM'S LAKE. AGENCY,AGENCY,1,1893–1893,AG-williams-lake-agency,"WILLIAMS LAKE, AGENCY","squash_ratio>=0.90|skeleton, guards, span"
