chain_id,canonical,unit_type,lincs_uri,first_year,last_year
AG-west-coast-agency,WEST COAST AGENCY,AGENCY,http://id.lincsproject.ca/nTptLcdEZd5,1882,1915
AG-cowichan-agency,COWICHAN AGENCY,AGENCY,http://id.lincsproject.ca/69M2orakOyW,1881,1915
AG-blackfoot-agency,BLACKFOOT AGENCY,AGENCY,http://id.lincsproject.ca/rfx8yZUrjkh,1885,1923
AG-walpole-island-agency,WALPOLE ISLAND AGENCY,AGENCY,http://id.lincsproject.ca/vAj2XJxKV4r,1884,1914
AG-blood-agency,BLOOD AGENCY,AGENCY,http://id.lincsproject.ca/2EChJkPZ4LC,1886,1915
AG-kwawkewlth-agency,KWAWKEWLTH AGENCY,AGENCY,http://id.lincsproject.ca/VUqezb5zX3H,1884,1915
AG-kootenay-agency,KOOTENAY AGENCY,AGENCY,http://id.lincsproject.ca/iR6OtI29BKP,1888,1915
AG-sarcee-agency,SARCEE AGENCY,AGENCY,http://id.lincsproject.ca/Q2I35KjvrmU,1891,1915
AG-williams-lake-agency,WILLIAMS LAKE AGENCY,AGENCY,http://id.lincsproject.ca/8aTzYVYocjm,1886,1915
AG-carlton-agency,CARLTON AGENCY,AGENCY,http://id.lincsproject.ca/8MWD2pGOkf7,1884,1915
AG-battleford-agency,BATTLEFORD AGENCY,AGENCY,http://id.lincsproject.ca/LTggUMEvLmt,1884,1915
AG-parry-sound-superintendency,PARRY SOUND SUPERINTENDENCY,SUPERINTENDENCY,http://id.lincsproject.ca/qTDCPwRQZkf,1880,1915
AG-duck-lake-agency,DUCK LAKE AGENCY,AGENCY,http://id.lincsproject.ca/LWSjqgVNySA,1888,1915
AG-hobbema-agency,HOBBEMA AGENCY,AGENCY,http://id.lincsproject.ca/F0JUD2DAE1X,1894,1915
AG-onion-lake-agency,ONION LAKE AGENCY,AGENCY,http://id.lincsproject.ca/gBj4ley7kpC,1889,1915
AG-assiniboine-agency,ASSINIBOINE AGENCY,AGENCY,http://id.lincsproject.ca/uHpXmbg9zxY,1886,1915
AG-edmonton-agency,EDMONTON AGENCY,AGENCY,http://id.lincsproject.ca/HHLTzzUEgWV,1896,1915
AG-moose-mountain-agency,MOOSE MOUNTAIN AGENCY,AGENCY,http://id.lincsproject.ca/1tagcOwxwVx,1887,1915
AG-crooked-lake-agency,CROOKED LAKE AGENCY,AGENCY,http://id.lincsproject.ca/YYTAYRvW9QL,1891,1915
AG-clandeboye-agency,CLANDEBOYE AGENCY,AGENCY,http://id.lincsproject.ca/4bSqmrz4A5w,1886,1915
AG-touchwood-hills-agency,TOUCHWOOD HILLS AGENCY,AGENCY,http://id.lincsproject.ca/twz0gkC9t5Q,1887,1915
AG-peigan-agency,PEIGAN AGENCY,AGENCY,http://id.lincsproject.ca/eP45kbXhGZo,1889,1914
AG-birtle-agency,BIRTLE AGENCY,AGENCY,http://id.lincsproject.ca/QQ5eEiMoEq9,1884,1915
AG-saddle-lake-agency,SADDLE LAKE AGENCY,AGENCY,http://id.lincsproject.ca/ZIydwO9oUOv,1890,1914
AG-gore-bay-agency,GORE BAY AGENCY,AGENCY,http://id.lincsproject.ca/E21TkvbvmAA,1899,1915
AG-battleford-inspectorate,BATTLEFORD INSPECTORATE,INSPECTORATE,http://id.lincsproject.ca/LTggUMEvLmt,1898,1905
AG-manitowaning-agency,MANITOWANING AGENCY,AGENCY,http://id.lincsproject.ca/RnDWTpbxzQl,1899,1915
AG-pelly-agency,PELLY AGENCY,AGENCY,http://id.lincsproject.ca/QpY7y5ByWJP,1901,1915
AG-timiskaming-agency,TIMISKAMING AGENCY,AGENCY,http://id.lincsproject.ca/TVDljxuyX6o,1903,1915
AG-cape-croker-agency,CAPE CROKER AGENCY,AGENCY,http://id.lincsproject.ca/7luJdarb7di,1883,1915
AG-golden-lake-agency,GOLDEN LAKE AGENCY,AGENCY,http://id.lincsproject.ca/6ZpmKq73vmK,1899,1915
AG-babine-agency,BABINE AGENCY,AGENCY,http://id.lincsproject.ca/jl4hbWgu1vi,1890,1915
AG-qu-appelle-agency,QU'APPELLE AGENCY,AGENCY,http://id.lincsproject.ca/d8MGZB8czI2,1901,1915
AG-qu-appelle-inspectorate,QU'APPELLE INSPECTORATE,INSPECTORATE,http://id.lincsproject.ca/d8MGZB8czI2,1898,1905
AG-thessalon-agency,THESSALON AGENCY,AGENCY,http://id.lincsproject.ca/pMac9Lu2krM,1899,1915
AG-south-saskatchewan-inspectorate,SOUTH SASKATCHEWAN INSPECTORATE,INSPECTORATE,http://id.lincsproject.ca/4vwhFoQSM1x,1906,1913
AG-sturgeon-falls-agency,STURGEON FALLS AGENCY,AGENCY,http://id.lincsproject.ca/uCVT560W0aA,1904,1915
AG-okanagan-agency,OKANAGAN AGENCY,AGENCY,http://id.lincsproject.ca/eSlCwnEIjVt,1881,1915
AG-caughnawaga-agency,CAUGHNAWAGA AGENCY,AGENCY,http://id.lincsproject.ca/HoQMrM85zqO,1880,1915
AG-queen-charlotte-agency,QUEEN CHARLOTTE AGENCY,AGENCY,http://id.lincsproject.ca/wOdb55fBZin,1911,1915
AG-st-regis-agency,ST. REGIS AGENCY,AGENCY,http://id.lincsproject.ca/8FIod6dsZR0,1880,1915
AG-new-westminster-agency,NEW WESTMINSTER AGENCY,AGENCY,http://id.lincsproject.ca/GH9ztDmKqyv,1911,1915
AG-bella-coola-agency,BELLA COOLA AGENCY,AGENCY,http://id.lincsproject.ca/hWrCMJTRA6X,1910,1915
AG-kamloops-agency,KAMLOOPS AGENCY,AGENCY,http://id.lincsproject.ca/zuNX8HgQULa,1881,1915
AG-muscowpetung-s-agency,MUSCOWPETUNG'S AGENCY,AGENCY,http://id.lincsproject.ca/0sC0Me3kI3X,1886,1898
AG-nass-agency,NASS AGENCY,AGENCY,http://id.lincsproject.ca/1R8phJAe8q0,1910,1915
AG-lesser-slave-lake-agency,LESSER SLAVE LAKE AGENCY,AGENCY,http://id.lincsproject.ca/fSZqS8XNpZL,1909,1915
AG-maria-agency,MARIA AGENCY,AGENCY,http://id.lincsproject.ca/TN0vNDuE2rk,1884,1914
AG-stony-agency,STONY AGENCY,AGENCY,http://id.lincsproject.ca/OLdGcjiYfRb,1901,1913
AG-touchwood-agency,TOUCHWOOD AGENCY,AGENCY,http://id.lincsproject.ca/cjNtpU1Pggb,1901,1915
AG-file-hills-agency,FILE HILLS AGENCY,AGENCY,http://id.lincsproject.ca/XPFmnc02uBL,1894,1910
AG-swan-river-agency,SWAN RIVER AGENCY,AGENCY,http://id.lincsproject.ca/KnyDXnHOEkW,1895,1900
AG-fisher-river-agency,FISHER RIVER AGENCY,AGENCY,http://id.lincsproject.ca/Cz4BhQuZa91,1913,1915
AG-norway-house-agency,NORWAY HOUSE AGENCY,AGENCY,http://id.lincsproject.ca/zivBKJqEtGL,1910,1915
AG-lytton-agency,LYTTON AGENCY,AGENCY,http://id.lincsproject.ca/2XSd2XghDg6,1911,1915
AG-griswold-agency,GRISWOLD AGENCY,AGENCY,http://id.lincsproject.ca/ZBYt1zEsgz4,1912,1915
AG-peace-hills-agency,PEACE HILLS AGENCY,AGENCY,http://id.lincsproject.ca/zovgJm5OLM4,1885,1888
AG-stuart-lake-agency,STUART LAKE AGENCY,AGENCY,http://id.lincsproject.ca/U8YX75befKw,1912,1915
AG-chapleau-agency,CHAPLEAU AGENCY,AGENCY,http://id.lincsproject.ca/9873BpRAkVU,1911,1915
AG-fort-frances-agency,FORT FRANCES AGENCY,AGENCY,http://id.lincsproject.ca/bcSL0V8ilfF,1914,1915
AG-restigouche-agency,RESTIGOUCHE AGENCY,AGENCY,http://id.lincsproject.ca/jGBCjIXbIsn,1884,1915
AG-williams-lake-agency,WILLIAMS' LAKE AGENCY,AGENCY,http://id.lincsproject.ca/8aTzYVYocjm,1885,1889
AG-stikine-agency,STIKINE AGENCY,AGENCY,http://id.lincsproject.ca/VvOiv1PdzUe,1909,1915
AG-fort-simpson-agency,FORT SIMPSON AGENCY,AGENCY,http://id.lincsproject.ca/QTw59bqoG4m,1914,1915
AG-maniwaki-agency,MANIWAKI AGENCY,AGENCY,http://id.lincsproject.ca/jTw9HC96Mau,1914,1915
AG-oka-agency,OKA AGENCY,AGENCY,http://id.lincsproject.ca/8AnzFmlQZmC,1914,1915
AG-fort-smith-agency,FORT SMITH AGENCY,AGENCY,http://id.lincsproject.ca/vSs3yLNiMq4,1914,1915
AG-williams-lake-agency,"WILLIAMS LAKE, AGENCY",AGENCY,http://id.lincsproject.ca/8aTzYVYocjm,1891,1895
AG-six-nations-agency,SIX NATIONS AGENCY,AGENCY,http://id.lincsproject.ca/olGtoGkCe1c,1914,1915
AG-sioux-agency,SIOUX AGENCY,AGENCY,http://id.lincsproject.ca/HDvqAqzWGxd,1909,1910
AG-bersimis-agency,BERSIMIS AGENCY,AGENCY,http://id.lincsproject.ca/Z1My5CabaJ9,1913,1915
AG-mingan-agency,MINGAN AGENCY,AGENCY,http://id.lincsproject.ca/N0XIT1q4xAJ,1912,1913
AG-christian-island-agency,CHRISTIAN ISLAND AGENCY,AGENCY,http://id.lincsproject.ca/TjAi64cYqY2,1914,1915
AG-pierreville-agency,PIERREVILLE AGENCY,AGENCY,http://id.lincsproject.ca/ctwA5FeGEKe,1914,1915
AG-fort-pelly-agency,FORT PELLY AGENCY,AGENCY,http://id.lincsproject.ca/6WDNDU12ZSJ,1892,1892
AG-mississaguas-of-the-credit-agency,MISSISSAGUAS OF THE CREDIT AGENCY,AGENCY,http://id.lincsproject.ca/aPZQ8o6eUAX,1914,1914
AG-caradoc-agency,CARADOC AGENCY,AGENCY,http://id.lincsproject.ca/WlzG5piniey,1915,1915
AG-chapleau-agency,"CHAPLEAU, AGENCY",AGENCY,http://id.lincsproject.ca/9873BpRAkVU,1912,1912
AG-pointe-bleue-agency,POINTE BLEUE AGENCY,AGENCY,http://id.lincsproject.ca/0wW7fcrnKIb,1915,1915
AG-peigan-agency,"PEIGAN, AGENCY",AGENCY,http://id.lincsproject.ca/eP45kbXhGZo,1904,1904
