name,label,group,first_year,last_year,n_years
ASSINIBOINE AGENCY,Assiniboine,http://id.lincsproject.ca/uHpXmbg9zxY,1886.0,1915.0,11.0
BABINE AGENCY,Babine,http://id.lincsproject.ca/jl4hbWgu1vi,1893.0,1915.0,4.0
BATTLEFORD AGENCY,Battleford,http://id.lincsproject.ca/LTggUMEvLmt,1896.0,1915.0,13.0
BATTLEFORD INSPECTORATE,Battleford,http://id.lincsproject.ca/LTggUMEvLmt,1898.0,1905.0,7.0
BELLA COOLA AGENCY,Bella Coola,http://id.lincsproject.ca/hWrCMJTRA6X,1910.0,1915.0,6.0
BERSIMIS AGENCY,Bersimis,http://id.lincsproject.ca/Z1My5CabaJ9,1915.0,1915.0,1.0
BIRTLE AGENCY,Birtle,http://id.lincsproject.ca/QQ5eEiMoEq9,1889.0,1915.0,10.0
BLACKFOOT AGENCY,Blackfoot,http://id.lincsproject.ca/rfx8yZUrjkh,1889.0,1915.0,11.0
BLOOD AGENCY,Blood,http://id.lincsproject.ca/2EChJkPZ4LC,1887.0,1915.0,11.0
CAPE CROKER AGENCY,Cape Croker,http://id.lincsproject.ca/7luJdarb7di,1883.0,1915.0,4.0
CARADOC AGENCY,Caradoc,http://id.lincsproject.ca/WlzG5piniey,1915.0,1915.0,1.0
CARLTON AGENCY,Carlton,http://id.lincsproject.ca/8MWD2pGOkf7,1896.0,1915.0,10.0
CAUGHNAWAGA AGENCY,Caughnawaga,http://id.lincsproject.ca/HoQMrM85zqO,1880.0,1915.0,6.0
CHAPLEAU AGENCY,Chapleau,http://id.lincsproject.ca/9873BpRAkVU,1911.0,1915.0,4.0
"CHAPLEAU, AGENCY",Chapleau,http://id.lincsproject.ca/9873BpRAkVU,1912.0,1912.0,1.0
CHRISTIAN ISLAND AGENCY,Christian Island,http://id.lincsproject.ca/TjAi64cYqY2,1914.0,1915.0,2.0
CLANDEBOYE AGENCY,Clandeboye,http://id.lincsproject.ca/4bSqmrz4A5w,1886.0,1915.0,8.0
COWICHAN AGENCY,Cowichan,http://id.lincsproject.ca/69M2orakOyW,1881.0,1915.0,25.0
CROOKED LAKE AGENCY,Crooked Lake,http://id.lincsproject.ca/YYTAYRvW9QL,1907.0,1915.0,9.0
DUCK LAKE AGENCY,Duck Lake,http://id.lincsproject.ca/LWSjqgVNySA,1888.0,1915.0,8.0
EDMONTON AGENCY,Edmonton,http://id.lincsproject.ca/HHLTzzUEgWV,1906.0,1915.0,9.0
FILE HILLS AGENCY,File Hills,http://id.lincsproject.ca/XPFmnc02uBL,1910.0,1910.0,1.0
FISHER RIVER AGENCY,Fisher River,http://id.lincsproject.ca/Cz4BhQuZa91,1913.0,1915.0,3.0
FORT FRANCES AGENCY,Fort Frances,http://id.lincsproject.ca/bcSL0V8ilfF,1914.0,1915.0,2.0
FORT PELLY AGENCY,Fort Pelly,http://id.lincsproject.ca/6WDNDU12ZSJ,1892.0,1892.0,1.0
FORT SIMPSON AGENCY,Fort Simpson,http://id.lincsproject.ca/QTw59bqoG4m,1914.0,1915.0,2.0
FORT SMITH AGENCY,Fort Smith,http://id.lincsproject.ca/vSs3yLNiMq4,1914.0,1915.0,2.0
GOLDEN LAKE AGENCY,Golden Lake,http://id.lincsproject.ca/6ZpmKq73vmK,1899.0,1915.0,12.0
GORE BAY AGENCY,Gore Bay,http://id.lincsproject.ca/E21TkvbvmAA,1899.0,1915.0,14.0
GRISWOLD AGENCY,Griswold,http://id.lincsproject.ca/ZBYt1zEsgz4,1912.0,1915.0,4.0
HOBBEMA AGENCY,Hobbema,http://id.lincsproject.ca/F0JUD2DAE1X,1894.0,1915.0,10.0
KAMLOOPS AGENCY,Kamloops,http://id.lincsproject.ca/zuNX8HgQULa,1882.0,1915.0,6.0
KENORA AND SAVANNE AGENCY,Kenora and Savanne,http://id.lincsproject.ca/vFKAm0wmlLp,1915.0,1915.0,1.0
KOOTENAY AGENCY,Kootenay,http://id.lincsproject.ca/iR6OtI29BKP,1894.0,1915.0,19.0
KWAWKEWLTH AGENCY,Kwawkewlth,http://id.lincsproject.ca/VUqezb5zX3H,1884.0,1915.0,21.0
KWAW-KEWLTH AGENCY,Kwawkewlth,http://id.lincsproject.ca/VUqezb5zX3H,1887.0,1889.0,2.0
LESSER SLAVE LAKE AGENCY,Lesser Slave Lake,http://id.lincsproject.ca/fSZqS8XNpZL,1909.0,1915.0,6.0
LYTTON AGENCY,Lytton,http://id.lincsproject.ca/2XSd2XghDg6,1911.0,1915.0,4.0
MANITOWANING AGENCY,Manitowaning,http://id.lincsproject.ca/RnDWTpbxzQl,1899.0,1915.0,14.0
MANIWAKI AGENCY,Maniwaki,http://id.lincsproject.ca/jTw9HC96Mau,1914.0,1915.0,2.0
MARIA AGENCY,Maria,http://id.lincsproject.ca/TN0vNDuE2rk,1884.0,1914.0,5.0
MINGAN AGENCY,Mingan,http://id.lincsproject.ca/N0XIT1q4xAJ,1912.0,1913.0,2.0
MISSISSAGUAS OF THE CREDIT AGENCY,Mississaguas of the Credit,http://id.lincsproject.ca/aPZQ8o6eUAX,1914.0,1914.0,1.0
MOOSE MOUNTAIN AGENCY,Moose Mountain,http://id.lincsproject.ca/1tagcOwxwVx,1907.0,1915.0,9.0
NASS AGENCY,Nass,http://id.lincsproject.ca/1R8phJAe8q0,1910.0,1915.0,6.0
NEW WESTMINSTER AGENCY,New Westminster,http://id.lincsproject.ca/GH9ztDmKqyv,1911.0,1915.0,5.0
NORWAY HOUSE AGENCY,Norway House,http://id.lincsproject.ca/zivBKJqEtGL,1910.0,1915.0,4.0
OKA AGENCY,Oka,http://id.lincsproject.ca/8AnzFmlQZmC,1914.0,1915.0,2.0
OKANAGAN AGENCY,Okanagan,http://id.lincsproject.ca/eSlCwnEIjVt,1885.0,1915.0,6.0
ONION LAKE AGENCY,Onion Lake,http://id.lincsproject.ca/gBj4ley7kpC,1891.0,1915.0,8.0
PEACE HILLS AGENCY,Peace Hills,http://id.lincsproject.ca/zovgJm5OLM4,1885.0,1885.0,1.0
PEIGAN AGENCY,Peigan,http://id.lincsproject.ca/eP45kbXhGZo,1889.0,1914.0,10.0
PELLY AGENCY,Pelly,http://id.lincsproject.ca/QpY7y5ByWJP,1907.0,1915.0,8.0
PIERREVILLE AGENCY,Pierreville,http://id.lincsproject.ca/ctwA5FeGEKe,1914.0,1915.0,2.0
POINTE BLEUE AGENCY,Pointe Bleue,http://id.lincsproject.ca/0wW7fcrnKIb,1915.0,1915.0,1.0
PORTAGE LA PRAIRIE AND MANITOWAPAH AGENCY,Portage la Prairie and Manitowapah,http://id.lincsproject.ca/hqMwkEPxHQN,1900.0,1900.0,1.0
QU'APPELLE INSPECTORATE,Qu'Appelle,http://id.lincsproject.ca/d8MGZB8czI2,1898.0,1905.0,6.0
QU'APPELLE AGENCY,Qu'Appelle,http://id.lincsproject.ca/d8MGZB8czI2,1907.0,1915.0,7.0
QUEEN CHARLOTTE AGENCY,Queen Charlotte,http://id.lincsproject.ca/wOdb55fBZin,1911.0,1915.0,5.0
RESTIGOUCHE AGENCY,Restigouche,http://id.lincsproject.ca/jGBCjIXbIsn,1884.0,1915.0,3.0
SADDLE LAKE AGENCY,Saddle Lake,http://id.lincsproject.ca/ZIydwO9oUOv,1907.0,1914.0,5.0
SARCEE AGENCY,Sarcee,http://id.lincsproject.ca/Q2I35KjvrmU,1906.0,1915.0,9.0
SIOUX AGENCY,Sioux,http://id.lincsproject.ca/HDvqAqzWGxd,1909.0,1910.0,2.0
SIX NATIONS AGENCY,Six Nations,http://id.lincsproject.ca/GyTKwlIfnSD,1914.0,1915.0,2.0
ST. REGIS AGENCY,St. Regis,http://id.lincsproject.ca/8FIod6dsZR0,1880.0,1915.0,7.0
STIKINE AGENCY,Stikine,http://id.lincsproject.ca/VvOiv1PdzUe,1909.0,1915.0,3.0
STONY AGENCY,Stony,http://id.lincsproject.ca/OLdGcjiYfRb,1908.0,1913.0,3.0
STUART LAKE AGENCY,Stuart Lake,http://id.lincsproject.ca/U8YX75befKw,1912.0,1915.0,3.0
STURGEON FALLS AGENCY,Sturgeon Falls,http://id.lincsproject.ca/uCVT560W0aA,1904.0,1915.0,10.0
SWAN RIVER AGENCY,Swan River,http://id.lincsproject.ca/KnyDXnHOEkW,1895.0,1895.0,1.0
THESSALON AGENCY,Thessalon,http://id.lincsproject.ca/pMac9Lu2krM,1899.0,1915.0,11.0
TIMISKAMING AGENCY,Timiskaming,http://id.lincsproject.ca/TVDljxuyX6o,1903.0,1915.0,12.0
TOUCHWOOD AGENCY,Touchwood,http://id.lincsproject.ca/cjNtpU1Pggb,1912.0,1915.0,4.0
TOUCHWOOD HILLS AGENCY,Touchwood Hills,http://id.lincsproject.ca/twz0gkC9t5Q,1893.0,1915.0,7.0
WALPOLE ISLAND AGENCY,Walpole Island,http://id.lincsproject.ca/vAj2XJxKV4r,1884.0,1914.0,27.0
WEST COAST AGENCY,West Coast,http://id.lincsproject.ca/nTptLcdEZd5,1883.0,1915.0,25.0
WILLIAMS LAKE AGENCY,Williams Lake,http://id.lincsproject.ca/8aTzYVYocjm,1886.0,1915.0,17.0
WILLIAMS' LAKE AGENCY,Williams Lake,http://id.lincsproject.ca/8aTzYVYocjm,1885.0,1889.0,3.0
WILLIAM'S LAKE AGENCY,Williams Lake,http://id.lincsproject.ca/8aTzYVYocjm,1884.0,1884.0,1.0
WILLIAM'S LAKE. AGENCY,Williams Lake,http://id.lincsproject.ca/8aTzYVYocjm,1893.0,1893.0,1.0
"WILLIAMS LAKE, AGENCY",Williams Lake,http://id.lincsproject.ca/8aTzYVYocjm,1895.0,1895.0,1.0
