queue,curated_id,name,province,qid,detail,score
ambiguous,BAND-chippewas-and-pottawattamies-of-walpole-island,Chippewas and Pottawattamies of Walpole island,ONTARIO,Q3593256,Pottawattamies of Walpole Island [band_c01841] (0.80); Chippewas of Walpole Island [band_c01807] (0.71); Chippewas of Georgina and Snake Island [band_c01829] (0.53),0.8
ambiguous,BAND-opetchisaht,Opetchisaht,BRITISH COLUMBIA,Q1638330,Opet-ches-aht [band_c00357] (0.80); Opitchisaht [band_c00471] (0.80); Opitchesaht [band_c00406] (0.60),0.8
ambiguous,BAND-lower-kootenay,Lower Kootenay,BRITISH COLUMBIA,Q6693555,Upper Kootenay - [band_c00329] (0.77); Lower Kootenay (Flat Bow) [band_c00120] (0.74); Arrow Lake (West Kootenay) [band_c00115] (0.56),0.769
ambiguous,BAND-squiala-band,Squiala band,BRITISH COLUMBIA,Q7582237,Squiahla [band_c00770] (0.77); Sqiala [band_c00904] (0.73); Hesquiat [band_c00440] (0.62),0.769
ambiguous,BAND-neskainlith-halaut,Neskainlith Halaut,BRITISH COLUMBIA,Q6997403,Niskainlish (Halaut) [band_c00175] (0.76); Neskainlith [band_c00469] (0.74); Halaut [band_c00170] (0.45),0.765
ambiguous,BAND-kitseguecla,Kitseguecla,BRITISH COLUMBIA,Q5565145,Kits-se-quec-la [band_c00295] (0.76); Kitsegukla [band_c00151] (0.74); Kit-se-las [band_c00524] (0.59),0.762
ambiguous,BAND-shawanaga-band-of-ojibbewas-of-lake-huron,Shawanaga band of Ojibbewas of Lake Huron,ONTARIO,Q20710104,"Ojibbewas of Lake Huron, at - [band_c01847] (0.75); Ojibbewas of Lake Superior, at - [band_c01862] (0.52); Ojibbewas, Metagami [band_c01953] (0.48)",0.745
ambiguous,BAND-mississaguas-of-rice-mud-and-scugog-lakes,"Mississaguas of Rice, Mud and Scugog Lakes",ONTARIO,,Mississaguas of Rice Lake [band_c01864] (0.72); Mississaguas Rice Lake [band_c01901] (0.72); Mississaguas of Mud Lake [band_c01872] (0.70),0.724
ambiguous,BAND-micmac-eel-ground-band,"Micmac, Eel Ground band",NEW BRUNSWICK,Q374966,Eel Ground [band_c01314] (0.72); Micmacs of - [band_c01277] (0.45); Micmacs of Westmorland County at: - [band_c01296] (0.36),0.72
ambiguous,BAND-namaiah-valley,Namaiah Valley,BRITISH COLUMBIA,Q8043470,Nemiah Valley [band_c00300] (0.72); Mah-ma-lil-le-kullah [band_c00193] (0.36); Anaham [band_c00788] (0.33),0.72
ambiguous,BAND-chippewas-of-the-thames-and-munsees,Chippewas of the Thames and Munsees,ONTARIO,Q16209362,Chippewas of the Thames [band_c01837] (0.71); Munsees of the Thames [band_c01917] (0.65); Chippewas of Rama [band_c01818] (0.50),0.714
ambiguous,BAND-kemsquit,Kemsquit,BRITISH COLUMBIA,,Kimsquit [band_c00714] (0.71); Kinisquit [band_c00629] (0.53); Kinisquitt [band_c00519] (0.50),0.714
ambiguous,BAND-owekano,Owekano,BRITISH COLUMBIA,Q8039108,Oweekayno [band_c00096] (0.71); O-wee-kay-no [band_c00405] (0.71); Bella Oweekayno [band_c00284] (0.50),0.714
ambiguous,BAND-quatsino,Quatsino,BRITISH COLUMBIA,Q475072,Kwatsino [band_c00642] (0.71); Squatits [band_c00768] (0.57); Squattets [band_c00675] (0.53),0.714
ambiguous,BAND-soowali-band,Soowali band,BRITISH COLUMBIA,Q7562794,Soowahlie [band_c00588] (0.71); Tsoo-wah-lie [band_c00422] (0.67); Skowall [band_c00846] (0.50),0.714
ambiguous,BAND-squamish,Squamish,BRITISH COLUMBIA,Q7581946,"Misqueam [band_c00737] (0.71); Squamish-Howe Sound [band_c00220] (0.58); Squamish, Howe Sound [band_c00183] (0.56)",0.714
ambiguous,BAND-quawshelah,Quawshelah,BRITISH COLUMBIA,Q5623377,Kwaw-she-la [band_c00396] (0.71); Kwawshela [band_c00643] (0.71); Ewashela [band_c00706] (0.50),0.706
ambiguous,BAND-kootenay,Kootenay,BRITISH COLUMBIA,Q5149748,Upper Kootenay - [band_c00329] (0.70); Kootenay Agency [band_c00172] (0.67); Lower Kootenay (Flat Bow) [band_c00120] (0.48),0.7
ambiguous,BAND-boothroyd-chomok-band,"Boothroyd, Chomok Band",BRITISH COLUMBIA,Q4943947,Boothroyd [band_c00147] (0.70); Boothroyds [band_c00501] (0.67); Chomok [band_c00333] (0.50),0.696
ambiguous,BAND-boothroyd-chomok-band-2,"Boothroyd, Chomok band",BRITISH COLUMBIA,Q4943947,Boothroyd [band_c00147] (0.70); Boothroyds [band_c00501] (0.67); Chomok [band_c00333] (0.50),0.696
ambiguous,BAND-iroquois-of-sault-st-louis-and-iroquois-of-lake-of,"Iroquois of Sault St. Louis, and Iroquois of Lake of Two Mountains",QUEBEC,,Iroquois and Algonquins of the Lake of Two Mountains [band_c02934] (0.69); Lake of Two Mountains Agency [band_c02970] (0.49); Iroquois of St. Regis [band_c03044] (0.34),0.695
ambiguous,BAND-turnour-island,Turnour Island,BRITISH COLUMBIA,Q16259604,Saturna Island [band_c00326] (0.69); Galiano Island [band_c00312] (0.54); Maria Island [band_c00401] (0.50),0.692
ambiguous,BAND-chilliwack-kwaw-kwaw-a-pilt-band,"Chilliwack, Kwaw-kwaw-a-pilt band",BRITISH COLUMBIA,Q6450270,Kwawkwawapilt [band_c00296] (0.69); Kwaw-kwaw-apiet [band_c00297] (0.57); Kwaw-kwaw-apiet 16 [band_c00233] (0.53),0.686
ambiguous,BAND-gilford-island-tsah-waw-ti-neuch,Gilford Island; Tsah-waw-ti-neuch,BRITISH COLUMBIA,Q1794947,Tsah-waw-ti-neuch [band_c00260] (0.68); Tsa-waw-ti-e-neuk [band_c00259] (0.51); Tsa-waw-tie-neuk [band_c00280] (0.48),0.681
ambiguous,BAND-amalecites-of-isle-verte-and-viger,Amalecites of Isle Verte and Viger,QUEBEC,Q27663838,Amalecites of Viger [band_c03047] (0.67); Amalecites of Témiscouata [band_c02994] (0.47); Little Whale River [band_c03056] (0.34),0.667
ambiguous,BAND-chippewas-of-saugeen-and-cape-croker,Chippewas of Saugeen and Cape Croker,ONTARIO,Q56273745,Chippewas of Saugeen [band_c01923] (0.67); Cape Croker Agency [band_c01945] (0.53); Chippewas of Snake Island [band_c01867] (0.53),0.667
ambiguous,BAND-hagwilget,Hagwilget,BRITISH COLUMBIA,Q5638859,Hagwilget Village [band_c00230] (0.67); Rocher Deboulé (Hagwilget) [band_c00116] (0.52); Gwinaha [band_c00799] (0.43),0.667
ambiguous,BAND-micmac-red-bank-band,"Micmac, Red Bank band",NEW BRUNSWICK,Q3307345,Red Bank [band_c01320] (0.67); Micmacs of - [band_c01277] (0.50); Micmacs of Restigouche County at: - [band_c01295] (0.33),0.667
ambiguous,BAND-pemberton,Pemberton,BRITISH COLUMBIA,Q6547392,Pemberton Meadows [band_c00254] (0.67); Penticton [band_c00215] (0.38); Pen-tic-ton [band_c00474] (0.38),0.667
ambiguous,BAND-saugeen-and-cape-croker-bands,Saugeen and Cape Croker bands,ONTARIO,,Cape Croker Agency [band_c01945] (0.67); Saugeen Agency [band_c02041] (0.46); Chippewas of Saugeen [band_c01923] (0.37),0.667
ambiguous,BAND-algonquins-and-tete-de-boule,Algonquins and Téte de Boule,QUEBEC,,Algonquins of Bouchette [band_c03009] (0.65); Algonquins of Bowman [band_c03041] (0.60); Têtes de Boule [band_c03076] (0.60),0.652
ambiguous,BAND-tsimpsean-metlakatla,"Tsimpsean, Metlakatla",BRITISH COLUMBIA,Q6824171,Metlakatla [band_c00466] (0.64); Metlakata [band_c00651] (0.52); Metlakabla [band_c00539] (0.50),0.643
ambiguous,BAND-clayoquot-ahousaht-band,"Clayoquot, Ahousaht band",BRITISH COLUMBIA,Q402605,Clayoquot [band_c00602] (0.64); Ahousaht [band_c00594] (0.58); Ahous-aht [band_c00595] (0.58),0.64
ambiguous,BAND-micmacs-of-bathurst,Micmacs of Bathurst,NEW BRUNSWICK,,Bathurst [band_c01318] (0.64); Micmacs of - [band_c01277] (0.57); Micmacs of Restigouche County at: - [band_c01295] (0.42),0.636
ambiguous,BAND-micmacs-big-cove-band,"Micmacs, Big Cove band",NEW BRUNSWICK,Q3051769,Big Cove [band_c01319] (0.64); Micmacs of - [band_c01277] (0.57); Micmacs of Restigouche County at: - [band_c01295] (0.47),0.636
ambiguous,BAND-north-thompson-and-canoe-lake,North Thompson and Canoe Lake,BRITISH COLUMBIA,Q7520605,"North Thompson [band_c00081] (0.63); North Thompson (Cukcugualk) [band_c00108] (0.58); Anderson Lake, No. 1 [band_c00224] (0.49)",0.634
ambiguous,BAND-kitseguelca,Kitseguelca,BRITISH COLUMBIA,Q5565145,Kitsegukla [band_c00151] (0.63); Kit-se-las [band_c00524] (0.59); Kitselas [band_c00721] (0.59),0.632
ambiguous,BAND-siska-flat,Siska Flat,BRITISH COLUMBIA,Q7530848,Kanaka Flat [band_c00618] (0.63); Siska [band_c00277] (0.62); Nzis-kat [band_c00891] (0.53),0.632
ambiguous,BAND-trembleur-lake,Trembleur Lake,BRITISH COLUMBIA,Q7810678,"Tsis-tlain-li (Lake Trembleur) [band_c00087] (0.63); Tsisthainh, (Lac Trembleur) [band_c00123] (0.56); Tsisthainli (Lac Trembleur) [band_c00112] (0.54)",0.632
ambiguous,BAND-adams-lake-sabhaltkum-band,"Adams Lake, Sabhaltkum band",BRITISH COLUMBIA,Q4680374,Adams Lake [band_c00496] (0.62); Adam's Lake [band_c00164] (0.60); Haltkum [band_c00803] (0.46),0.621
ambiguous,BAND-adams-lake-sahhaltkum-band,"Adams Lake, Sahhaltkum band",BRITISH COLUMBIA,Q4680374,Adams Lake [band_c00496] (0.62); Adam's Lake [band_c00164] (0.60); Haltkum [band_c00803] (0.46),0.621
ambiguous,BAND-clayoquot-manhauset-band,"Clayoquot, Manhauset band",BRITISH COLUMBIA,,Clayoquot [band_c00602] (0.62); Coquet-lane [band_c00433] (0.43); Massett Haida Nation [band_c00194] (0.33),0.615
ambiguous,BAND-harrison-river,Harrison River,BRITISH COLUMBIA,Q13631965,Harrison Mouth [band_c00315] (0.62); Salmon River [band_c00114] (0.58); Nomads Nelson River [band_c00077] (0.52),0.615
ambiguous,BAND-nahwitti,Nahwitti,BRITISH COLUMBIA,Q7810722,Nuwitti [band_c00746] (0.62); Nitinaht [band_c00653] (0.57); Nitten-aht [band_c00543] (0.53),0.615
ambiguous,BAND-hazelton,Hazelton,BRITISH COLUMBIA,Q5565057,Get-an-max (Hazelton) [band_c00208] (0.61); Git-au-max (Hazelton) [band_c00209] (0.61); Getanmax (Hazelton) [band_c00241] (0.61),0.609
ambiguous,BAND-fort-rupert-kwawkewlth,"Fort Rupert, Kwawkewlth",BRITISH COLUMBIA,Q16948012,Kwawkewlth [band_c00248] (0.60); Xwawkewlth [band_c00593] (0.53); Kwa-A-kewlth [band_c00394] (0.50),0.6
ambiguous,BAND-kitasoo,Kitasoo,BRITISH COLUMBIA,Q6417896,Kitax [band_c00912] (0.60); Kitasoo (China Hat) [band_c00247] (0.55); Kittak [band_c00886] (0.55),0.6
ambiguous,BAND-tanock-teuch-and-ahwaheet-tlala-bands,Tanock-teuch and Ahwaheet-tlala bands,BRITISH COLUMBIA,,Ah-wah-eet-tla-la [band_c00239] (0.60); Ta-nock-teuch [band_c00365] (0.53); Nooch-alh-laht [band_c00323] (0.39),0.6
no_match,BAND-temiscaming-band-ottawas-and-algonquins,"Temiscaming band, Ottawas and Algonquins",QUEBEC,Q27691990,"Algonquins of Timiskaming [band_c02993] (0.59); Algonquins of Doncaster [band_c03011] (0.50); Algonquins of Hartwell, County of Ottawa [band_c02946] (0.49)",0.593
no_match,BAND-nahkwockto,Nahkwockto,BRITISH COLUMBIA,Q5623217,Na-knock-to [band_c00468] (0.59); Nakwakto [band_c00542] (0.50); Kwe-ah-kah [band_c00532] (0.38),0.588
no_match,BAND-village-island,Village Island,BRITISH COLUMBIA,Q16212986,"Mayne Island [band_c00402] (0.58); Tsis-tlatho Village [band_c00223] (0.53); Gabriola, Island [band_c00291] (0.52)",0.583
no_match,BAND-hurons-of-lake-huron,Hurons of Lake Huron,ONTARIO,Q120756124,"Ojibbewas of Lake Huron, at - [band_c01847] (0.58); Cross Lake [band_c02175] (0.48); Sturgeon Lake [band_c02080] (0.43)",0.579
no_match,BAND-ottawas-and-chippewas-of-lake-huron,Ottawas and Chippewas of Lake Huron,ONTARIO,,"Chippewas of Snake Island [band_c01867] (0.58); Ojibbewas of Lake Huron, at - [band_c01847] (0.57); Chippewas of Kettle and Stony Points [band_c01804] (0.54)",0.577
no_match,BAND-ahtsalitz-band,Ahtsalitz band,BRITISH COLUMBIA,Q4699291,Tsesaht [band_c00871] (0.57); Kitsalas [band_c00633] (0.53); Tsah-wit-ook [band_c00420] (0.47),0.571
no_match,BAND-lakelse,Lakelse,BRITISH COLUMBIA,,Kelsemaht [band_c00619] (0.57); Kelsemart [band_c00620] (0.57); Seton Lake [band_c00217] (0.53),0.571
no_match,BAND-we-way-akay-band,We-way-akay band,BRITISH COLUMBIA,Q7977815,O-wee-kay-no [band_c00405] (0.57); Wewayakay or Cape Mudge [band_c00144] (0.53); Wewaiaikai [band_c00202] (0.47),0.571
no_match,BAND-tsimpsean-pt-simpson-and-metlakatla,"Tsimpsean, Pt. Simpson and Metlakatla",BRITISH COLUMBIA,,Fort Simpson Tsimsean Nation [band_c00080] (0.56); Metlakatla [band_c00466] (0.42); Port Simpson [band_c00381] (0.36),0.556
no_match,BAND-nanoose,Nanoose,BRITISH COLUMBIA,Q1964686,Toosey [band_c00419] (0.55); Cla-hoose [band_c00601] (0.46); Klahoose [band_c00722] (0.46),0.545
no_match,BAND-chemainus-and-sickameen-bands,Chemainus and Sickameen bands,BRITISH COLUMBIA,Q1069178,Sick-a-meen [band_c00486] (0.53); Nkamcheen [band_c00156] (0.40); Sic-ca-meen [band_c00485] (0.40),0.533
no_match,BAND-clayoquot-kelsemart-b-d,"Clayoquot, Kelsemart b'd",BRITISH COLUMBIA,,Clayoquot [band_c00602] (0.53); Kelsemart [band_c00620] (0.53); Kelsemaht [band_c00619] (0.40),0.533
no_match,BAND-clayoquot-klesemart-b-d,"Clayoquot, Klesemart b'd",BRITISH COLUMBIA,,Clayoquot [band_c00602] (0.53); Kelsemart [band_c00620] (0.33); Arrow Lake (West Kootenay) [band_c00115] (0.31),0.533
no_match,BAND-esperanza-inlet-nuchatl-itz,"Esperanza Inlet, Nuchatl-itz",BRITISH COLUMBIA,Q2004099,"Nuchatlitz [band_c00546] (0.53); Burrard Inlet, No. 3 Reserve [band_c00095] (0.40); Rivers Inlet (Owekano) [band_c00157] (0.36)",0.529
no_match,BAND-montagnais-of-lake-st-john-and-tadousac,Montagnais of Lake St. John and Tadousac,QUEBEC,Q27691982,Lake St. John Agency [band_c03053] (0.53); Lake St. John [band_c02987] (0.48); Iroquois and Algonquins of the Lake of Two Mountains [band_c02934] (0.47),0.528
no_match,BAND-chippewas-of-chenail-ecarte-and-st-clair,Chippewas of Chenail Ecarté and St. Clair,ONTARIO,Q6395525,Chippewas of Snake Island [band_c01867] (0.53); Chippewas of Georgina and Snake Island [band_c01829] (0.49); Chippewas of Kettle and Stony Points [band_c01804] (0.47),0.526
no_match,BAND-mahteelthpe,Mahteelthpe,BRITISH COLUMBIA,,Kel-seem-aht [band_c00388] (0.53); Mah-tee-cetp [band_c00400] (0.53); Mateelpi [band_c00736] (0.47),0.526
no_match,BAND-amalecite,Amalecite,NEW BRUNSWICK,,Amalecites of St. John County [band_c01282] (0.50); Amalecites of York County at: - [band_c01291] (0.50); Amalecites of Charlotte County [band_c01280] (0.47),0.5
no_match,BAND-beecher-bay,Beecher Bay,BRITISH COLUMBIA,Q814008,Cheerno [band_c00205] (0.50); Che-erno [band_c00696] (0.50); Sechelt [band_c00753] (0.38),0.5
no_match,BAND-chemainus-halalt-band,Chemainus Halalt band,BRITISH COLUMBIA,Q1570220,Hal-alt [band_c00801] (0.50); Halalt [band_c00881] (0.50); Hel-lalt [band_c00710] (0.38),0.5
no_match,BAND-chilliwack-skul-kayn-and-ya-kwe-a-kwi-oose-bands,"Chilliwack, Skul-kayn and Ya-kwe-a-kwi-oose bands",BRITISH COLUMBIA,Q16916304,Yakweakwioose [band_c00282] (0.50); Yu-kwea-kwi-oose [band_c00281] (0.43); Yahweakwioose [band_c00368] (0.42),0.5
no_match,BAND-chippewas-of-lakes-couchiching-simcoe-and-huron,"Chippewas of Lakes Couchiching, Simcoe and Huron",ONTARIO,,Chippewas of Snake Island [band_c01867] (0.50); Chippewas of Georgina and Snake Island [band_c01829] (0.49); Chippewas of Kettle and Stony Points [band_c01804] (0.48),0.5
no_match,BAND-esperanza-inlet-ehatisaht-band,"Esperanza Inlet, Ehatisaht band",BRITISH COLUMBIA,Q1299238,Ehatisaht [band_c00507] (0.50); Ehatt-is-aht [band_c00380] (0.48); Rivers Inlet (Owekano) [band_c00157] (0.37),0.5
no_match,BAND-kitselas-kitsumkelum-and-others-indians,"Kitselas, Kitsumkelum and others Indians",BRITISH COLUMBIA,,Kitsumkelum [band_c00454] (0.50); Kitsumkalum [band_c00075] (0.40); Kit-se-las [band_c00524] (0.38),0.5
no_match,BAND-nass-river,Nass River,BRITISH COLUMBIA,,Salmon River [band_c00114] (0.50); Bridge River [band_c00373] (0.50); Nomads Nelson River [band_c00077] (0.44),0.5
no_match,BAND-saanich,Saanich,BRITISH COLUMBIA,,Saraahquani [band_c00481] (0.50); Cowichan Nation:- [band_c00288] (0.46); Quamichan [band_c00556] (0.43),0.5
no_match,BAND-we-way-akum-and-kew-ahkah-bands,We-way-akum and Kew-ahkah bands,BRITISH COLUMBIA,,Kew-ah-kah [band_c00517] (0.50); Kwe-ah-kah [band_c00532] (0.42); O-wee-kay-no [band_c00405] (0.40),0.5
no_match,BAND-we-way-akum-and-kwe-ahkah-bands,We-way-akum and Kwe-ahkah bands,BRITISH COLUMBIA,,Kwe-ah-kah [band_c00532] (0.50); Kew-ah-kah [band_c00517] (0.43); O-wee-kay-no [band_c00405] (0.40),0.5
no_match,BAND-we-way-akum-and-kwe-ahkah-bands-2,We-way-akum and kwe-ahkah bands,BRITISH COLUMBIA,,Kwe-ah-kah [band_c00532] (0.50); Kew-ah-kah [band_c00517] (0.43); O-wee-kay-no [band_c00405] (0.40),0.5
no_match,BAND-tsimpsean-pt-simpson-and-metlakatla-in-com,"Tsimpsean, Pt. Simpson and Metlakatla in com",BRITISH COLUMBIA,,Fort Simpson Tsimsean Nation [band_c00080] (0.49); Metlakatla [band_c00466] (0.36); Atlin (Atlin Lake) [band_c00265] (0.32),0.492
no_match,BAND-sumass-lakahahmen-band,Sumass (Lakahahmen band),BRITISH COLUMBIA,Q6528716,"Sumass [band_c00279] (0.48); Ska-sah-ah [band_c00566] (0.43); Sumas, No. 1 [band_c00575] (0.40)",0.476
no_match,BAND-laichkwiltach-kahkah-matsis-band,"Laichkwiltach, Kahkah-matsis band",BRITISH COLUMBIA,,"Ah-mah-oo, Saieh-kioil-tache [band_c00088] (0.47); Kwi-ah-kah [band_c00533] (0.41); Lach-Kalt-sap [band_c00352] (0.40)",0.468
no_match,BAND-the-indians-of-the-locallity,The Indians of the locallity,YUKON DISTRICT,,Callingbull [band_c02131] (0.44); Tallion [band_c00145] (0.43); Tallium [band_c00862] (0.43),0.444
no_match,BAND-the-indians-of-the-locallity-2,"The, Indians of the locallity",YUKON DISTRICT,,Callingbull [band_c02131] (0.44); Tallion [band_c00145] (0.43); Tallium [band_c00862] (0.43),0.444
no_match,BAND-tsimpsean-n-1-2-pt-simpson-tsimpsean-s-1-2-metlaka,"Tsimpsean, N. 1/2 Pt. Simpson, Tsimpsean, S. 1/2 Metlakatla",BRITISH COLUMBIA,,"Fort Simpson Tsimsean Nation [band_c00080] (0.44); Seton Lake, Nos. 1, 2, 5 and 6 [band_c00103] (0.34); Seton Lake, Mission No. 1 [band_c00089] (0.30)",0.444
no_match,BAND-hagwiglet,Hagwiglet,BRITISH COLUMBIA,Q5638859,Gwinaha [band_c00799] (0.43); Gwinoha [band_c00800] (0.43); Hagwilget Village [band_c00230] (0.42),0.429
no_match,BAND-chilliwack-skwah-band,"Chilliwack, Skwah band",BRITISH COLUMBIA,Q7537108,Skwah [band_c00924] (0.42); Kwaw-ma-chin [band_c00395] (0.42); Cheewack [band_c00698] (0.36),0.421
no_match,BAND-necoslie,Necoslie,BRITISH COLUMBIA,Q6960074,Scowahlie [band_c00662] (0.40); Swooshlie [band_c00678] (0.40); Sliamon [band_c00672] (0.31),0.4
no_match,BAND-kokyet,Kokyet,BRITISH COLUMBIA,,Skokale [band_c00845] (0.36); Kok-si-lah [band_c00530] (0.33); Koksilah [band_c00724] (0.33),0.364
no_match,BAND-montagnais-tadousacs-papinachois-nauthapis-and-oth,"Montagnais, Tadousacs, Papinachois, Nauthapis and other nomadic tribes",QUEBEC,,Montagnais of Grand Romaine [band_c02977] (0.36); Montagnais of Bersimis [band_c03006] (0.31); Unorganized Territories of Chicoutimi and Saguenay [band_c02937] (0.30),0.36
no_match,BAND-a-band-of-ojibbewas-of-lake-huron-who-had-not-been,A band of Ojibbewas of Lake Huron who had not been provided with a reserve under the provisions of the Robinson Huron Treaty,ONTARIO,,"Ojibbewas of Lake Huron, at - [band_c01847] (0.36); Long Lake (Robinson Sup. Ty. And Ty. No. 9) [band_c01832] (0.34); Ojibbewas and Ottawas of Manitoulin and Cockburn Islands, at - [band_c01810] (0.31)",0.358
no_match,BAND-chilliwack-indians-in-common,Chilliwack Indians in common,BRITISH COLUMBIA,,Kwaw-ma-chin [band_c00395] (0.36); Oregon Jack Creek [band_c00252] (0.34); Oregon lack Creek [band_c00253] (0.34),0.357
no_match,BAND-lower-nicola-spuzzum-boston-bar-boothroyd-siska-up,"Lower Nicola, Spuzzum, Boston Bar, Boothroyd, Siska, Upper Similkameen, in common",BRITISH COLUMBIA,,Similkameen (Upper) [band_c00236] (0.36); Upper Similkameen [band_c00262] (0.36); Similkameen (Lower) [band_c00249] (0.33),0.356
no_match,BAND-iroquois-of-st-regis,Iroquois of St. Regis,ONTARIO,Q27652782,Baptiste Rose's Wife [band_c01944] (0.34); Mississagi River [band_c01827] (0.26); Skichistan (Deadman's Creek) [band_c01883] (0.24),0.343
no_match,BAND-micmac-the-north-half-belongs-to-the-red-bank-band,Micmac. The north half belongs to the Red Bank band; half to the Eel Ground band,NEW BRUNSWICK,,Micmacs of King's County at Norton Station [band_c01287] (0.32); Micmacs of Westmorland County at: - [band_c01296] (0.29); Eel Ground [band_c01314] (0.28),0.323
no_match,BAND-skwah-skwahla-kwaw-kwaw-a-pilt-squiala-skway-and-a,"Skwah, Skwahla, Kwaw-kwaw-a-pilt, Squiala, Skway and Aht-salitz bands in common",BRITISH COLUMBIA,,Kwawkwawapilt [band_c00296] (0.32); Kwa-kwa-apilt [band_c00351] (0.32); Kwaw-kwaw-apiet 16 [band_c00233] (0.28),0.316
no_match,BAND-the-six-nations-consisting-of-the-mohawks-oneidas,"The Six Nations, consisting of the Mohawks, Oneidas, Onodagas, Tuscaroras, Cayugas, Senecas and Delawares",ONTARIO,Q105102819,"Six Nations on Grand River [band_c01825] (0.30); Six Nations on the Grand River [band_c01842] (0.30); Ojibbewas and Ottawas of Manitoulin and Cockburn Islands, at - [band_c01810] (0.27)",0.304
no_match,BAND-cowichan-on-one-parcel-rge-4-also-listed-as-held-b,"Cowichan; on one parcel (rge. 4) also listed as held by Quamichan, Comiaken, Clem-clem-a-lits, Hamutzen, Somenos, Koksailah, Kilpahlas and Kanipsin bands",BRITISH COLUMBIA,Q118904720,"Na-anees (2 bands north of Connolly Lake, semi-nomadic) [band_c00053] (0.24); Tsis-tlain-li (Lake Trembleur) [band_c00087] (0.21); Piminos and Pakeist [band_c00216] (0.20)",0.243
