band_id,name,match_type,confidence,qid,wd_label,notes
BAND-a-band-of-ojibbewas-of-lake-huron-who-had-not-been,A band of Ojibbewas of Lake Huron who had not been provided with a reserve under the provisions of the Robinson Huron Treaty,none,high,,,"Generic descriptive administrative entry for an unlanded band, not a named nation; no specific entity to ground."
BAND-ahtsalitz-band,Ahtsalitz band,modern_first_nation,medium,Q4699291,Aitchelitz First Nation,Historical spelling 'Ahtsalitz' phonetically matches modern 'Aitchelitz'; Fraser Agency/Sto:lo context matches.
BAND-algonquins-and-tete-de-boule,Algonquins and Téte de Boule,none,medium,,,Joint administrative listing of two distinct peoples (Algonquin + Atikamekw/Tete-de-Boule); no single modern band corresponds to this combined 1902 grouping.
BAND-algonquins-of-the-lake-of-two-mountains,Algonquins of the Lake of Two Mountains,people,low,Q135863,Algonquin people,"Lake of Two Mountains reserve is now Kanesatake, but that modern community/QID (Mohawks of Kanesatake) represents primarily the Mohawk population, not the Algonquin band specifically; no distinct QID found for the Algonquin component, so grounded at people level only."
BAND-anderson-lake,Anderson Lake,modern_first_nation,medium,Q1959586,N'Quatqua First Nation,Anderson Lake Band (near D'Arcy/Anderson Lake) is the historical name for N'Quatqua First Nation.
BAND-blackwater,Blackwater,none,low,,,"Search only returned geographic features (Blackwater Lake, Creek, reserve names) under Babine agency; no distinct modern band entity identified."
BAND-boothroyd-chomok-band,"Boothroyd, Chomok Band",modern_first_nation,medium,Q4943947,Boothroyd First Nation,Chomok appears to be a sub-band/reserve name within Boothroyd First Nation.
BAND-boothroyd-chomok-band-2,"Boothroyd, Chomok band",modern_first_nation,medium,Q4943947,Boothroyd First Nation,Spelling-case variant of the Chomok Band entry; same as Boothroyd First Nation.
BAND-chemainus-and-sickameen-bands,Chemainus and Sickameen bands,modern_first_nation,medium,Q1069178,Stz'uminus First Nation,Chemainus band continues as Stz'uminus First Nation; the paired 'Sickameen' component could not be independently resolved.
BAND-chilliwack-indians-in-common,Chilliwack Indians in common,none,high,,,"Generic joint administrative listing (lands held in common by Chilliwack-area bands), not a specific named nation."
BAND-chilliwack-skul-kayn-and-ya-kwe-a-kwi-oose-bands,"Chilliwack, Skul-kayn and Ya-kwe-a-kwi-oose bands",modern_first_nation,medium,Q16916304,Yakweakwioose First Nation,"Ya-kwe-a-kwi-oose matches modern Yakweakwioose First Nation; the paired 'Skul-kayn' band could not be independently resolved, likely absorbed."
BAND-chippewas-of-lakes-couchiching-simcoe-and-huron,"Chippewas of Lakes Couchiching, Simcoe and Huron",none,medium,,,"This 1902 joint grouping (Williams Treaties Chippewas) split into three distinct modern First Nations: Chippewas of Rama, Chippewas of Georgina Island, and Beausoleil First Nation; no single modern entity corresponds."
BAND-chippewas-of-saugeen-and-cape-croker,Chippewas of Saugeen and Cape Croker,modern_first_nation,medium,Q56273745,Saugeen Ojibway Nation Territory,"Modern joint collective of Saugeen First Nation and Chippewas of Nawash (Cape Croker), matching the 1902 joint listing."
BAND-chippewas-of-the-thames-and-munsees,Chippewas of the Thames and Munsees,modern_first_nation,medium,Q16209362,Chippewas of the Thames First Nation,Chippewa component continues as Chippewas of the Thames First Nation; the Munsee component later became the separate Munsee-Delaware Nation.
BAND-clayoquot-kelsemart-b-d,"Clayoquot, Kelsemart b'd",people,medium,Q16114249,Kelsemaht,Kelsemart/Kelsemaht historically merged into Ahousaht First Nation; grounded at tribe level since no separate governing entity remains.
BAND-clayoquot-klesemart-b-d,"Clayoquot, Klesemart b'd",people,medium,Q16114249,Kelsemaht,Spelling variant of the Kelsemart entry; same Kelsemaht tribe.
BAND-clayoquot-manhauset-band,"Clayoquot, Manhauset band",none,low,,,Likely refers to the historical Manhousaht group (later absorbed into Ahousaht); no distinct Wikidata entity found.
BAND-cowichan-on-one-parcel-rge-4-also-listed-as-held-b,"Cowichan; on one parcel (rge. 4) also listed as held by Quamichan, Comiaken, Clem-clem-a-lits, Hamutzen, Somenos, Koksailah, Kilpahlas and Kanipsin bands",modern_first_nation,medium,Q118904720,Cowichan Tribes,"Complex multi-band joint holding; all listed sub-bands (Quamichan, Comiaken, etc.) later amalgamated into Cowichan Tribes."
BAND-fountain,Fountain,none,medium,,,"Only individual reserve parcels (Fountain 1B, 3, 9, etc.) found under St'at'imc territory; no distinct modern band government entity identified in Wikidata."
BAND-high-bar,High Bar,none,low,,,Only reserve parcel 'High Bar 2' found; no distinct modern band government entity identified in Wikidata (High Bar First Nation exists in reality but was not returned by search).
BAND-hope,Hope,none,low,,,No distinct modern band government entity for 'Hope' band identified in search; only place name and unrelated reserve parcels returned.
BAND-hurons-of-lake-huron,Hurons of Lake Huron,modern_first_nation,medium,Q120756124,Wyandot of Anderdon Nation,Small remnant Huron/Wyandot band in Ontario near the Detroit River/Anderdon area; most descendants later based cross-border in Michigan.
BAND-iroquois-of-sault-st-louis-and-iroquois-of-lake-of,"Iroquois of Sault St. Louis, and Iroquois of Lake of Two Mountains",none,medium,,,Joint listing of two distinct Mohawk communities: Sault St. Louis is now Kahnawake (Q27671513) and Lake of Two Mountains is now Kanesatake (Q27671767); no single modern entity covers both.
BAND-kemsquit,Kemsquit,people,medium,Q1268420,Nuxalk Nation,Kimsquit (Nuxalk-affiliated village near Dean Channel) amalgamated into Nuxalk Nation at Bella Coola; no separate modern band entity found.
BAND-kisgegas,Kisgegas,people,low,Q851575,Gitxsan,"Kisgegas (Babine agency) was a Gitxsan village whose residents largely relocated to Gitanmaax/Kispiox; only a reserve (Q22432506) and peak found on WD, no specific band government entity."
BAND-kitlathla,Kitlathla,none,low,,,"Northwest Coast agency Tsimshian band, possibly a variant spelling of Kitkatla or a distinct historical Tsimshian group; no distinct modern WD entity found."
BAND-kitlope,Kitlope,people,medium,Q5639652,Haisla Nation,Kitlope (Henaksiala) people merged with Kitamaat to form Haisla Nation; no separate modern band entity.
BAND-kitselas-kitsumkelum-and-others-indians,"Kitselas, Kitsumkelum and others Indians",none,low,,,"Joint listing covering multiple already-separately-listed bands (Kitselas, Kitsumkalum); not a distinct entity."
BAND-klaskino,Klaskino,modern_first_nation,medium,Q475072,Quatsino First Nation,Klaskino (Kwawkewlth agency) was a Kwakwaka'wakw group later amalgamated into Quatsino First Nation near Quatsino Sound.
BAND-kokyet,Kokyet,none,low,,,No distinct modern band entity found beyond a reserve (Kokyet 1); Northwest Coast agency Tsimshian-area name.
BAND-kootenay,Kootenay,modern_first_nation,medium,Q5149748,ʔakisq̓nuk First Nation,"Generic 'Kootenay' agency band; likely corresponds to the Columbia Lake/Akisqnuk band (one of several Ktunaxa bands), but ambiguous among Ktunaxa bands."
BAND-kuldoe,Kuldoe,people,low,Q851575,Gitxsan,Kuldo was a Gitxsan village (Babine agency); residents relocated toward Hazelton area; no distinct modern band entity found.
BAND-kwaw-waw-i-nuck,Kwaw-waw-i-nuck,modern_first_nation,medium,Q16948012,Kwakiutl First Nation,Kwawkewlth agency; Kwaw-waw-i-nuck likely historical spelling variant of Kwakiutl/Kwagu'ł (Fort Rupert).
BAND-laichkwiltach-kahkah-matsis-band,"Laichkwiltach, Kahkah-matsis band",people,medium,Q825895,Laich-kwil-tach,"Kwawkewlth agency; Laich-kwil-tach is the Kwakwaka'wakw grouping around Campbell River (Wei Wai Kum, We Wai Kai, etc.); no specific 'Kahkah-matsis' band entity found."
BAND-lakelse,Lakelse,none,low,,,"Only a lake/park entity found near Terrace; no distinct band, likely absorbed into Kitsumkalum/Kitselas."
BAND-lillooet,Lillooet,people,medium,Q487749,St'at'imc people,"Generic 'Lillooet' band entry with 5 reserves; no single specific band entity matched (several St'at'imc bands exist e.g. Sekw'el'was, Xwisten); grouped as the people."
BAND-lower-nicola-spuzzum-boston-bar-boothroyd-siska-up,"Lower Nicola, Spuzzum, Boston Bar, Boothroyd, Siska, Upper Similkameen, in common",none,low,,,"Joint listing of a shared reserve among several distinct bands, not itself a band entity."
BAND-mahteelthpe,Mahteelthpe,none,low,,,No matching modern band entity found for this Kwawkewlth agency name.
BAND-mcleod-lake,McLeod Lake,none,low,,,"Only lake/reserve entities found in Wikidata (McLeod Lake 1, McLeod Lake 5); no distinct McLeod Lake Indian Band (Tse'khene) government entity indexed."
BAND-micmac-the-north-half-belongs-to-the-red-bank-band,Micmac. The north half belongs to the Red Bank band; half to the Eel Ground band,none,low,,,"A shared reserve description, not itself a band; covered by Red Bank/Eel Ground entries."
BAND-micmacs-of-bathurst,Micmacs of Bathurst,none,low,,,"Likely predecessor of Pabineau First Nation (reserve Pabineau 11 found, Q3359954), but no distinct band-government WD entity indexed."
BAND-mississaguas-of-rice-mud-and-scugog-lakes,"Mississaguas of Rice, Mud and Scugog Lakes",none,low,,,"Joint listing covering three already-separately-listed bands (Hiawatha, Curve Lake, Scugog Island); not a single entity."
BAND-montagnais,Montagnais,people,medium,Q497568,Innu people,"Generic Quebec listing; Montagnais = Innu, no single band specified."
BAND-montagnais-tadousacs-papinachois-nauthapis-and-oth,"Montagnais, Tadousacs, Papinachois, Nauthapis and other nomadic tribes",people,medium,Q497568,Innu people,Broad grouping of nomadic Innu-related tribes; no single band entity fits.
BAND-moravians-of-the-thames,Moravians of the Thames,modern_first_nation,medium,Q22356267,Delaware Nation at Moraviantown,Moravian of the Thames band is now the Delaware Nation at Moraviantown; WD entity is typed as reserve but corresponds directly to the community/band.
BAND-nicomen,Nicomen,none,low,,,Only reserve/lake entities found (Nicomen 1); no distinct band government entity indexed.
BAND-ohamil,Ohamil,none,low,,,"Only reserve entity found (Ohamil 1); no distinct band government entity indexed, likely a Sto:lo Fraser Canyon band."
BAND-ojibbewas-of-lake-huron,Ojibbewas of Lake Huron,people,medium,Q255872,Ojibwe,Broad Robinson-Huron Treaty grouping (18 reserves); no single band entity fits.
BAND-ojibbewas-of-lake-superior,Ojibbewas of Lake Superior,people,medium,Q255872,Ojibwe,Broad Robinson-Superior Treaty grouping (11 reserves); no single band entity fits.
BAND-ottawas-and-chippewas-of-lake-huron,Ottawas and Chippewas of Lake Huron,none,high,,,"Joint historical treaty-signatory designation (1836/1850 Lake Huron Ottawa/Chippewa bands, 11 reserves) that split into multiple modern Ontario nations (e.g. Saugeen First Nation, Chippewas of Nawash, Chippewas of Rama, Chippewas of Georgina Island, Beausoleil, Wasauksing) — no single successor."
BAND-qualicum,Qualicum,modern_first_nation,medium,Q2122037,Qualicum First Nation,Label says First Nation but WD description calls it a reserve; treated as the band entity given direct name match and Cowichan Agency location.
BAND-quawshelah,Quawshelah,modern_first_nation,medium,Q5623377,Gwawaenuk Tribe,Quawshelah is a historical spelling variant of Gwawaenuk (Guauaenok); Kwawkewlth Agency context matches Kwakwaka'wakw location.
BAND-quesnel,Quesnel,modern_first_nation,medium,Q7303768,Lhtako Dene Nation,"Lhtako Dene Nation (formerly Red Bluff Indian Band) is the modern successor near Quesnel, Williams Lake Agency; place-style name resolved to the band rather than the town."
BAND-saanich,Saanich,people,medium,Q750920,Saanich,"1902 'Saanich' band (13 reserves) split into multiple modern WSANEC bands (Tsartlip, Tsawout, Pauquachin, Tseycum) — no single specific-band match found, so grounded to the ethnic/people entity."
BAND-saugeen-and-cape-croker-bands,Saugeen and Cape Croker bands,none,high,,,Explicit joint listing of two bands sharing the Fishing Islands reserve; splits into Saugeen First Nation and Chippewas of Nawash Unceded First Nation (Cape Croker) — no single successor.
BAND-skul-kayn-band,Skul-kayn band,none,low,,,No modern First Nation band page found matching this small Fraser Agency band name; only unrelated watercourse/creek entities returned by search.
BAND-skwah-skwahla-kwaw-kwaw-a-pilt-squiala-skway-and-a,"Skwah, Skwahla, Kwaw-kwaw-a-pilt, Squiala, Skway and Aht-salitz bands in common",none,high,,,"Explicit joint listing 'in common' of six Sto:lo bands; splits into separate modern nations (e.g. Kwaw-kwaw-Apilt First Nation Q6450270, Squiala First Nation Q7582237, Aitchelitz First Nation Q4699291) — no single successor."
BAND-skway-band,Skway band,none,low,,,"Only a reserve entity (Skway 5) found in Wikidata, no distinct modern First Nation band page for Skway; ungrounded."
BAND-squawtits,Squawtits,people,medium,Q12642570,Squawtits,"get_statements shows instance-of 'tribe' and part-of Sto:lo, not a modern band-government entity; grounded as an ethnographic sub-group rather than a specific First Nation."
BAND-stony-creek,Stony Creek,modern_first_nation,medium,Q7400107,Saik'uz First Nation,"Saik'uz First Nation (member of Carrier Sekani Tribal Council, coordinates near Vanderhoof) is the modern successor of the historical Stony Creek Indian Band, Babine Agency; not explicitly labeled 'formerly Stony Creek' in Wikidata but geography and tribal affiliation match."
BAND-tache,Taché,modern_first_nation,medium,Q6960074,Nak'azdli Whut'en First Nation,"Tache/Tachie is a Nak'azdli Whut'en community on Stuart Lake, Babine Agency; Wikidata has a separate 'Tache 1' reserve entity but no distinct modern band page, so grounded to Nak'azdli Whut'en First Nation."
BAND-tanock-teuch-and-ahwaheet-tlala-bands,Tanock-teuch and Ahwaheet-tlala bands,none,low,,,Joint listing of two obscure Kwawkewlth Agency (Kwakwaka'wakw) band names; no matching modern First Nation entities found in search results.
BAND-the-indians-of-the-locallity,The Indians of the locallity,none,high,,,"Generic placeholder name for unspecified Yukon-district Indigenous people in the 1902 schedule, not a specific band; ungroundable."
BAND-the-indians-of-the-locallity-2,"The, Indians of the locallity",none,high,,,"Duplicate/variant of 'The Indians of the locallity' (Yukon); generic placeholder, ungroundable."
BAND-trembleur-lake,Trembleur Lake,modern_first_nation,medium,Q7810678,Tl'azt'en Nation,"Trembleur Lake band was one of the founding communities merged in 1959 into Tl'azt'en Nation (with Tache/Grand Rapids), Babine Agency area; no separate modern band page exists."
BAND-tsimpsean-n-1-2-pt-simpson-tsimpsean-s-1-2-metlaka,"Tsimpsean, N. 1/2 Pt. Simpson, Tsimpsean, S. 1/2 Metlakatla",none,high,,,Joint half-portion listing spanning two distinct Tsimshian bands (Port Simpson and Metlakatla); splits into Lax Kw'alaams First Nation (Q6505120) and Metlakatla First Nation (Q6824171) — no single successor.
BAND-tsimpsean-pt-simpson-and-metlakatla,"Tsimpsean, Pt. Simpson and Metlakatla",none,high,,,Explicit joint listing of two distinct bands; splits into Lax Kw'alaams First Nation and Metlakatla First Nation — no single successor.
BAND-tsimpsean-pt-simpson-and-metlakatla-in-com,"Tsimpsean, Pt. Simpson and Metlakatla in com",none,high,,,Explicit joint ('in common') listing of two distinct bands; splits into Lax Kw'alaams First Nation and Metlakatla First Nation — no single successor.
BAND-we-way-akum-and-kew-ahkah-bands,We-way-akum and Kew-ahkah bands,none,high,,,Joint listing of two Campbell River-area bands; splits into Wei Wai Kum First Nation (Q5028135) and Kwiakah First Nation (Q6450363) — no single successor.
BAND-we-way-akum-and-kwe-ahkah-bands,We-way-akum and Kwe-ahkah bands,none,high,,,"Spelling variant duplicate of 'We-way-akum and Kew-ahkah bands'; same joint listing, splits into Wei Wai Kum First Nation and Kwiakah First Nation."
BAND-we-way-akum-and-kwe-ahkah-bands-2,We-way-akum and kwe-ahkah bands,none,high,,,"Spelling variant duplicate of 'We-way-akum and Kew-ahkah bands'; same joint listing, splits into Wei Wai Kum First Nation and Kwiakah First Nation."
BAND-yale-union-bar-band,Yale Union Bar Band,modern_first_nation,medium,Q2599073,Yale First Nation,No distinct modern 'Union Bar' band page found; Union Bar reserve/band historically administered jointly with Yale and is today part of Yale First Nation.
BAND-yale-union-bar-band-2,Yale Union Bar band,modern_first_nation,medium,Q2599073,Yale First Nation,Duplicate/variant entry of 'Yale Union Bar Band'; same reasoning.
