tag,report_year,session_seq,session_year,paper_num,paper_id,link_status,fm_paper_number,fm_session
dia_ar_1880,1880,14.0,1880-81,14,1880-81_14,linked_extracted,14,1881
dia_ar_1881,1881,15.0,1882,6,1882_6,linked_extracted,6,1882
dia_ar_1882,1882,16.0,1883,5,1883_5,linked_extracted,5,1883
dia_ar_1883,1883,17.0,1884,4,1884_4,linked_indexed,4,1884
dia_ar_1884,1884,18.0,1885,3,1885_3,linked_indexed,3,1885
dia_ar_1885,1885,19.0,1886,4,1886_4,linked_indexed,4,1886
dia_ar_1886,1886,20.0,1887,6,1887_6,linked_extracted,6,1887
dia_ar_1887,1887,21.0,1888,15,1888_15,linked_extracted,15,1888
dia_ar_1888,1888,22.0,1889,16,1889_16,linked_indexed,16,1889
dia_ar_1889,1889,23.0,1890,12,1890_12,linked_indexed,12,1890
dia_ar_1890,1890,24.0,1891,18,1891_18,linked_extracted,18,1891
dia_ar_1891,1891,25.0,1892,14,1892_14,linked_indexed,14,1892
dia_ar_1892,1892,26.0,1893,14,1893_14,linked_indexed,14,1893
dia_ar_1893,1893,27.0,1894,14,1894_14,linked_indexed,14,1894
dia_ar_1894,1894,28.0,1895,14,1895_14,linked_indexed,14,1895
dia_ar_1895,1895,29.0,1896,14,1896_14,linked_indexed,14,1896
dia_ar_1896,1896,31.0,1897,14,1897_14,linked_indexed,14,1897
dia_ar_1897,1897,32.0,1898,14,1898_14,linked_extracted,14,1898
dia_ar_1898,1898,33.0,1899,14,1899_14,linked_indexed,14,1899
dia_ar_1899,1899,34.0,1900,14,1900_14,linked_extracted,14,1900
dia_ar_1900,1900,,,,,pending_catalog_post1900,27,1901
dia_ar_1901,1901,,,,,pending_catalog_post1900,27,1902
dia_ar_1902,1902,,,,,pending_catalog_post1900,27,1903
dia_ar_1903,1903,,,,,pending_catalog_post1900,27,1904
dia_ar_1904,1904,,,,,pending_catalog_post1900,27,1905
dia_ar_1905,1905,,,,,pending_catalog_post1900,,
dia_ar_1906,1906,,,,,pending_catalog_post1900,27,1907
dia_ar_1907,1907,,,,,pending_catalog_post1900,27,1908
dia_ar_1908,1908,,,,,pending_catalog_post1900,27,1909
dia_ar_1909,1909,,,,,pending_catalog_post1900,27,1910
dia_ar_1910,1910,,,,,pending_catalog_post1900,27,1911
dia_ar_1911,1911,,,,,pending_catalog_post1900,27,1912
dia_ar_1912,1912,,,,,pending_catalog_post1900,27,1913
dia_ar_1913,1913,,,,,pending_catalog_post1900,27,1914
dia_ar_1914,1914,,,,,pending_catalog_post1900,27,1915
dia_ar_1915,1915,,,,,pending_catalog_post1900,27,1916
dia_ar_1916,1916,,,,,pending_catalog_post1900,27,1917
dia_ar_1917,1917,,,,,pending_catalog_post1900,27,1918
dia_ar_1918,1918,,,,,pending_catalog_post1900,27,1919
dia_ar_1919,1919,,,,,pending_catalog_post1900,27,1920
dia_ar_1920,1920,,,,,pending_catalog_post1900,27,1921
dia_ar_1921,1921,,,,,pending_catalog_post1900,,
dia_ar_1922,1922,,,,,pending_catalog_post1900,14,1923
dia_ar_1923,1923,,,,,pending_catalog_post1900,14,1924
dia_ar_1924,1924,,,,,pending_catalog_post1900,14,1925
dia_ar_1925,1925,,,,,pending_catalog_post1900,,
dia_ar_1926,1926,,,,,pending_catalog_post1900,,
dia_ar_1927,1927,,,,,pending_catalog_post1900,,
dia_ar_1928,1928,,,,,pending_catalog_post1900,,
dia_ar_1929,1929,,,,,pending_catalog_post1900,,
dia_ar_1930,1930,,,,,pending_catalog_post1900,,
