queue,alcode,modern_name,jur,detail,score
ambiguous,10195,LONG PLAIN,MB,Long Plain 6 [Q22654222] (1.00); Long Plain [Q115692165] (1.00); Long Plain Madison 1 [Q115692166] (1.00),1.0
ambiguous,9539,STAR BLANKET I.R. 83D,SK,Star Blanket 83 [Q22380758] (1.00); Star Blanket 83B [Q22380777] (1.00); Star Blanket 83C [Q22380791] (1.00),1.0
ambiguous,10233,FLYING DUST FIRST NATION 105S,SK,Flying Dust First Nation 105J [Q115903701] (1.00); Flying Dust 105D [Q85761437] (1.00); Flying Dust 105E [Q85761440] (1.00),1.0
ambiguous,10263,K’IT TSAḎẔE,BC,Tsak 9 [Q22530083] (0.67); Ahmitsa 5 [Q22370254] (0.50); Tsitsk 3 [Q22538673] (0.50),0.667
ambiguous,10248,STURGEON LAKE INDIAN RESERVE 101G,SK,Sturgeon Lake 101B [Q115903963] (1.00); Sturgeon Lake 101C [Q115903964] (1.00); Sturgeon Lake 101D [Q115903965] (1.00),1.0
ambiguous,10264,K’IT TSAḎẔE Ę NǪ CHE,BC,Tsak 9 [Q22530083] (0.67); Tsaz Chech 28 [Q22530602] (0.62); Tsaz Chech 27 [Q22530594] (0.62),0.667
ambiguous,6555,MUSKODAY FIRST NATION I.R. 99,SK,Muskoday 99A [Q85787219] (1.00); Muskoday 99B [Q85787222] (1.00); Muskoday Reserve [Q72976216] (1.00),1.0
ambiguous,10217,MAKESEW SAKAHIKAN ASKI,MB,SeeSeep Sakahikan [Q115692365] (0.77); Masikiskahk [Q115692174] (0.70); Wapisiw Sakahikan [Q115692399] (0.60),0.769
ambiguous,10269,ROLLING RIVER FIRST NATION,MB,Rolling River 67a [Q115692354] (1.00); Rolling River 67b [Q115692356] (1.00); Rolling River 67c [Q115692357] (1.00),1.0
ambiguous,6195,CHIPPEWAS OF RAMA FIRST NATION,ON,Chippewas of the Thames First Nation 42 [Q5101694] (0.81); Chippewas of Georgina Island First Nation [Q5101689] (0.75); Chippewas of Georgina Island First Nation 33A [Q22494261] (0.75),0.812
ambiguous,6015,INDIAN ISLAND INDIAN RESERVE NO. 28,NB,Indian Point 1 [Q3150094] (0.60); Indian Ranch [Q3150096] (0.60); Pabineau 11 [Q3359954] (0.14),0.6
ambiguous,10272,WILLIAMS RIVER INDIAN RESERVE,MB,God's River 86A [Q22355516] (0.60); Berens River 13 [Q22394549] (0.60); Rolling River 67a [Q115692354] (0.58),0.6
ambiguous,10270,POUNDMAKER INDIAN RESERVE NO. 114-30,SK,Poundmaker 114 [Q22560333] (1.00); Poundmaker 114-3A [Q22560368] (0.92); Poundmaker 114-3B [Q22560380] (0.92),1.0
ambiguous,10060,CARRY THE KETTLE NAKODA FIRST NATION NO. 76-59,SK,Carry The Kettle 76-59 [Q115903669] (0.85); Carry The Kettle 76-5 [Q115903659] (0.84); Carry The Kettle 76-7 [Q115903680] (0.83),0.85
ambiguous,6204,MAGNETAWAN INDIAN RESERVE NO. 1,ON,Magnetawan Indian Reserve 1 [Q22367304] (1.00); Magnetawan Indian Reserve 1 [Q14875283] (1.00); Shawanaga Indian Reserve 17 [Q20710094] (0.50),1.0
ambiguous,9443,SWEETGRASS I.R. 113-G7,SK,Sweetgrass 113 [Q22453531] (1.00); Sweet Grass 113-G7 [Q115903970] (0.94); Sweet Grass 113-I4 [Q115904010] (0.88),1.0
ambiguous,9841,NORWAY HOUSE INDIAN RESERVE NO. 17C-37,MB,Norway House 17 [Q22395202] (1.00); Norway House 17A [Q22395222] (1.00); Norway House 17B [Q22395241] (1.00),1.0
ambiguous,10045,CARRY THE KETTLE NAKODA FIRST NATION NO. 76-62,SK,Carry The Kettle 76-62 [Q115903673] (0.85); Carry The Kettle 76-6 [Q115903670] (0.84); Carry The Kettle 76-7 [Q115903680] (0.83),0.85
ambiguous,9187,OKANESE I.R. 82(C),SK,Okanese 82(CC) [Q115903864] (1.00); Okanese 82L [Q115903876] (1.00); Okanese 82 [Q22433409] (1.00),1.0
ambiguous,9984,CARRY THE KETTLE NAKODA FIRST NATION 76-46,SK,Carry The Kettle 76-4 [Q115903648] (1.00); Carry The Kettle 76-46 [Q115903655] (1.00); Carry The Kettle 76-7 [Q115903680] (1.00),1.0
ambiguous,9589,CARRY THE KETTLE NAKODA I.R. 76-4,SK,Carry The Kettle 76-4 [Q115903648] (1.00); Carry The Kettle 76-7 [Q115903680] (1.00); Carry The Kettle 76-76 [Q115903687] (1.00),1.0
ambiguous,6400,FISHING STATION 62A,MB,Fishing Station Reserve 62A [Q17308228] (1.00); St. Peters Fishing Station 1A [Q22372823] (1.00); Fishing Station 62A [Q22476300] (1.00),1.0
ambiguous,10094,NITXELI TUWÉ 2 INDIAN RESERVE,MB,Nį̀txeli Tuwé 1 [Q115692211] (1.00); Nį̀txeli Tuwé 2 [Q115692212] (1.00); Nį̀txeli Tuwé 4 [Q115692213] (1.00),1.0
ambiguous,6281,SHOAL LAKE INDIAN RESERVE NO. 34B1,ON,Shoal Lake Indian Reserve 34B1 [Q22362400] (1.00); Shoal Lake Indian Reserve 39 [Q22362453] (1.00); Shoal Lake Indian Reserve 31J [Q21071033] (1.00),1.0
ambiguous,10074,CARRY THE KETTLE NAKODA FIRST NATION NO. 76-70,SK,Carry The Kettle 76-70 [Q115903681] (0.89); Carry The Kettle 76-7 [Q115903680] (0.89); Carry The Kettle 76-76 [Q115903687] (0.89),0.895
ambiguous,10051,CARRY THE KETTLE NAKODA FIRST NATION 76-54,SK,Carry The Kettle 76-5 [Q115903659] (1.00); Carry The Kettle 76-54 [Q115903664] (1.00); Carry The Kettle 76-7 [Q115903680] (1.00),1.0
ambiguous,9982,OCHAPOWACE INDIAN RESERVE NO. 71-94,SK,Ochapowace 71-94 [Q115903854] (1.00); Ochapowace 71 [Q22424546] (1.00); Ochapowace 71-91 [Q115903851] (0.92),1.0
ambiguous,6183,OBADJIWAN INDIAN RESERVE NO. 15E,ON,Obadjiwan Indian Reserve 15E [Q22358324] (1.00); Obadjiwan Indian Reserve 15E [Q21070929] (1.00); Wabauskang Indian Reserve 21 [Q22434475] (0.38),1.0
ambiguous,9814,NORWAY HOUSE INDIAN RESERVE NO. 17C-10,MB,Norway House 17 [Q22395202] (1.00); Norway House 17A [Q22395222] (1.00); Norway House 17B [Q22395241] (1.00),1.0
ambiguous,9827,NORWAY HOUSE INDIAN RESERVE NO. 17C-23,MB,Norway House 17 [Q22395202] (1.00); Norway House 17A [Q22395222] (1.00); Norway House 17B [Q22395241] (1.00),1.0
ambiguous,10040,MUSKOWEKWAN RESERVE NO. 85-72,SK,Muskowekwan Reserve 85-72 [Q115904002] (1.00); Muskowekwan 85 [Q22636392] (1.00); Muskowekwan 85A [Q22636630] (1.00),1.0
ambiguous,9793,RED SUCKER LAKE INDIAN RESERVE NO. 1976 F,MB,Red Sucker Lake 1976 [Q115692340] (1.00); Red Sucker Lake 1976 F [Q115692350] (1.00); Red Sucker Lake 1976 A [Q115692342] (0.93),1.0
ambiguous,9817,NORWAY HOUSE INDIAN RESERVE NO. 17C-13,MB,Norway House 17 [Q22395202] (1.00); Norway House 17A [Q22395222] (1.00); Norway House 17B [Q22395241] (1.00),1.0
ambiguous,10180,KEESEEKOOSE INDIAN RESERVE NO. 66-KE-06,SK,Keeseekoose 66 [Q22368272] (1.00); Keeseekoose 66-Ke-06 [Q115903730] (1.00); Keeseekoose 66A [Q22368655] (1.00),1.0
ambiguous,6664,TALL CREE 173,AB,Tallcree 173 [Q22460854] (0.86); Tallcree 173A [Q22460863] (0.86); Enoch Cree Nation 135 [Q7619585] (0.50),0.857
ambiguous,9590,CARRY THE KETTLE NAKODA I.R. 76-6,SK,Carry The Kettle 76-6 [Q115903670] (1.00); Carry The Kettle 76-7 [Q115903680] (1.00); Carry The Kettle 76-76 [Q115903687] (1.00),1.0
ambiguous,9724,CARRY THE KETTLE NAKODA FIRST NATION 76-22,SK,Carry The Kettle 76-2 [Q115903628] (1.00); Carry The Kettle 76-22 [Q115903632] (1.00); Carry The Kettle 76-7 [Q115903680] (1.00),1.0
ambiguous,10252,STURGEON LAKE INDIAN RESERVE 101H,SK,Sturgeon Lake 101B [Q115903963] (1.00); Sturgeon Lake 101C [Q115903964] (1.00); Sturgeon Lake 101D [Q115903965] (1.00),1.0
ambiguous,9316,OKANESE I.R. 82 (N),SK,Okanese 82L [Q115903876] (1.00); Okanese 82 [Q22433409] (1.00); Okanese 82A [Q22433425] (1.00),1.0
ambiguous,10127,NORWAY HOUSE CREE NATION GUNISAO SIPIHK KEEWATINOHK INDIAN RESERVE,MB,Norway House 17 [Q22395202] (1.00); Norway House 17A [Q22395222] (1.00); Norway House 17B [Q22395241] (1.00),1.0
ambiguous,8361,REDSTONE FLAT 1A,BC,Redstone Flat 1 [Q22591721] (1.00); Redstone Flat 1A [Q22591729] (1.00); Stone 1 [Q22403848] (1.00),1.0
ambiguous,9269,BEARDY'S & OKEMASIS I.R. 96 & 97B,SK,Beardy's & Okemasis 96 & 97-A [Q115903615] (1.00); Beardy's & Okemasis 96 & 97-B [Q115903616] (1.00); Beardy's & Okemasis 96 & 97-C [Q115903617] (1.00),1.0
ambiguous,9887,SAKIMAY INDIAN RESERVE NO. 74-14,SK,Sakimay 74 [Q22386866] (1.00); Sakimay 74-14 [Q115903928] (1.00); Sakimay 74-1 [Q22386890] (0.89),1.0
ambiguous,10027,MUSKOWEKWAN RESERVE NO. 85-68,SK,Muskowekwan Reserve 85-68 [Q115904001] (1.00); Muskowekwan 85 [Q22636392] (1.00); Muskowekwan 85A [Q22636630] (1.00),1.0
ambiguous,6426,OPASKWAYAK CREE NATION 21D,MB,Opaskwayak Cree Nation 21A South [Q115692302] (1.00); Opaskwayak Cree Nation Rocky Lake 1 [Q115692303] (1.00); Opaskwayak Cree Nation Rocky Lake Interior [Q115692304] (1.00),1.0
ambiguous,10098,SAPOTAWEYAK CREE NATION (SCN) SWAN RIVER LOT 2 INDIAN RESERVE,MB,Sapotaweyak Cree Nation (SCN) Swan River Lot 2 [Q115692364] (1.00); Swan River Lot [Q115692375] (1.00); Crane River 51 [Q22417666] (0.80),1.0
ambiguous,9790,RED SUCKER LAKE INDIAN RESERVE NO. 1976 B,MB,Red Sucker Lake 1976 [Q115692340] (1.00); Red Sucker Lake 1976 B [Q115692344] (1.00); Red Sucker Lake 1976 A [Q115692342] (0.93),1.0
ambiguous,9833,NORWAY HOUSE INDIAN RESERVE NO. 17C-29,MB,Norway House 17 [Q22395202] (1.00); Norway House 17A [Q22395222] (1.00); Norway House 17B [Q22395241] (1.00),1.0
ambiguous,10076,CARRY THE KETTLE NAKODA FIRST NATION NO. 76-72,SK,Carry The Kettle 76-72 [Q115903683] (0.89); Carry The Kettle 76-7 [Q115903680] (0.89); Carry The Kettle 76-76 [Q115903687] (0.89),0.895
ambiguous,10052,YELLOW QUILL INDIAN RESERVE NO. 90-11,SK,Yellow Quill 90 [Q22647735] (1.00); Yellow Quill 90-11 [Q85816674] (1.00); Yellow Quill 90-10 [Q85816672] (0.92),1.0
ambiguous,9998,SWAN RIVER LOT - SAPOTAWEYAK CREE NATION,MB,Swan River Lot [Q115692375] (1.00); Sapotaweyak Cree Nation (SCN) Swan River Lot 2 [Q115692364] (0.97); Reed River 36A [Q22592434] (0.78),1.0
ambiguous,10218,CARRY THE KETTLE NAKODA FIRST NATION #76-86,SK,Carry The Kettle 76-7 [Q115903680] (1.00); Carry The Kettle 76-76 [Q115903687] (1.00); Carry The Kettle 76-8 [Q115903691] (1.00),1.0
ambiguous,9888,ɁEJERE K'ELNI KŲE INDIAN RESERVE NO. 196I,AB,ʔejëre K’elnı Kuę́ 196I [Q4646741] (0.80); Ts’u Kué 196G [Q85810920] (0.43); Ts’u K’adhe Kué 196F [Q85810923] (0.38),0.8
ambiguous,10230,KAHKEWISTAHAW INDIAN RESERVE NO. 72-T,SK,Kahkewistahaw 72 [Q22503539] (1.00); Kahkewistahaw 72B [Q115903708] (1.00); Kahkewistahaw 72C [Q115903709] (1.00),1.0
ambiguous,6324,KINGFISHER LAKE INDIAN RESERVE NO. 1,ON,Kingfisher Indian Reserve 2A [Q22419263] (1.00); Kingfisher Indian Reserve 3A [Q22419279] (1.00); Deer Lake Indian Reserve [Q22619101] (0.75),1.0
ambiguous,10151,NORWAY HOUSE CREE NATION LOGAN LAKE NORTH SHORE INDIAN RESERVE,MB,Norway House 17 [Q22395202] (1.00); Norway House 17A [Q22395222] (1.00); Norway House 17B [Q22395241] (1.00),1.0
ambiguous,9641,CARRY THE KETTLE NAKODA I.R. 76-31,SK,Carry The Kettle 76-3 [Q115903638] (1.00); Carry The Kettle 76-31 [Q115903640] (1.00); Carry The Kettle 76-7 [Q115903680] (1.00),1.0
ambiguous,9821,NORWAY HOUSE INDIAN RESERVE NO. 17C-17,MB,Norway House 17 [Q22395202] (1.00); Norway House 17A [Q22395222] (1.00); Norway House 17B [Q22395241] (1.00),1.0
ambiguous,9834,NORWAY HOUSE INDIAN RESERVE NO. 17C-30,MB,Norway House 17 [Q22395202] (1.00); Norway House 17A [Q22395222] (1.00); Norway House 17B [Q22395241] (1.00),1.0
ambiguous,9899,CARRY THE KETTLE NAKODA FIRST NATION IR 76-38,SK,Carry The Kettle 76-3 [Q115903638] (1.00); Carry The Kettle 76-38 [Q115903647] (1.00); Carry The Kettle 76-7 [Q115903680] (1.00),1.0
ambiguous,9648,THEBATHI 196,AB,Tthebatthıe 196 [Q85810934] (0.83); Tthejëre Ghaı̨lı̨ 196B [Q85810939] (0.33); Alexis Whitecourt 232 [Q4721549] (0.17),0.833
ambiguous,10231,KAHKEWISTAHAW INDIAN RESERVE NO. 72-O,SK,Kahkewistahaw 72 [Q22503539] (1.00); Kahkewistahaw 72B [Q115903708] (1.00); Kahkewistahaw 72C [Q115903709] (1.00),1.0
ambiguous,9708,CARRY THE KETTLE NAKODA I.R. 76-33,SK,Carry The Kettle 76-3 [Q115903638] (1.00); Carry The Kettle 76-33 [Q115903642] (1.00); Carry The Kettle 76-7 [Q115903680] (1.00),1.0
ambiguous,6198,CHIPPEWAS OF GEORGINA ISLAND FIRST NATION,ON,Chippewas of Georgina Island First Nation [Q5101689] (1.00); Chippewa Island [Q22494217] (1.00); Chippewa Island Indian Reserve [Q22494228] (1.00),1.0
ambiguous,9928,OKANESE INDIAN RESERVE NO. 82 (GG),SK,Okanese 82(GG) [Q115903867] (1.00); Okanese 82L [Q115903876] (1.00); Okanese 82 [Q22433409] (1.00),1.0
ambiguous,9257,PELICAN LAKE I.R. 191-C,SK,Pelican Lake 191A [Q22509630] (1.00); Pelican Lake 191B [Q22509637] (1.00); Pelican Lake 191C [Q22509643] (1.00),1.0
ambiguous,10105,CARRY THE KETTLE NAKODA FIRST NATION NO 76-52,SK,Carry The Kettle 76-52 [Q115903662] (0.85); Carry The Kettle 76-5 [Q115903659] (0.84); Carry The Kettle 76-7 [Q115903680] (0.83),0.85
ambiguous,9441,SWEETGRASS I.R. 113-F16,SK,Sweetgrass 113 [Q22453531] (1.00); Sweet Grass 113-F16 [Q115903969] (0.94); Sweetgrass 113-M16 [Q85804471] (0.88),1.0
ambiguous,10061,CARRY THE KETTLE NAKODA FIRST NATION NO. 76-63,SK,Carry The Kettle 76-63 [Q115903674] (0.85); Carry The Kettle 76-6 [Q115903670] (0.84); Carry The Kettle 76-7 [Q115903680] (0.83),0.85
ambiguous,9345,WADLIN LAKE 173C,AB,Collin Lake 223 [Q5147236] (0.70); Saddle Lake 125 [Q22375783] (0.60); Fox Lake 162 [Q8565204] (0.57),0.7
ambiguous,9844,NORWAY HOUSE INDIAN RESERVE NO. 17C-40,MB,Norway House 17 [Q22395202] (1.00); Norway House 17A [Q22395222] (1.00); Norway House 17B [Q22395241] (1.00),1.0
ambiguous,9714,POUNDMAKER INDIAN RESERVE NO. 114-17,SK,Poundmaker 114 [Q22560333] (1.00); Poundmaker 114-17 [Q115903903] (1.00); Poundmaker 114-17A [Q115903904] (1.00),1.0
ambiguous,10119,THAÍ TUWÉ 2 INDIAN RESERVE,MB,Thaí Tuwé [Q115692379] (1.00); Thaí Tuwé 2 [Q115692380] (1.00); Luazé Tuwé [Q115692169] (0.56),1.0
ambiguous,10107,CARRY THE KETTLE NAKODA FIRST NATION NO. 76-87,SK,Carry The Kettle 76-87 [Q115903696] (0.85); Carry The Kettle 76-8 [Q115903691] (0.84); Carry The Kettle 76-7 [Q115903680] (0.83),0.85
ambiguous,10083,CARRY THE KETTLE NAKODA FIRST NATION NO. 76-79,SK,Carry The Kettle 76-79 [Q115903690] (0.89); Carry The Kettle 76-7 [Q115903680] (0.89); Carry The Kettle 76-76 [Q115903687] (0.89),0.895
ambiguous,10181,WAYWAYSEECAPPO HIGHWAY 10 INDIAN RESERVE,MB,Waywayseecappo Highway 10 [Q115692403] (1.00); Waywayseecappo First Nation [Q7976905] (1.00); Norway House 17 [Q22395202] (0.45),1.0
ambiguous,10089,CARRY THE KETTLE NAKODA FIRST NATION NO. 76-65,SK,Carry The Kettle 76-65 [Q115903676] (0.85); Carry The Kettle 76-6 [Q115903670] (0.84); Carry The Kettle 76-7 [Q115903680] (0.83),0.85
ambiguous,9956,CARRY THE KETTLE NAKODA FIRST NATION NO. 76-43,SK,Carry The Kettle 76-43 [Q115903652] (0.85); Carry The Kettle 76-4 [Q115903648] (0.84); Carry The Kettle 76-7 [Q115903680] (0.83),0.85
ambiguous,9892,CARRY THE KETTLE NAKODA FIRST NATION NO. 76-5,SK,Carry The Kettle 76-5 [Q115903659] (0.84); Carry The Kettle 76-7 [Q115903680] (0.83); Carry The Kettle 76-76 [Q115903687] (0.83),0.842
ambiguous,6678,DUNCANS 151A,AB,Duncan's 151A [Q14874795] (0.83); Beaver Ranch 163 [Q4878150] (0.33); Sunchild 202 [Q7639034] (0.33),0.833
ambiguous,9195,OKANESE I.R. 82(D),SK,Okanese 82 (DD) [Q115903861] (1.00); Okanese 82L [Q115903876] (1.00); Okanese 82 [Q22433409] (1.00),1.0
ambiguous,9097,KEE-WAY-WIN,ON,Keewaywin Indian Reserve [Q22369250] (0.75); Wawakepewin Indian Reserve [Q22555764] (0.44); Islands in the Trent Waters Indian Reserve 36A [Q6083731] (0.44),0.75
ambiguous,9831,NORWAY HOUSE INDIAN RESERVE NO. 17C-27,MB,Norway House 17 [Q22395202] (1.00); Norway House 17A [Q22395222] (1.00); Norway House 17B [Q22395241] (1.00),1.0
ambiguous,9929,OKANESE INDIAN RESERVE NO. 82 (HH),SK,Okanese 82(HH) [Q115903868] (1.00); Okanese 82L [Q115903876] (1.00); Okanese 82 [Q22433409] (1.00),1.0
ambiguous,10175,CARRY THE KETTLE NAKODA FIRST NATION #76-110,SK,Carry The Kettle 76-10 [Q115903618] (1.00); Carry The Kettle 76-11 [Q115903619] (1.00); Carry The Kettle 76-110 [Q115903620] (1.00),1.0
ambiguous,9318,OKANESE I.R. 82(I),SK,Okanese 82L [Q115903876] (1.00); Okanese 82 [Q22433409] (1.00); Okanese 82A [Q22433425] (1.00),1.0
ambiguous,10167,FINLAY RIVER INDIAN RESERVE NO. 6,BC,Finlay Bay 21 [Q116290864] (0.75); Halfway River 168 [Q22589137] (0.64); Salmon River Indian Reserve 1 (Splatsin) [Q22394019] (0.64),0.75
ambiguous,9843,NORWAY HOUSE INDIAN RESERVE NO. 17C-39,MB,Norway House 17 [Q22395202] (1.00); Norway House 17A [Q22395222] (1.00); Norway House 17B [Q22395241] (1.00),1.0
ambiguous,9599,CARRY THE KETTLE NAKODA I.R. 76-10,SK,Carry The Kettle 76-10 [Q115903618] (1.00); Carry The Kettle 76-7 [Q115903680] (1.00); Carry The Kettle 76-76 [Q115903687] (1.00),1.0
ambiguous,9734,SAPOTAWEYAK CREE NATION,MB,Sapotaweyak Cree Nation - Spruce Island [Q115692363] (1.00); Sapotaweyak Cree Nation (SCN) Swan River Lot 2 [Q115692364] (1.00); Overflowing River Sapotaweyak [Q115692308] (0.67),1.0
ambiguous,9973,FLYING DUST FIRST NATION 105 L,SK,Flying Dust First Nation 105J [Q115903701] (1.00); Flying Dust 105D [Q85761437] (1.00); Flying Dust 105E [Q85761440] (1.00),1.0
ambiguous,10140,GEORGE GORDON FIRST NATION NO. 86-3,SK,Gordon 86 [Q5584780] (1.00); George Gordon First Nation 86-3 [Q115903702] (1.00); George Gordon First Nation 86 [Q85763123] (1.00),1.0
ambiguous,9812,NORWAY HOUSE INDIAN RESERVE NO. 17C-8,MB,Norway House 17 [Q22395202] (1.00); Norway House 17A [Q22395222] (1.00); Norway House 17B [Q22395241] (1.00),1.0
ambiguous,9816,NORWAY HOUSE INDIAN RESERVE NO. 17C-12,MB,Norway House 17 [Q22395202] (1.00); Norway House 17A [Q22395222] (1.00); Norway House 17B [Q22395241] (1.00),1.0
ambiguous,9828,NORWAY HOUSE INDIAN RESERVE NO. 17C-24,MB,Norway House 17 [Q22395202] (1.00); Norway House 17A [Q22395222] (1.00); Norway House 17B [Q22395241] (1.00),1.0
ambiguous,6302,LAC DES MILLE LACS INDIAN RESERVE NO. 22A1,ON,Lac des Mille Lacs Indian Reserve 22A1 [Q21070828] (1.00); Lac des Mille Lacs Indian Reserve 22A1 [Q22499353] (1.00); Lac des Mille Lacs Indian Reserve 22A2 [Q21071021] (0.95),1.0
ambiguous,6460,SHAMATTAWA 1,MB,Shamattawa 1 [Q22578634] (1.00); Shamattawa 1 [Q110936564] (1.00); Wesha Kijay Wasagamach [Q115692405] (0.56),1.0
ambiguous,9933,POUNDMAKER INDIAN RESERVE NO. 114-29,SK,Poundmaker 114 [Q22560333] (1.00); Poundmaker 114-29 [Q115903912] (1.00); Poundmaker 114-2A [Q22560343] (0.92),1.0
ambiguous,10139,GEORGE GORDON FIRST NATION NO. 86-5,SK,Gordon 86 [Q5584780] (1.00); George Gordon First Nation 86-5 [Q115903704] (1.00); George Gordon First Nation 86 [Q85763123] (1.00),1.0
ambiguous,10106,CARRY THE KETTLE NAKODA FIRST NATION NO. 76-51,SK,Carry The Kettle 76-51 [Q115903661] (0.85); Carry The Kettle 76-5 [Q115903659] (0.84); Carry The Kettle 76-7 [Q115903680] (0.83),0.85
ambiguous,9388,CARRY THE KETTLE NAKOTA I.R. 76-1,SK,Carry The Kettle 76-7 [Q115903680] (1.00); Carry The Kettle 76-76 [Q115903687] (1.00); Carry the Kettle 76-1 [Q85750804] (1.00),1.0
ambiguous,10062,CARRY THE KETTLE NAKODA FIRST NATION NO. 76-48,SK,Carry The Kettle 76-48 [Q115903657] (0.85); Carry The Kettle 76-4 [Q115903648] (0.84); Carry The Kettle 76-7 [Q115903680] (0.83),0.85
ambiguous,9959,RED SUCKER LAKE INDIAN RESERVE NO. 1976 G,MB,Red Sucker Lake 1976 [Q115692340] (1.00); Red Sucker Lake 1976 A [Q115692342] (0.93); Red Sucker Lake 1976 B [Q115692344] (0.93),1.0
ambiguous,9839,NORWAY HOUSE INDIAN RESERVE NO. 17C-35,MB,Norway House 17 [Q22395202] (1.00); Norway House 17A [Q22395222] (1.00); Norway House 17B [Q22395241] (1.00),1.0
ambiguous,10239,WǪCHIIGII NANÉɁ,BC,Anahim 10 [Q22408739] (0.60); Anahim 11 [Q22408757] (0.60); Anahim 12 [Q22408777] (0.60),0.6
ambiguous,10084,CARRY THE KETTLE NAKODA FIRST NATION NO. 76-80,SK,Carry The Kettle 76-80 [Q115903692] (0.85); Carry The Kettle 76-8 [Q115903691] (0.84); Carry The Kettle 76-7 [Q115903680] (0.83),0.85
ambiguous,9824,NORWAY HOUSE INDIAN RESERVE NO. 17C-20,MB,Norway House 17 [Q22395202] (1.00); Norway House 17A [Q22395222] (1.00); Norway House 17B [Q22395241] (1.00),1.0
ambiguous,10176,PHEASANT RUMP NAKOTA INDIAN RESERVE NO. 68G,SK,Pheasant Rump Nakota 68F [Q115903886] (1.00); Pheasant Rump Nakota 68H [Q115903887] (1.00); Pheasant Rump Nakota 68C [Q115903883] (1.00),1.0
ambiguous,6106,UASHAT INDIAN RESERVE NO. 27,QC,Mashteuiatsh [Q1907079] (0.60); Kataskomiq [Q3567823] (0.40); Kanesatake [Q3192630] (0.20),0.6
ambiguous,10079,CARRY THE KETTLE NAKODA FIRST NATION NO. 76-75,SK,Carry The Kettle 76-75 [Q115903686] (0.89); Carry The Kettle 76-7 [Q115903680] (0.89); Carry The Kettle 76-76 [Q115903687] (0.89),0.895
ambiguous,10201,KAHKEWISTAHAW INDIAN RESERVE NO. 72A-2,SK,Kahkewistahaw 72 [Q22503539] (1.00); Kahkewistahaw 72A-2 [Q115903707] (1.00); Kahkewistahaw 72B [Q115903708] (1.00),1.0
ambiguous,10197,CARRY THE KETTLE NAKODA FIRST NATION #76-89,SK,Carry The Kettle 76-7 [Q115903680] (1.00); Carry The Kettle 76-76 [Q115903687] (1.00); Carry The Kettle 76-8 [Q115903691] (1.00),1.0
ambiguous,9908,CARRY THE KETTLE NAKODA FIRST NATION 76-25,SK,Carry The Kettle 76-2 [Q115903628] (1.00); Carry The Kettle 76-25 [Q115903635] (1.00); Carry The Kettle 76-7 [Q115903680] (1.00),1.0
ambiguous,10141,GEORGE GORDON FIRST NATION NO. 86-4,SK,Gordon 86 [Q5584780] (1.00); George Gordon First Nation 86-4 [Q115903703] (1.00); George Gordon First Nation 86 [Q85763123] (1.00),1.0
ambiguous,9408,OKANESE I.R. 82(O),SK,Okanese 82L [Q115903876] (1.00); Okanese 82 [Q22433409] (1.00); Okanese 82A [Q22433425] (1.00),1.0
ambiguous,10054,CARRY THE KETTLE NAKODA FIRST NATION INDIAN RESERVE NO. 76-20,SK,Carry The Kettle 76-20 [Q115903629] (0.85); Carry The Kettle 76-2 [Q115903628] (0.84); Carry The Kettle 76-7 [Q115903680] (0.83),0.85
ambiguous,9845,NORWAY HOUSE INDIAN RESERVE NO. 17C-41,MB,Norway House 17 [Q22395202] (1.00); Norway House 17A [Q22395222] (1.00); Norway House 17B [Q22395241] (1.00),1.0
ambiguous,10011,CARRY THE KETTLE NAKODA FIRST NATION NO. 76-64,SK,Carry The Kettle 76-64 [Q115903675] (0.85); Carry The Kettle 76-6 [Q115903670] (0.84); Carry The Kettle 76-7 [Q115903680] (0.83),0.85
ambiguous,9818,NORWAY HOUSE INDIAN RESERVE NO. 17C-14,MB,Norway House 17 [Q22395202] (1.00); Norway House 17A [Q22395222] (1.00); Norway House 17B [Q22395241] (1.00),1.0
ambiguous,9822,NORWAY HOUSE INDIAN RESERVE NO. 17C-18,MB,Norway House 17 [Q22395202] (1.00); Norway House 17A [Q22395222] (1.00); Norway House 17B [Q22395241] (1.00),1.0
ambiguous,9642,TTHE JERE GHAILI 196B,AB,Tthejëre Ghaı̨lı̨ 196B [Q85810939] (0.71); Tthebatthıe 196 [Q85810934] (0.38); Bushe River 207 [Q5001477] (0.30),0.714
ambiguous,9823,NORWAY HOUSE INDIAN RESERVE NO. 17C-19,MB,Norway House 17 [Q22395202] (1.00); Norway House 17A [Q22395222] (1.00); Norway House 17B [Q22395241] (1.00),1.0
ambiguous,9909,CARRY THE KETTLE NAKODA FIRST NATION 76-24,SK,Carry The Kettle 76-2 [Q115903628] (1.00); Carry The Kettle 76-24 [Q115903634] (1.00); Carry The Kettle 76-7 [Q115903680] (1.00),1.0
ambiguous,6285,SHOAL LAKE INDIAN RESERVE NO. 34B2,ON,Shoal Lake Indian Reserve 39 [Q22362453] (1.00); Shoal Lake Indian Reserve 31J [Q21071033] (1.00); Shoal Lake Indian Reserve 34B2 [Q21071034] (1.00),1.0
ambiguous,9847,NORWAY HOUSE INDIAN RESERVE NO. 17C-43,MB,Norway House 17 [Q22395202] (1.00); Norway House 17A [Q22395222] (1.00); Norway House 17B [Q22395241] (1.00),1.0
ambiguous,9791,RED SUCKER LAKE INDIAN RESERVE NO. 1976 C,MB,Red Sucker Lake 1976 [Q115692340] (1.00); Red Sucker Lake 1976 C [Q115692345] (1.00); Red Sucker Lake 1976 A [Q115692342] (0.93),1.0
ambiguous,7895,ST. JOE 10,BC,Saint Joe 10 [Q22379808] (0.80); Trout Lake Jonny 15 [Q22528713] (0.60); Big Joe's Meadow 7 [Q22424937] (0.60),0.8
ambiguous,10237,WUSKWI SIPIHK FIRST NATION PORCUPINE RIDGE RESERVE,MB,Wuskwi Sipi [Q115692411] (1.00); Wuskwi Sipihk 4 [Q115692412] (1.00); Wuskwi Sipihk 5 [Q115692413] (1.00),1.0
ambiguous,10093,NITXELI TUWÉ 1 INDIAN RESERVE,MB,Nį̀txeli Tuwé 1 [Q115692211] (1.00); Nį̀txeli Tuwé 2 [Q115692212] (1.00); Nį̀txeli Tuwé 4 [Q115692213] (1.00),1.0
ambiguous,7106,SMALL ISLAND 4,BC,Small Island Indian Reserve No. 4 [Q17020335] (1.00); Small Island 4 [Q22641203] (1.00); Island 14A [Q22456795] (1.00),1.0
ambiguous,9836,NORWAY HOUSE INDIAN RESERVE NO. 17C-32,MB,Norway House 17 [Q22395202] (1.00); Norway House 17A [Q22395222] (1.00); Norway House 17B [Q22395241] (1.00),1.0
ambiguous,9409,OKANESE I.R. 82(P),SK,Okanese 82L [Q115903876] (1.00); Okanese 82 [Q22433409] (1.00); Okanese 82A [Q22433425] (1.00),1.0
ambiguous,10009,CARRY THE KETTLE NAKODA FIRST NATION NO. 76-55,SK,Carry The Kettle 76-55 [Q115903665] (0.85); Carry The Kettle 76-5 [Q115903659] (0.84); Carry The Kettle 76-7 [Q115903680] (0.83),0.85
ambiguous,8277,STONE 1,BC,Redstone Cemetery 1B [Q22591709] (1.00); Redstone Flat 1 [Q22591721] (1.00); Redstone Flat 1A [Q22591729] (1.00),1.0
ambiguous,9975,FLYING DUST FIRST NATION 105 O,SK,Flying Dust First Nation 105J [Q115903701] (1.00); Flying Dust 105D [Q85761437] (1.00); Flying Dust 105E [Q85761440] (1.00),1.0
ambiguous,9846,NORWAY HOUSE INDIAN RESERVE NO. 17C-42,MB,Norway House 17 [Q22395202] (1.00); Norway House 17A [Q22395222] (1.00); Norway House 17B [Q22395241] (1.00),1.0
ambiguous,10211,SWEETGRASS INDIAN RESERVE NO. 113-I9,SK,Sweetgrass 113-I9 [Q115904011] (1.00); Sweetgrass 113 [Q22453531] (1.00); Sweet Grass 113-I4 [Q115904010] (0.83),1.0
ambiguous,9561,CARRY THE KETTLE NAKODA I.R. 76-3,SK,Carry The Kettle 76-3 [Q115903638] (1.00); Carry The Kettle 76-7 [Q115903680] (1.00); Carry The Kettle 76-76 [Q115903687] (1.00),1.0
ambiguous,10220,SAULTEAUX FIRST NATION RESERVE NO. 159PP,SK,Saulteaux 159AA [Q115903933] (1.00); Saulteaux 159DD [Q115903934] (1.00); Saulteaux 159EE [Q115903935] (1.00),1.0
ambiguous,9904,MUSKOWEKWAN INDIAN RESERVE NO. 85-63,SK,Muskowekwan 85-63 [Q115903999] (1.00); Muskowekwan 85 [Q22636392] (1.00); Muskowekwan 85A [Q22636630] (1.00),1.0
ambiguous,9815,NORWAY HOUSE INDIAN RESERVE NO. 17C-11,MB,Norway House 17 [Q22395202] (1.00); Norway House 17A [Q22395222] (1.00); Norway House 17B [Q22395241] (1.00),1.0
ambiguous,10243,HAIG LAKE,AB,Hay Lake 209 [Q5685825] (0.71); Charles Lake 225 [Q5080016] (0.62); Pigeon Lake 138A [Q7193304] (0.62),0.714
ambiguous,10005,CARRY THE KETTLE NAKODA FIRST NATION NO. 76-50,SK,Carry The Kettle 76-50 [Q115903660] (0.85); Carry The Kettle 76-5 [Q115903659] (0.84); Carry The Kettle 76-7 [Q115903680] (0.83),0.85
ambiguous,9632,COLD LAKE 149C,AB,Cold Lake 149 [Q5142295] (1.00); Cold Lake 149A [Q22520451] (1.00); Cold Lake 149B [Q22520461] (1.00),1.0
ambiguous,10015,PHEASANT RUMP NAKOTA INDIAN RESERVE NO. 68A,SK,Pheasant Rump Nakota 68F [Q115903886] (1.00); Pheasant Rump Nakota 68H [Q115903887] (1.00); Pheasant Rump Nakota 68C [Q115903883] (1.00),1.0
ambiguous,9810,NORWAY HOUSE INDIAN RESERVE NO. 17C-6,MB,Norway House 17 [Q22395202] (1.00); Norway House 17A [Q22395222] (1.00); Norway House 17B [Q22395241] (1.00),1.0
ambiguous,9842,NORWAY HOUSE INDIAN RESERVE NO. 17C-38,MB,Norway House 17 [Q22395202] (1.00); Norway House 17A [Q22395222] (1.00); Norway House 17B [Q22395241] (1.00),1.0
ambiguous,9807,NORWAY HOUSE INDIAN RESERVE NO. 17C-3,MB,Norway House 17 [Q22395202] (1.00); Norway House 17A [Q22395222] (1.00); Norway House 17B [Q22395241] (1.00),1.0
ambiguous,9646,TSU K'ADHE TUE 196F,AB,Ts’u K’adhe Kué 196F [Q85810923] (0.77); Hokedhe Túe 196E [Q85766968] (0.60); Ts’u Kué 196G [Q85810920] (0.57),0.769
ambiguous,10086,CARRY THE KETTLE NAKODA FIRST NATION NO. 76-82,SK,Carry The Kettle 76-82 [Q115903694] (0.85); Carry The Kettle 76-8 [Q115903691] (0.84); Carry The Kettle 76-7 [Q115903680] (0.83),0.85
ambiguous,6813,PORTIER PASS 5,BC,Porlier Pass 5 [Q22553417] (0.82); Aass 3 [Q22351397] (0.67); Grass 15 [Q5597430] (0.50),0.818
ambiguous,9783,OKANESE INDIAN RESERVE NO. 82(FF),SK,Okanese 82(FF) [Q115903866] (1.00); Okanese 82L [Q115903876] (1.00); Okanese 82 [Q22433409] (1.00),1.0
ambiguous,9855,POUNDMAKER INDIAN RESERVE NO. 114-28,SK,Poundmaker 114 [Q22560333] (1.00); Poundmaker 114-28 [Q115903911] (1.00); Poundmaker 114-2A [Q22560343] (0.92),1.0
ambiguous,9806,NORWAY HOUSE INDIAN RESERVE NO. 17C-2,MB,Norway House 17 [Q22395202] (1.00); Norway House 17A [Q22395222] (1.00); Norway House 17B [Q22395241] (1.00),1.0
ambiguous,10066,MUSKOWEKWAN RESERVE NO. 85-73,SK,Muskowekwan 85-73 [Q115903787] (1.00); Muskowekwan 85 [Q22636392] (1.00); Muskowekwan 85A [Q22636630] (1.00),1.0
ambiguous,8252,CANOE CREEK 3,BC,Canoe Creek Indian Reserve No. 3 [Q16851601] (1.00); Canoe Creek 1 [Q22405387] (1.00); Canoe Creek 2 [Q22405408] (1.00),1.0
ambiguous,9332,SWEETGRASS I.R. 113-O28,SK,Sweetgrass 113 [Q22453531] (1.00); Sweetgrass 113-I9 [Q115904011] (0.88); Sweetgrass 113-S6 [Q115904012] (0.88),1.0
ambiguous,9856,MUSKOWEKWAN INDIAN RESERVE NO. 85-56,SK,Muskowekwan 85-56 [Q115903778] (1.00); Muskowekwan 85 [Q22636392] (1.00); Muskowekwan 85A [Q22636630] (1.00),1.0
ambiguous,9983,CARRY THE KETTLE NAKODA FIRST NATION 76-44,SK,Carry The Kettle 76-4 [Q115903648] (1.00); Carry The Kettle 76-44 [Q115903653] (1.00); Carry The Kettle 76-7 [Q115903680] (1.00),1.0
ambiguous,9794,RED SUCKER LAKE INDIAN RESERVE NO. 1976 H,MB,Red Sucker Lake 1976 [Q115692340] (1.00); Red Sucker Lake 1976 H [Q115692352] (1.00); Red Sucker Lake 1976 A [Q115692342] (0.93),1.0
ambiguous,9463,BEARDY'S & OKEMASIS I.R. 96 & 97C,SK,Beardy's & Okemasis 96 & 97-A [Q115903615] (1.00); Beardy's & Okemasis 96 & 97-B [Q115903616] (1.00); Beardy's & Okemasis 96 & 97-C [Q115903617] (1.00),1.0
ambiguous,6171,WAHNAPITAE INDIAN RESERVE NO. 11,ON,Wahnapitei Indian Reserve 11 [Q22438581] (0.78); Attawapiskat Indian Reserve 91 [Q21070652] (0.44); Wahta Mohawk Territory [Q7959850] (0.44),0.778
ambiguous,10075,CARRY THE KETTLE NAKODA FIRST NATION NO. 76-71,SK,Carry The Kettle 76-71 [Q115903682] (0.89); Carry The Kettle 76-7 [Q115903680] (0.89); Carry The Kettle 76-76 [Q115903687] (0.89),0.895
ambiguous,9862,MUSKOWEKWAN INDIAN RESERVE NO. 85-57,SK,Muskowekwan 85-57 [Q115903996] (1.00); Muskowekwan 85 [Q22636392] (1.00); Muskowekwan 85A [Q22636630] (1.00),1.0
ambiguous,10081,CARRY THE KETTLE NAKODA FIRST NATION NO. 76-77,SK,Carry The Kettle 76-77 [Q115903688] (0.89); Carry The Kettle 76-7 [Q115903680] (0.89); Carry The Kettle 76-76 [Q115903687] (0.89),0.895
ambiguous,9592,CARRY THE KETTLE NAKODA I.R. 76-8,SK,Carry The Kettle 76-7 [Q115903680] (1.00); Carry The Kettle 76-76 [Q115903687] (1.00); Carry The Kettle 76-8 [Q115903691] (1.00),1.0
ambiguous,9840,NORWAY HOUSE INDIAN RESERVE NO. 17C-36,MB,Norway House 17 [Q22395202] (1.00); Norway House 17A [Q22395222] (1.00); Norway House 17B [Q22395241] (1.00),1.0
ambiguous,9320,OKANESE I.R. 82(J),SK,Okanese 82L [Q115903876] (1.00); Okanese 82 [Q22433409] (1.00); Okanese 82A [Q22433425] (1.00),1.0
ambiguous,10029,CARRY THE KETTLE NAKODA FIRST NATION NO. 76-57,SK,Carry The Kettle 76-57 [Q115903667] (0.85); Carry The Kettle 76-5 [Q115903659] (0.84); Carry The Kettle 76-7 [Q115903680] (0.83),0.85
ambiguous,9835,NORWAY HOUSE INDIAN RESERVE NO. 17C-31,MB,Norway House 17 [Q22395202] (1.00); Norway House 17A [Q22395222] (1.00); Norway House 17B [Q22395241] (1.00),1.0
ambiguous,9953,CARRY THE KETTLE NAKODA FIRST NATION NO. 76-40,SK,Carry The Kettle 76-40 [Q115903649] (0.85); Carry The Kettle 76-4 [Q115903648] (0.84); Carry The Kettle 76-7 [Q115903680] (0.83),0.85
ambiguous,10222,CARRY THE KETTLE NAKODA FIRST NATION #76-112,SK,Carry The Kettle 76-11 [Q115903619] (1.00); Carry The Kettle 76-12 [Q115903621] (1.00); Carry The Kettle 76-7 [Q115903680] (1.00),1.0
ambiguous,8278,STONE 1A,BC,Redstone Cemetery 1B [Q22591709] (1.00); Redstone Flat 1 [Q22591721] (1.00); Redstone Flat 1A [Q22591729] (1.00),1.0
ambiguous,10257,TSAA NUNA,BC,Tsak 9 [Q22530083] (0.67); Tsa Xana 18 [Q22529909] (0.57); Hanatsa 6 [Q22593493] (0.50),0.667
ambiguous,91727,SWEETGRASS I.R. 113-D33,SK,Sweetgrass 113 [Q22453531] (1.00); Sweetgrass 113-I9 [Q115904011] (0.88); Sweetgrass 113-S6 [Q115904012] (0.88),1.0
ambiguous,8170,REDSTONE FLAT 1,BC,Redstone Flat 1 [Q22591721] (1.00); Redstone Flat 1A [Q22591729] (1.00); Stone 1 [Q22403848] (1.00),1.0
ambiguous,9825,NORWAY HOUSE INDIAN RESERVE NO. 17C-21,MB,Norway House 17 [Q22395202] (1.00); Norway House 17A [Q22395222] (1.00); Norway House 17B [Q22395241] (1.00),1.0
ambiguous,10253,MISHI SAKAHIKANIING,ON,Mnjikaning Indian Reserve 32 [Q22356177] (0.67); Winisk Indian Reserve 90 [Q22626887] (0.60); Pikangikum Indian Reserve 14 [Q22359302] (0.50),0.667
ambiguous,10085,CARRY THE KETTLE NAKODA FIRST NATION NO. 76-81,SK,Carry The Kettle 76-81 [Q115903693] (0.85); Carry The Kettle 76-8 [Q115903691] (0.84); Carry The Kettle 76-7 [Q115903680] (0.83),0.85
ambiguous,9811,NORWAY HOUSE INDIAN RESERVE NO. 17C-7,MB,Norway House 17 [Q22395202] (1.00); Norway House 17A [Q22395222] (1.00); Norway House 17B [Q22395241] (1.00),1.0
ambiguous,9819,NORWAY HOUSE INDIAN RESERVE NO. 17C-15,MB,Norway House 17 [Q22395202] (1.00); Norway House 17A [Q22395222] (1.00); Norway House 17B [Q22395241] (1.00),1.0
ambiguous,9209,PELICAN LAKE FIRST NATION RESERVE NO. 191-A,SK,Pelican Lake 191A [Q22509630] (1.00); Pelican Lake 191B [Q22509637] (1.00); Pelican Lake 191C [Q22509643] (1.00),1.0
ambiguous,10247,NORWAY HOUSE INDIAN RESERVE,MB,Norway House 17 [Q22395202] (1.00); Norway House 17A [Q22395222] (1.00); Norway House 17B [Q22395241] (1.00),1.0
ambiguous,9832,NORWAY HOUSE INDIAN RESERVE NO. 17C-28,MB,Norway House 17 [Q22395202] (1.00); Norway House 17A [Q22395222] (1.00); Norway House 17B [Q22395241] (1.00),1.0
ambiguous,9423,PELICAN LAKE I.R. 191-D,SK,Pelican Lake 191A [Q22509630] (1.00); Pelican Lake 191B [Q22509637] (1.00); Pelican Lake 191C [Q22509643] (1.00),1.0
ambiguous,9961,SWEET GRASS INDIAN RESERVE NO. 113-D12,SK,Sweet Grass 113-D12 [Q115903968] (1.00); Sweetgrass 113 [Q22453531] (0.89); Sweet Grass 113-I4 [Q115904010] (0.79),1.0
ambiguous,9537,POUNDMAKER INDIAN RESERVE NO. 114-11A,SK,Poundmaker 114 [Q22560333] (1.00); Poundmaker 114-11A [Q115903896] (1.00); Poundmaker 114-1A [Q115903908] (1.00),1.0
ambiguous,9669,CARRY THE KETTLE NAKOTA I.R. 76-2,SK,Carry The Kettle 76-2 [Q115903628] (1.00); Carry The Kettle 76-7 [Q115903680] (1.00); Carry The Kettle 76-76 [Q115903687] (1.00),1.0
ambiguous,9095,MOOSEOCOOT,MB,Mooseocoot [Q22384282] (1.00); Mooseocoot 2 [Q115692185] (1.00); Mooseocoot 3 [Q115692188] (1.00),1.0
ambiguous,9913,SAULTEAUX I.R. 159 FF,SK,Saulteaux 159AA [Q115903933] (1.00); Saulteaux 159DD [Q115903934] (1.00); Saulteaux 159EE [Q115903935] (1.00),1.0
ambiguous,9440,SWEETGRASS I.R. 113-K32,SK,Sweetgrass 113 [Q22453531] (1.00); Sweet Grass 113-K32 [Q115903971] (0.94); Sweetgrass 113-I9 [Q115904011] (0.88),1.0
ambiguous,9808,NORWAY HOUSE INDIAN RESERVE NO. 17C-4,MB,Norway House 17 [Q22395202] (1.00); Norway House 17A [Q22395222] (1.00); Norway House 17B [Q22395241] (1.00),1.0
ambiguous,10223,CARRY THE KETTLE NAKODA FIRST NATION #76-113,SK,Carry The Kettle 76-11 [Q115903619] (1.00); Carry The Kettle 76-13 [Q115903622] (1.00); Carry The Kettle 76-7 [Q115903680] (1.00),1.0
ambiguous,9962,CARRY THE KETTLE NAKODA FIRST NATION NO. 76-35,SK,Carry The Kettle 76-35 [Q115903644] (0.85); Carry The Kettle 76-3 [Q115903638] (0.84); Carry The Kettle 76-7 [Q115903680] (0.83),0.85
ambiguous,10044,CARRY THE KETTLE NAKODA FIRST NATION NO. 76-61,SK,Carry The Kettle 76-61 [Q115903672] (0.85); Carry The Kettle 76-6 [Q115903670] (0.84); Carry The Kettle 76-7 [Q115903680] (0.83),0.85
ambiguous,10003,CARRY THE KETTLE NAKODA FIRST NATION NO. 76-45,SK,Carry The Kettle 76-45 [Q115903654] (0.85); Carry The Kettle 76-4 [Q115903648] (0.84); Carry The Kettle 76-7 [Q115903680] (0.83),0.85
ambiguous,10207,KAHKEWISTAHAW INDIAN RESERVE NO. 72-X,SK,Kahkewistahaw 72 [Q22503539] (1.00); Kahkewistahaw 72B [Q115903708] (1.00); Kahkewistahaw 72C [Q115903709] (1.00),1.0
ambiguous,10082,CARRY THE KETTLE NAKODA FIRST NATION NO. 76-78,SK,Carry The Kettle 76-78 [Q115903689] (0.89); Carry The Kettle 76-7 [Q115903680] (0.89); Carry The Kettle 76-76 [Q115903687] (0.89),0.895
ambiguous,9210,PELICAN LAKE I.R. 191-B,SK,Pelican Lake 191A [Q22509630] (1.00); Pelican Lake 191B [Q22509637] (1.00); Pelican Lake 191C [Q22509643] (1.00),1.0
ambiguous,9859,MUSKOWEKWAN INDIAN RESERVE NO. 85-58,SK,Muskowekwan 85-58 [Q115903780] (1.00); Muskowekwan 85 [Q22636392] (1.00); Muskowekwan 85A [Q22636630] (1.00),1.0
ambiguous,9848,NORWAY HOUSE INDIAN RESERVE NO. 17C-44,MB,Norway House 17 [Q22395202] (1.00); Norway House 17A [Q22395222] (1.00); Norway House 17B [Q22395241] (1.00),1.0
ambiguous,9954,CARRY THE KETTLE NAKODA FIRST NATION NO. 76-41,SK,Carry The Kettle 76-41 [Q115903650] (0.85); Carry The Kettle 76-4 [Q115903648] (0.84); Carry The Kettle 76-7 [Q115903680] (0.83),0.85
ambiguous,10042,MISTAWASIS INDIAN RESERVE NO. 103L,SK,Mistawasis 103A [Q115903736] (1.00); Mistawasis 103B [Q115903737] (1.00); Mistawasis 103C [Q115903738] (1.00),1.0
ambiguous,6200,CHRISTIAN ISLAND INDIAN RESERVE NO. 30A,ON,Christian Island Indian Reserve 30 [Q20711007] (1.00); Christian Island Indian Reserve 30A [Q20711015] (1.00); Christian Island Indian Reserve 30A [Q22599675] (1.00),1.0
ambiguous,10221,CARRY THE KETTLE NAKODA FIRST NATION #76-111,SK,Carry The Kettle 76-11 [Q115903619] (1.00); Carry The Kettle 76-7 [Q115903680] (1.00); Carry The Kettle 76-76 [Q115903687] (1.00),1.0
ambiguous,9829,NORWAY HOUSE INDIAN RESERVE NO. 17C-25,MB,Norway House 17 [Q22395202] (1.00); Norway House 17A [Q22395222] (1.00); Norway House 17B [Q22395241] (1.00),1.0
ambiguous,9722,CARRY THE KETTLE NAKODA I.R. 76-18,SK,Carry The Kettle 76-18 [Q115903626] (1.00); Carry The Kettle 76-7 [Q115903680] (1.00); Carry The Kettle 76-76 [Q115903687] (1.00),1.0
ambiguous,10013,MUSKOWEKWAN INDIAN RESERVE NO. 85-69,SK,Muskowekwan 85-69 [Q115903786] (1.00); Muskowekwan 85 [Q22636392] (1.00); Muskowekwan 85A [Q22636630] (1.00),1.0
ambiguous,9857,MUSKOWEKWAN INDIAN RESERVE NO. 85-46,SK,Muskowekwan 85-46 [Q115903771] (1.00); Muskowekwan 85 [Q22636392] (1.00); Muskowekwan 85A [Q22636630] (1.00),1.0
ambiguous,9717,CARRY THE KETTLE NAKODA I.R. 76-17,SK,Carry The Kettle 76-17 [Q115903625] (1.00); Carry The Kettle 76-7 [Q115903680] (1.00); Carry The Kettle 76-76 [Q115903687] (1.00),1.0
ambiguous,9745,CARRY THE KETTLE NAKODA I.R. 76-34,SK,Carry The Kettle 76-3 [Q115903638] (1.00); Carry The Kettle 76-34 [Q115903643] (1.00); Carry The Kettle 76-7 [Q115903680] (1.00),1.0
ambiguous,9765,ESKER RIDGE A,MB,Esker Ridge [Q115692144] (1.00); Esker Ridge B [Q115692145] (0.92); Norway House Cree Nation Hayes River Ridge B [Q115692283] (0.75),1.0
ambiguous,9893,CARRY THE KETTLE NAKODA FIRST NATION NO. 76-9,SK,Carry The Kettle 76-9 [Q115903699] (0.84); Carry The Kettle 76-7 [Q115903680] (0.83); Carry The Kettle 76-76 [Q115903687] (0.83),0.842
ambiguous,10198,CARRY THE KETTLE NAKODA FIRST NATION #76-91,SK,Carry The Kettle 76-7 [Q115903680] (1.00); Carry The Kettle 76-76 [Q115903687] (1.00); Carry The Kettle 76-9 [Q115903699] (1.00),1.0
ambiguous,10032,YELLOW QUILL INDIAN RESERVE NO. 90-10,SK,Yellow Quill 90 [Q22647735] (1.00); Yellow Quill 90-10 [Q85816672] (1.00); Yellow Quill 90-11 [Q85816674] (0.92),1.0
ambiguous,9927,KAHKEWISTAHAW INDIAN RESERVE NO. 72-J,SK,Kahkewistahaw 72 [Q22503539] (1.00); Kahkewistahaw 72B [Q115903708] (1.00); Kahkewistahaw 72C [Q115903709] (1.00),1.0
ambiguous,7659,TAHLTAN 10,BC,Tahltan Indian Reserve No. 10 [Q7675582] (1.00); Upper Tahltan 4 [Q22396485] (1.00); Tahltan Forks 5 [Q22458750] (1.00),1.0
ambiguous,9538,POUNDMAKER INDIAN RESERVE NO. 114-16,SK,Poundmaker 114 [Q22560333] (1.00); Poundmaker 114-16 [Q115903902] (1.00); Poundmaker 114-2A [Q22560343] (0.92),1.0
ambiguous,9321,OKANESE I.R. 82(K),SK,Okanese 82L [Q115903876] (1.00); Okanese 82 [Q22433409] (1.00); Okanese 82A [Q22433425] (1.00),1.0
ambiguous,9595,CARRY THE KETTLE NAKODA I.R. 76-14,SK,Carry The Kettle 76-14 [Q115903623] (1.00); Carry The Kettle 76-7 [Q115903680] (1.00); Carry The Kettle 76-76 [Q115903687] (1.00),1.0
ambiguous,9907,CARRY THE KETTLE NAKODA FIRST NATION NO. 76-36,SK,Carry The Kettle 76-36 [Q115903645] (0.85); Carry The Kettle 76-3 [Q115903638] (0.84); Carry The Kettle 76-7 [Q115903680] (0.83),0.85
ambiguous,9890,MUSKOWEKWAN INDIAN RESERVE NO. 85-61,SK,Muskowekwan 85-61 [Q115903782] (1.00); Muskowekwan 85 [Q22636392] (1.00); Muskowekwan 85A [Q22636630] (1.00),1.0
ambiguous,6338,CHIPPEWA ISLAND INDIAN RESERVE,ON,Chippewas of Georgina Island First Nation [Q5101689] (1.00); Chippewa Island [Q22494217] (1.00); Chippewa Island Indian Reserve [Q22494228] (1.00),1.0
ambiguous,6665,TALL CREE 173A,AB,Tallcree 173 [Q22460854] (0.86); Tallcree 173A [Q22460863] (0.86); Enoch Cree Nation 135 [Q7619585] (0.50),0.857
ambiguous,10117,KAHKEWISTAHAW INDIAN RESERVE NO 72-W,SK,Kahkewistahaw 72 [Q22503539] (1.00); Kahkewistahaw 72B [Q115903708] (1.00); Kahkewistahaw 72C [Q115903709] (1.00),1.0
ambiguous,9894,CARRY THE KETTLE NAKODA FIRST NATION NO. 76-30,SK,Carry The Kettle 76-30 [Q115903639] (0.85); Carry The Kettle 76-3 [Q115903638] (0.84); Carry The Kettle 76-7 [Q115903680] (0.83),0.85
ambiguous,10055,CARRY THE KETTLE NAKODA FIRST NATION INDIAN RESERVE NO. 76-23,SK,Carry The Kettle 76-23 [Q115903633] (0.85); Carry The Kettle 76-2 [Q115903628] (0.84); Carry The Kettle 76-7 [Q115903680] (0.83),0.85
ambiguous,10108,KAHKEWISTAHAW INDIAN RESERVE NO. 72-Q,SK,Kahkewistahaw 72 [Q22503539] (1.00); Kahkewistahaw 72B [Q115903708] (1.00); Kahkewistahaw 72C [Q115903709] (1.00),1.0
ambiguous,10004,CARRY THE KETTLE NAKODA FIRST NATION NO. 76-49,SK,Carry The Kettle 76-49 [Q115903658] (0.85); Carry The Kettle 76-4 [Q115903648] (0.84); Carry The Kettle 76-7 [Q115903680] (0.83),0.85
ambiguous,9986,CARRY THE KETTLE NAKODA FIRST NATION 76-56,SK,Carry The Kettle 76-5 [Q115903659] (1.00); Carry The Kettle 76-56 [Q115903666] (1.00); Carry The Kettle 76-7 [Q115903680] (1.00),1.0
ambiguous,10095,NITXELI TUWÉ 4 INDIAN RESERVE,MB,Nį̀txeli Tuwé 1 [Q115692211] (1.00); Nį̀txeli Tuwé 2 [Q115692212] (1.00); Nį̀txeli Tuwé 4 [Q115692213] (1.00),1.0
ambiguous,9858,ONE ARROW INDIAN RESERVE NO. 95-1J,SK,One Arrow 95-1J [Q115903882] (1.00); One Arrow 95 [Q22616096] (1.00); One Arrow 95-1B [Q115903877] (0.91),1.0
ambiguous,9980,FISHING LAKE INDIAN RESERVE NO. 89D1,SK,Fishing Lake 89D1 [Q85761116] (1.00); Fishing Lake 89 [Q22476097] (1.00); Fishing Lake 89A [Q22476111] (1.00),1.0
ambiguous,9183,SAULTEAUX JUNCTION INDIAN RESERVE NO. 74-6,SK,Saulteaux 159AA [Q115903933] (1.00); Saulteaux 159DD [Q115903934] (1.00); Saulteaux 159EE [Q115903935] (1.00),1.0
ambiguous,9789,RED SUCKER LAKE INDIAN RESERVE NO. 1976 A,MB,Red Sucker Lake 1976 [Q115692340] (1.00); Red Sucker Lake 1976 A [Q115692342] (1.00); Red Sucker Lake 1976 B [Q115692344] (0.93),1.0
ambiguous,9591,CARRY THE KETTLE NAKODA I.R. 76-7,SK,Carry The Kettle 76-7 [Q115903680] (1.00); Carry The Kettle 76-76 [Q115903687] (1.00); Carry The Kettle 76-2 [Q115903628] (0.95),1.0
ambiguous,8426,MCDAMES CREEK 2,BC,McDames Creek Indian Reserve No. 2 [Q6800830] (1.00); McDames Creek 2 [Q22469505] (1.00); Bees 6 [Q22368404] (0.67),1.0
ambiguous,6422,OPASKWAYAK CREE NATION 21 (STONY POINT),MB,Opaskwayak Cree Nation 21 [Q22446119] (1.00); Opaskwayak Cree Nation 21A [Q22446129] (1.00); Opaskwayak Cree Nation 21B [Q22446145] (1.00),1.0
ambiguous,10194,STURGEON LAKE INDIAN RESERVE NO. 101E,SK,Sturgeon Lake 101B [Q115903963] (1.00); Sturgeon Lake 101C [Q115903964] (1.00); Sturgeon Lake 101D [Q115903965] (1.00),1.0
ambiguous,9593,CARRY THE KETTLE NAKODA I.R. 76-11,SK,Carry The Kettle 76-11 [Q115903619] (1.00); Carry The Kettle 76-7 [Q115903680] (1.00); Carry The Kettle 76-76 [Q115903687] (1.00),1.0
ambiguous,6407,CANUPAWAKPA DAKOTA FIRST NATION,MB,Dakota Tipi 1 [Q22555104] (0.60); Dakota Plains 6A [Q22555095] (0.50); Sapotaweyak Cree Nation (SCN) Swan River Lot 2 [Q115692364] (0.40),0.6
ambiguous,9776,OKANESE INDIAN RESERVE NO. 82(L),SK,Okanese 82L [Q115903876] (1.00); Okanese 82 [Q22433409] (1.00); Okanese 82A [Q22433425] (1.00),1.0
ambiguous,10073,CARRY THE KETTLE NAKODA FIRST NATION NO. 76-69,SK,Carry The Kettle 76-69 [Q115903679] (0.85); Carry The Kettle 76-6 [Q115903670] (0.84); Carry The Kettle 76-7 [Q115903680] (0.83),0.85
ambiguous,9391,LOON PRAIRIE 237,AB,John D'Or Prairie 215 [Q6228082] (0.73); Blood 148 [Q4927553] (0.50); Blood 148A [Q22572256] (0.50),0.727
ambiguous,9154,OKANESE I.R. 82(B),SK,Okanese 82(BB) [Q115903863] (1.00); Okanese 82L [Q115903876] (1.00); Okanese 82 [Q22433409] (1.00),1.0
ambiguous,9891,MUSKOWEKWAN INDIAN RESERVE NO. 85-65,SK,Muskowekwan 85-65 [Q115903784] (1.00); Muskowekwan 85 [Q22636392] (1.00); Muskowekwan 85A [Q22636630] (1.00),1.0
ambiguous,10010,CARRY THE KETTLE NAKODA FIRST NATION NO. 76-58,SK,Carry The Kettle 76-58 [Q115903668] (0.85); Carry The Kettle 76-5 [Q115903659] (0.84); Carry The Kettle 76-7 [Q115903680] (0.83),0.85
ambiguous,6409,SIOUX VALLEY DAKOTA NATION,MB,Sioux Valley 58A [Q115692367] (1.00); Sioux Valley First Nation [Q3485146] (1.00); Birdtail Sioux Dakota Nation 57C [Q115692130] (0.61),1.0
ambiguous,9196,OKANESE I.R. 82(E),SK,Okanese 82(EE) [Q115903865] (1.00); Okanese 82L [Q115903876] (1.00); Okanese 82 [Q22433409] (1.00),1.0
ambiguous,10146,NORWAY HOUSE CREE NATION PROVINCIAL ROAD 373B INDIAN RESERVE,MB,Norway House 17 [Q22395202] (1.00); Norway House 17A [Q22395222] (1.00); Norway House 17B [Q22395241] (1.00),1.0
ambiguous,9809,NORWAY HOUSE INDIAN RESERVE NO. 17C-5,MB,Norway House 17 [Q22395202] (1.00); Norway House 17A [Q22395222] (1.00); Norway House 17B [Q22395241] (1.00),1.0
ambiguous,9354,KEESEEKOOSE I.R. KK NO. 66-ST-04,SK,Keeseekoose 66 [Q22368272] (1.00); Keeseekoose Kk 66-ST-04 [Q115903731] (1.00); Keeseekoose 66A [Q22368655] (1.00),1.0
ambiguous,10030,CARRY THE KETTLE NAKODA FIRST NATION NO. 76-60,SK,Carry The Kettle 76-60 [Q115903671] (0.85); Carry The Kettle 76-6 [Q115903670] (0.84); Carry The Kettle 76-7 [Q115903680] (0.83),0.85
ambiguous,9407,OKANESE I.R. 82(M),SK,Okanese 82L [Q115903876] (1.00); Okanese 82 [Q22433409] (1.00); Okanese 82A [Q22433425] (1.00),1.0
ambiguous,9883,MUSKOWEKWAN INDIAN RESERVE NO. 85-62,SK,Muskowekwan 85-62 [Q115903998] (1.00); Muskowekwan 85 [Q22636392] (1.00); Muskowekwan 85A [Q22636630] (1.00),1.0
ambiguous,9784,MUSKOWEKWAN INDIAN RESERVE NO. 85-51,SK,Muskowekwan 85-51 [Q115903775] (1.00); Muskowekwan 85 [Q22636392] (1.00); Muskowekwan 85A [Q22636630] (1.00),1.0
ambiguous,9159,SWEETGRASS I.R. 113-C19,SK,Sweetgrass 113 [Q22453531] (1.00); Sweet Grass 113-C19 [Q22453379] (0.94); Sweetgrass 113-I9 [Q115904011] (0.88),1.0
ambiguous,9952,YELLOW QUILL INDIAN RESERVE NO. 90-9,SK,Yellow Quill 90-8 [Q22647505] (1.00); Yellow Quill 90 [Q22647735] (1.00); Yellow Quill 90-10 [Q85816672] (1.00),1.0
ambiguous,9830,NORWAY HOUSE INDIAN RESERVE NO. 17C-26,MB,Norway House 17 [Q22395202] (1.00); Norway House 17A [Q22395222] (1.00); Norway House 17B [Q22395241] (1.00),1.0
ambiguous,10041,MUSKOWEKWAN RESERVE NO. 85-74,SK,Muskowekwan Reserve 85-74 [Q115903789] (1.00); Muskowekwan 85 [Q22636392] (1.00); Muskowekwan 85A [Q22636630] (1.00),1.0
ambiguous,9389,LOON LAKE 235,AB,Pigeon Lake 138A [Q7193304] (0.75); Sturgeon Lake 154 [Q7629016] (0.75); Sturgeon Lake 154A [Q22422686] (0.75),0.75
ambiguous,10022,CARRY THE KETTLE NAKODA FIRST NATION NO. 76-53,SK,Carry The Kettle 76-53 [Q115903663] (0.85); Carry The Kettle 76-5 [Q115903659] (0.84); Carry The Kettle 76-7 [Q115903680] (0.83),0.85
ambiguous,9826,NORWAY HOUSE INDIAN RESERVE NO. 17C-22,MB,Norway House 17 [Q22395202] (1.00); Norway House 17A [Q22395222] (1.00); Norway House 17B [Q22395241] (1.00),1.0
ambiguous,10255,WUSKWI SIPIHK FIRST NATION KINOSAO OTENAK RESERVE,MB,Wuskwi Sipi [Q115692411] (1.00); Wuskwi Sipihk 4 [Q115692412] (1.00); Wuskwi Sipihk 5 [Q115692413] (1.00),1.0
ambiguous,9723,CARRY THE KETTLE NAKODA I.R. 76-19,SK,Carry The Kettle 76-19 [Q115903627] (1.00); Carry The Kettle 76-7 [Q115903680] (1.00); Carry The Kettle 76-76 [Q115903687] (1.00),1.0
ambiguous,10039,MUSKOWEKWAN RESERVE NO. 85-71,SK,Muskowekwan Reserve 85-71 [Q115903788] (1.00); Muskowekwan 85 [Q22636392] (1.00); Muskowekwan 85A [Q22636630] (1.00),1.0
ambiguous,9442,SWEETGRASS I.R. 113-I4,SK,Sweetgrass 113 [Q22453531] (1.00); Sweet Grass 113-I4 [Q115904010] (0.94); Sweetgrass 113-I9 [Q115904011] (0.94),1.0
ambiguous,10077,CARRY THE KETTLE NAKODA FIRST NATION NO. 76-73,SK,Carry The Kettle 76-73 [Q115903684] (0.89); Carry The Kettle 76-7 [Q115903680] (0.89); Carry The Kettle 76-76 [Q115903687] (0.89),0.895
ambiguous,10241,MARTEN RIVER,AB,Swan River 150E [Q7653504] (0.67); House River Indian Cemetery 178 [Q22646136] (0.64); Amber River 211 [Q4741294] (0.56),0.667
ambiguous,10256,WUSKWI SIPIHK FIRST NATION MESKANOW MIHTESKANAHK KAWASKITIK RESERVE,MB,Wuskwi Sipi [Q115692411] (1.00); Wuskwi Sipihk 4 [Q115692412] (1.00); Wuskwi Sipihk 5 [Q115692413] (1.00),1.0
ambiguous,9596,CARRY THE KETTLE NAKODA I.R. 76-15,SK,Carry The Kettle 76-15 [Q115903624] (1.00); Carry The Kettle 76-7 [Q115903680] (1.00); Carry The Kettle 76-76 [Q115903687] (1.00),1.0
ambiguous,9941,MUSKOWEKWAN INDIAN RESERVE NO. 85-67,SK,Muskowekwan 85-67 [Q115903785] (1.00); Muskowekwan 85 [Q22636392] (1.00); Muskowekwan 85A [Q22636630] (1.00),1.0
ambiguous,10170,NEEKWASKAN LAKE 4 INDIAN RESERVE,MB,Neekwaskan Lake 2 [Q115692202] (1.00); Neekwaskan Lake 4 [Q115692204] (1.00); Swan Lake 7a [Q115692373] (0.88),1.0
ambiguous,9198,OKANESE I.R. 82(G),SK,Okanese 82(GG) [Q115903867] (1.00); Okanese 82L [Q115903876] (1.00); Okanese 82 [Q22433409] (1.00),1.0
ambiguous,9792,RED SUCKER LAKE INDIAN RESERVE NO. 1976 D,MB,Red Sucker Lake 1976 [Q115692340] (1.00); Red Sucker Lake 1976 D [Q115692348] (1.00); Red Sucker Lake 1976 A [Q115692342] (0.93),1.0
ambiguous,10043,CARRY THE KETTLE NAKODA FIRST NATION NO. 76-67,SK,Carry The Kettle 76-67 [Q115903678] (0.85); Carry The Kettle 76-6 [Q115903670] (0.84); Carry The Kettle 76-7 [Q115903680] (0.83),0.85
ambiguous,9813,NORWAY HOUSE INDIAN RESERVE NO. 17C-9,MB,Norway House 17 [Q22395202] (1.00); Norway House 17A [Q22395222] (1.00); Norway House 17B [Q22395241] (1.00),1.0
ambiguous,9820,NORWAY HOUSE INDIAN RESERVE NO. 17C-16,MB,Norway House 17 [Q22395202] (1.00); Norway House 17A [Q22395222] (1.00); Norway House 17B [Q22395241] (1.00),1.0
ambiguous,10144,CARRY THE KETTLE NAKODA FIRST NATION INDIAN RESERVE NO. 76-28,SK,Carry The Kettle 76-28 [Q115903636] (0.85); Carry The Kettle 76-2 [Q115903628] (0.84); Carry The Kettle 76-7 [Q115903680] (0.83),0.85
ambiguous,10169,NEEKWASKAN LAKE 2 INDIAN RESERVE,MB,Neekwaskan Lake 2 [Q115692202] (1.00); Neekwaskan Lake 4 [Q115692204] (1.00); Swan Lake 7a [Q115692373] (0.88),1.0
ambiguous,10118,TL'ODIZECHÉ INDIAN RESERVE,MB,Tł’odį̀zeché [Q115692390] (0.80); Brochet 197 [Q22596090] (0.33); Little Saskatchewan 48 [Q22566548] (0.30),0.8
ambiguous,131,PHEASANT RUMP NAKOTA BAND I.R. 68,SK,Pheasant Rump Nakota 68F [Q115903886] (1.00); Pheasant Rump Nakota 68H [Q115903887] (1.00); Pheasant Rump Nakota 68C [Q115903883] (1.00),1.0
ambiguous,6265,THE DALLES INDIAN RESERVE NO. 38C,ON,The Dalles Indian Reserve 38C [Q21070721] (1.00); The  Dalles Indian Reserve 38C [Q22365471] (1.00); Lac des Mille Lacs Indian Reserve 22A1 [Q21070828] (0.56),1.0
ambiguous,10200,KAHKEWISTAHAW INDIAN RESERVE NO. 72-P,SK,Kahkewistahaw 72 [Q22503539] (1.00); Kahkewistahaw 72-P [Q115903706] (1.00); Kahkewistahaw 72B [Q115903708] (1.00),1.0
ambiguous,10168,ROLLING RIVER FIRST NATION – 67C INDIAN RESERVE,MB,Rolling River 67a [Q115692354] (1.00); Rolling River 67b [Q115692356] (1.00); Rolling River 67c [Q115692357] (1.00),1.0
ambiguous,6262,MOOSE FACTORY INDIAN RESERVE NO. 68,ON,Moose Factory Indian Reserve 68 [Q22356195] (1.00); Moose Factory Indian Reserve 68 [Q20711028] (1.00); Factory Island Indian Reserve 1 [Q20709547] (0.50),1.0
ambiguous,10179,KEESEEKOOSE INDIAN RESERVE NO. 66-CA-08,SK,Keeseekoose 66 [Q22368272] (1.00); Keeseekoose 66-CA-08 [Q115903727] (1.00); Keeseekoose 66A [Q22368655] (1.00),1.0
ambiguous,9597,CARRY THE KETTLE NAKODA I.R. 76-32,SK,Carry The Kettle 76-3 [Q115903638] (1.00); Carry The Kettle 76-32 [Q115903641] (1.00); Carry The Kettle 76-7 [Q115903680] (1.00),1.0
ambiguous,9805,NORWAY HOUSE INDIAN RESERVE NO. 17C-1,MB,Norway House 17 [Q22395202] (1.00); Norway House 17A [Q22395222] (1.00); Norway House 17B [Q22395241] (1.00),1.0
ambiguous,9643,LI DEZE 196C,AB,Łı̨ Dezé 196C [Q85817261] (0.67); Fort Vermilion 173B [Q5472225] (0.17); Alexander 134 [Q4718161] (0.17),0.667
ambiguous,9900,MUSKOWEKWAN INDIAN RESERVE NO. 85-66,SK,Muskowekwan 85-66 [Q115904000] (1.00); Muskowekwan 85 [Q22636392] (1.00); Muskowekwan 85A [Q22636630] (1.00),1.0
ambiguous,9903,MUSKOWEKWAN INDIAN RESERVE NO. 85-60,SK,Muskowekwan 85-60 [Q115903781] (1.00); Muskowekwan 85 [Q22636392] (1.00); Muskowekwan 85A [Q22636630] (1.00),1.0
ambiguous,10078,CARRY THE KETTLE NAKODA FIRST NATION NO. 76-74,SK,Carry The Kettle 76-74 [Q115903685] (0.89); Carry The Kettle 76-7 [Q115903680] (0.89); Carry The Kettle 76-76 [Q115903687] (0.89),0.895
ambiguous,10219,CARRY THE KETTLE NAKODA FIRST NATION #76-90,SK,Carry The Kettle 76-7 [Q115903680] (1.00); Carry The Kettle 76-76 [Q115903687] (1.00); Carry The Kettle 76-9 [Q115903699] (1.00),1.0
ambiguous,9485,MUSKEG LAKE I.R. 102 C,SK,Muskeg Lake 102C [Q115903749] (1.00); Muskeg Lake 102H [Q115903750] (1.00); Muskeg Lake 102J [Q115903751] (1.00),1.0
ambiguous,10210,OCEAN MAN INDIAN RESERVE NO. 69Q,SK,Ocean Man 69 [Q22424247] (1.00); Ocean Man 69A [Q22424267] (1.00); Ocean Man 69B [Q22424286] (1.00),1.0
ambiguous,9850,NORWAY HOUSE INDIAN RESERVE NO. 17C-46,MB,Norway House 17 [Q22395202] (1.00); Norway House 17A [Q22395222] (1.00); Norway House 17B [Q22395241] (1.00),1.0
ambiguous,10234,OCEAN MAN INDIAN RESERVE NO. 69R,SK,Ocean Man 69 [Q22424247] (1.00); Ocean Man 69A [Q22424267] (1.00); Ocean Man 69B [Q22424286] (1.00),1.0
ambiguous,9317,OKANESE I.R. 82(H),SK,Okanese 82(HH) [Q115903868] (1.00); Okanese 82L [Q115903876] (1.00); Okanese 82 [Q22433409] (1.00),1.0
ambiguous,9985,CARRY THE KETTLE NAKODA FIRST NATION 76-47,SK,Carry The Kettle 76-4 [Q115903648] (1.00); Carry The Kettle 76-47 [Q115903656] (1.00); Carry The Kettle 76-7 [Q115903680] (1.00),1.0
ambiguous,9598,CARRY THE KETTLE NAKODA I.R. 76-13,SK,Carry The Kettle 76-13 [Q115903622] (1.00); Carry The Kettle 76-7 [Q115903680] (1.00); Carry The Kettle 76-76 [Q115903687] (1.00),1.0
ambiguous,9906,CARRY THE KETTLE NAKODA FIRST NATION NO. 76-21,SK,Carry The Kettle 76-21 [Q115903630] (0.85); Carry The Kettle 76-2 [Q115903628] (0.84); Carry The Kettle 76-7 [Q115903680] (0.83),0.85
ambiguous,6220,CHIEF'S POINT INDIAN RESERVE NO. 28,ON,Chief's Point Indian Reserve No. 28 [Q22599540] (1.00); Indian Reserve Point [Q22434675] (1.00); Chief's Point 28 [Q22491868] (1.00),1.0
ambiguous,9197,OKANESE I.R. 82(F),SK,Okanese 82(FF) [Q115903866] (1.00); Okanese 82L [Q115903876] (1.00); Okanese 82 [Q22433409] (1.00),1.0
ambiguous,10072,CARRY THE KETTLE NAKODA FIRST NATION NO. 76-84,SK,Carry The Kettle 76-84 [Q115903695] (0.85); Carry The Kettle 76-8 [Q115903691] (0.84); Carry The Kettle 76-7 [Q115903680] (0.83),0.85
ambiguous,9884,MUSKOWEKWAN INDIAN RESERVE NO. 85-64,SK,Muskowekwan 85-64 [Q115903783] (1.00); Muskowekwan 85 [Q22636392] (1.00); Muskowekwan 85A [Q22636630] (1.00),1.0
ambiguous,9981,OCHAPOWACE INDIAN RESERVE NO. 71-132,SK,Ochapowace 71-132 [Q115903819] (1.00); Ochapowace 71 [Q22424546] (1.00); Ochapowace 71-130 [Q115903817] (0.92),1.0
ambiguous,9837,NORWAY HOUSE INDIAN RESERVE NO. 17C-33,MB,Norway House 17 [Q22395202] (1.00); Norway House 17A [Q22395222] (1.00); Norway House 17B [Q22395241] (1.00),1.0
ambiguous,9471,ONION LAKE INDIAN RESERVE NO. 119-2,SK,Onion Lake 119-2 [Q85790785] (1.00); Onion Lake 119-1 [Q85790781] (0.90); Knee Lake 192B [Q22545333] (0.62),1.0
ambiguous,9594,CARRY THE KETTLE NAKODA I.R. 76-12,SK,Carry The Kettle 76-12 [Q115903621] (1.00); Carry The Kettle 76-7 [Q115903680] (1.00); Carry The Kettle 76-76 [Q115903687] (1.00),1.0
ambiguous,10235,COQUALEETZA,BC,Quaal 3 [Q22634235] (0.75); Quaal 3A [Q22634246] (0.75); Quaee 7 [Q22634411] (0.75),0.75
ambiguous,9889,TSU NEDEHE TUE 196H,AB,Ts’u Nedhé 196H [Q85810925] (0.67); Hokedhe Túe 196E [Q85766968] (0.60); Tsuu T'ina Nation 145 [Q7850354] (0.44),0.667
ambiguous,9319,SWEETGRASS I.R. 113-N27,SK,Sweetgrass 113 [Q22453531] (1.00); Sweet Grass 113-N27 [Q22453400] (0.94); Sweetgrass 113-I9 [Q115904011] (0.88),1.0
ambiguous,10196,CARRY THE KETTLE NAKODA FIRST NATION #76-88,SK,Carry The Kettle 76-7 [Q115903680] (1.00); Carry The Kettle 76-76 [Q115903687] (1.00); Carry The Kettle 76-8 [Q115903691] (1.00),1.0
ambiguous,9860,MUSKOWEKWAN INDIAN RESERVE NO. 85-59,SK,Muskowekwan 85-59 [Q115903997] (1.00); Muskowekwan 85 [Q22636392] (1.00); Muskowekwan 85A [Q22636630] (1.00),1.0
ambiguous,10224,CARRY THE KETTLE NAKODA FIRST NATION #76-114,SK,Carry The Kettle 76-11 [Q115903619] (1.00); Carry The Kettle 76-14 [Q115903623] (1.00); Carry The Kettle 76-7 [Q115903680] (1.00),1.0
ambiguous,10080,CARRY THE KETTLE NAKODA FIRST NATION NO. 76-76,SK,Carry The Kettle 76-7 [Q115903680] (0.94); Carry The Kettle 76-76 [Q115903687] (0.94); Carry The Kettle 76-2 [Q115903628] (0.89),0.944
ambiguous,10240,LUBICON LAKE,AB,Cold Lake 149 [Q5142295] (0.62); Cold Lake 149A [Q22520451] (0.62); Cold Lake 149B [Q22520461] (0.62),0.625
ambiguous,10244,BISON LAKE,AB,Bistcho Lake 213 [Q4918495] (0.67); Pigeon Lake 138A [Q7193304] (0.67); Sturgeon Lake 154 [Q7629016] (0.67),0.667
ambiguous,10166,CARRY THE KETTLE NAKODA FIRST NATION NO. 76-66,SK,Carry The Kettle 76-66 [Q115903677] (0.85); Carry The Kettle 76-6 [Q115903670] (0.84); Carry The Kettle 76-7 [Q115903680] (0.83),0.85
ambiguous,9782,CARRY THE KETTLE NAKODA I.R. 76-29,SK,Carry The Kettle 76-2 [Q115903628] (1.00); Carry The Kettle 76-29 [Q115903637] (1.00); Carry The Kettle 76-7 [Q115903680] (1.00),1.0
ambiguous,9390,SWAMPY LAKE 236,AB,Hay Lake 209 [Q5685825] (0.71); Zama Lake 210 [Q22653917] (0.62); Fox Lake 162 [Q8565204] (0.57),0.714
ambiguous,9838,NORWAY HOUSE INDIAN RESERVE NO. 17C-34,MB,Norway House 17 [Q22395202] (1.00); Norway House 17A [Q22395222] (1.00); Norway House 17B [Q22395241] (1.00),1.0
ambiguous,9974,FLYING DUST FIRST NATION 105 I,SK,Flying Dust First Nation 105J [Q115903701] (1.00); Flying Dust 105D [Q85761437] (1.00); Flying Dust 105E [Q85761440] (1.00),1.0
ambiguous,9158,SWEETGRASS I.R. 113-C7,SK,Sweetgrass 113 [Q22453531] (1.00); Sweet Grass 113-C7 [Q22453391] (0.94); Sweetgrass 113-I9 [Q115904011] (0.88),1.0
ambiguous,9976,FLYING DUST FIRST NATION 105 H,SK,Flying Dust First Nation 105J [Q115903701] (1.00); Flying Dust 105D [Q85761437] (1.00); Flying Dust 105E [Q85761440] (1.00),1.0
ambiguous,6279,NORTHWEST ANGLE INDIAN RESERVE NO. 34C AND 37B,MB,Northwest Angle 34C [Q22391319] (1.00); Northwest Angle 37C [Q22391333] (1.00); Fort Alexander 3 [Q5470716] (0.54),1.0
ambiguous,10254,WUSKWI SIPIHK FIRST NATION KEEWATINOHK RESERVE,MB,Wuskwi Sipi [Q115692411] (1.00); Wuskwi Sipihk 4 [Q115692412] (1.00); Wuskwi Sipihk 5 [Q115692413] (1.00),1.0
ambiguous,10101,BUCTOUCHE MICMAC BAND EXTENSION,NB,Richibucto 15 [Q3431446] (0.67); Pokemouche 13 [Q3393921] (0.44); Renous 12 [Q3425520] (0.40),0.667
ambiguous,9647,TSU TUE 196G,AB,Tsuu T'ina Nation 145 [Q7850354] (0.67); Hokedhe Túe 196E [Q85766968] (0.50); Ts’u Kué 196G [Q85810920] (0.50),0.667
ambiguous,9955,CARRY THE KETTLE NAKODA FIRST NATION NO. 76-42,SK,Carry The Kettle 76-42 [Q115903651] (0.85); Carry The Kettle 76-4 [Q115903648] (0.84); Carry The Kettle 76-7 [Q115903680] (0.83),0.85
ambiguous,9898,CARRY THE KETTLE NAKODA FIRST NATION IR 76-37,SK,Carry The Kettle 76-3 [Q115903638] (1.00); Carry The Kettle 76-37 [Q115903646] (1.00); Carry The Kettle 76-7 [Q115903680] (1.00),1.0
ambiguous,9153,OKANESE I.R. 82(A),SK,Okanese 82(AA) [Q115903862] (1.00); Okanese 82L [Q115903876] (1.00); Okanese 82 [Q22433409] (1.00),1.0
ambiguous,9849,NORWAY HOUSE INDIAN RESERVE NO. 17C-45,MB,Norway House 17 [Q22395202] (1.00); Norway House 17A [Q22395222] (1.00); Norway House 17B [Q22395241] (1.00),1.0
ambiguous,10258,CHARLIE LAKE,BC,War Lake 4 [Q22548308] (0.71); Davie Lake 28 [Q116290859] (0.67); Uncha Lake 13A [Q22385033] (0.67),0.714
ambiguous,10260,GODS LAKE INDIAN RESERVE NO. 238A,AB,Charles Lake 225 [Q5080016] (0.62); Gregoire Lake 176 [Q5606624] (0.62); Gregoire Lake 176A [Q22439049] (0.62),0.625
ambiguous,6205,PARRY ISLAND FIRST NATION,ON,Factory Island Indian Reserve 1 [Q20709547] (0.73); Bear Island Indian Reserve 1 [Q22542543] (0.70); Big Island Indian Reserve 31D [Q21070662] (0.67),0.727
ambiguous,10284,TWIN LAKES INDIAN RESERVE NO. 238B,AB,Collin Lake 223 [Q5147236] (0.67); Winefred Lake 194B [Q22626315] (0.67); Fox Lake 162 [Q8565204] (0.57),0.667
ambiguous,10281,THAÍ TUWÉ INDIAN RESERVE,MB,Thaí Tuwé [Q115692379] (1.00); Thaí Tuwé 2 [Q115692380] (1.00); Nį̀txeli Tuwé 1 [Q115692211] (0.62),1.0
ambiguous,6211,ALDERVILLE FIRST NATION RESERVE,ON,Alderville [Q20311177] (1.00); Alderville Indian Reserve 37 [Q22382014] (1.00); Lac des Mille Lacs Indian Reserve 22A1 [Q21070828] (0.44),1.0
ambiguous,6217,TYENDINAGA MOHAWK TERRITORY,ON,Tyendinaga Mohawk Territory Indian Reserve [Q22376889] (1.00); Tyendinaga Mohawk Territory [Q22951104] (1.00); Wahta Mohawk Territory [Q7959850] (0.81),1.0
ambiguous,10215,WUSKWI SIPIHK FIRST NATION MISTASINI WAPNOHK RESERVE,MB,Wuskwi Sipi [Q115692411] (1.00); Wuskwi Sipihk 4 [Q115692412] (1.00); Wuskwi Sipihk 5 [Q115692413] (1.00),1.0
ambiguous,6206,WAHTA MOHAWK TERRITORY,ON,Wahta Mohawk Territory [Q7959850] (1.00); Wahta Mohawk Territory Indian Reserve [Q22438749] (1.00); Tyendinaga Mohawk Territory Indian Reserve [Q22376889] (0.81),1.0
ambiguous,9155,BEARDY'S & OKEMASIS I.R. 96 & 97A,SK,Beardy's & Okemasis 96 & 97-A [Q115903615] (1.00); Beardy's & Okemasis 96 & 97-B [Q115903616] (1.00); Beardy's & Okemasis 96 & 97-C [Q115903617] (1.00),1.0
ambiguous,10291,CHIP LAKE IR 166E,AB,Child Lake 164A [Q5097743] (0.75); Bistcho Lake 213 [Q4918495] (0.62); Charles Lake 225 [Q5080016] (0.62),0.75
no_wikidata_item,6065,WHYCOCOMAGH INDIAN RESERVE NO. 2,NS,hist: Whycocomagh (NOVA SCOTIA),
no_wikidata_item,6041,CHAPEL ISLAND INDIAN RESERVE NO. 5,NS,hist: Chapel Island (NOVA SCOTIA),
no_wikidata_item,6011,EEL GROUND INDIAN RESERVE NO. 2,NB,hist: Eel Ground (NEW BRUNSWICK),
no_wikidata_item,10156,METEPENAGIAG URBAN RESERVE 8,NB,hist: Big Hole Track (NEW BRUNSWICK),
no_wikidata_item,6015,INDIAN ISLAND INDIAN RESERVE NO. 28,NB,hist: Indian Island (NEW BRUNSWICK),
no_wikidata_item,6015,INDIAN ISLAND INDIAN RESERVE NO. 28,NB,hist: Indian Island reserve (NEW BRUNSWICK),
no_wikidata_item,6136,MATIMEKOSH INDIAN RESERVE NO. 3,QC,hist: Betsiamits. (QUEBEC),
no_wikidata_item,6204,MAGNETAWAN INDIAN RESERVE NO. 1,ON,hist: Maganettawan (ONTARIO),
no_wikidata_item,6150,DOKIS INDIAN RESERVE NO. 9,ON,hist: Dokis (ONTARIO),
no_wikidata_item,6171,WAHNAPITAE INDIAN RESERVE NO. 11,ON,hist: Wanapitae (ONTARIO),
no_wikidata_item,6205,PARRY ISLAND FIRST NATION,ON,hist: Parry Island (ONTARIO),
no_wikidata_item,6220,CHIEF'S POINT INDIAN RESERVE NO. 28,ON,hist: Chief's Point (ONTARIO),
no_wikidata_item,6195,CHIPPEWAS OF RAMA FIRST NATION,ON,hist: Rama (ONTARIO),
no_wikidata_item,6217,TYENDINAGA MOHAWK TERRITORY,ON,hist: Tyendinaga (ONTARIO),
no_wikidata_item,6248,MANITOU RAPIDS INDIAN RESERVE NO. 11,ON,hist: Manitou Rapids (ONTARIO),
no_wikidata_item,6265,THE DALLES INDIAN RESERVE NO. 38C,ON,"hist: The Dalles, near Rat Portage (ONTARIO)",
no_wikidata_item,6400,FISHING STATION 62A,MB,"hist: Fishing station, sec. 24, 20, 20 W.I.M. (MANITOBA AND THE NORTHWEST TERRITORIES)",
no_wikidata_item,131,PHEASANT RUMP NAKOTA BAND I.R. 68,SK,"hist: Moose Mountain, Pheasant Rump (MANITOBA AND THE NORTHWEST TERRITORIES)",
no_wikidata_item,6555,MUSKODAY FIRST NATION I.R. 99,SK,hist: Muskoday or John Smith (MANITOBA AND THE NORTHWEST TERRITORIES),
no_wikidata_item,6813,PORTIER PASS 5,BC,hist: Portier Pass (BRITISH COLUMBIA),
