queue,reserve_name,province,reserve_no,detail,tier,score
no_match,Middle River,NOVA SCOTIA,,BEAR RIVER INDIAN RESERVE NO. 6 (0.56); BEAR RIVER INDIAN RESERVE NO. 6A (0.56); BEAR RIVER INDIAN RESERVE NO. 6B (0.56),,0.556
no_match,Port Hood,NOVA SCOTIA,26,PONHOOK LAKE INDIAN RESERVE NO. 10 (0.38); SHEET HARBOUR INDIAN RESERVE NO. 36 (0.25); FRANKLIN MANOR INDIAN RESERVE NO. 22 (PART) (0.25),,0.375
no_match,Cegumcega Lake (north of the boundary),NOVA SCOTIA,7,YARMOUTH INDIAN RESERVE NO. 33 (0.43); BEAVER LAKE INDIAN RESERVE NO. 17 (0.40); PONHOOK LAKE INDIAN RESERVE NO. 10 (0.36),,0.429
ambiguous,New Liverpool Road,NOVA SCOTIA,8,NEW ROSS INDIAN RESERVE NO. 20 (0.71); GOLD RIVER INDIAN RESERVE NO. 21 (0.56); BEAR RIVER INDIAN RESERVE NO. 6 (0.44),,0.714
no_match,Cegumcega Lake (south of boundary),NOVA SCOTIA,9,YARMOUTH INDIAN RESERVE NO. 33 (0.57); BEAVER LAKE INDIAN RESERVE NO. 17 (0.40); PONHOOK LAKE INDIAN RESERVE NO. 10 (0.36),,0.571
no_match,Sambro,NOVA SCOTIA,15,MILLBROOK INDIAN RESERVE NO. 27 (0.40); INDIAN BROOK INDIAN RESERVE NO. 14 (0.40); TRURO INDIAN RESERVE NO. 27B (0.25),,0.4
no_match,Ingram's River,NOVA SCOTIA,16,BEAR RIVER INDIAN RESERVE NO. 6 (0.56); BEAR RIVER INDIAN RESERVE NO. 6A (0.56); BEAR RIVER INDIAN RESERVE NO. 6B (0.56),,0.556
ambiguous,Ship Harbour Lake,NOVA SCOTIA,18,SHEET HARBOUR INDIAN RESERVE NO. 36 (0.67); COLE HARBOUR INDIAN RESERVE NO. 30 (0.64); BOAT HARBOUR WEST INDIAN RESERVE NO. 37 (0.53),,0.667
no_match,New Germany,NOVA SCOTIA,19A,NEW ROSS INDIAN RESERVE NO. 20 (0.43); FISHER'S GRANT RESERVE INDIAN RESERVE NO. 24G (0.30); FISHER'S GRANT INDIAN RESERVE NO. 24 (0.30),,0.429
ambiguous,Fisher's Grant Reserves,NOVA SCOTIA,24A,FISHER'S GRANT RESERVE INDIAN RESERVE NO. 24G (1.00); FISHER'S GRANT INDIAN RESERVE NO. 24 (1.00); BEAR RIVER INDIAN RESERVE NO. 6 (0.44),,1.0
ambiguous,Fisher's Grant Reserves,NOVA SCOTIA,24B,FISHER'S GRANT RESERVE INDIAN RESERVE NO. 24G (1.00); FISHER'S GRANT INDIAN RESERVE NO. 24 (1.00); BEAR RIVER INDIAN RESERVE NO. 6 (0.44),,1.0
ambiguous,Fisher's Grant Reserves,NOVA SCOTIA,24C,FISHER'S GRANT RESERVE INDIAN RESERVE NO. 24G (1.00); FISHER'S GRANT INDIAN RESERVE NO. 24 (1.00); BEAR RIVER INDIAN RESERVE NO. 6 (0.44),,1.0
no_match,Mooley's Island (B),NOVA SCOTIA,31A,CHAPEL ISLAND INDIAN RESERVE NO. 5 (0.50); ANNAPOLIS VALLEY FIRST NATION (0.40); INDIAN BROOK INDIAN RESERVE NO. 14 (0.36),,0.5
no_match,Cambridge or Cornwallis,NOVA SCOTIA,32,WALLACE HILLS INDIAN RESERVE NO. 14A (0.36); ANNAPOLIS VALLEY FIRST NATION (0.27); MILLBROOK INDIAN RESERVE NO. 27 (0.25),,0.364
ambiguous,Indian Village (Kingsclear),NEW BRUNSWICK,6,INDIAN ISLAND INDIAN RESERVE NO. 28 (0.70); INDIAN POINT INDIAN RESERVE NO. 1 (0.60); INDIAN RANCH INDIAN RESERVE (0.60),,0.7
no_match,St. Croix,NEW BRUNSWICK,22,ST. BASILE INDIAN RESERVE NO. 10 (0.33); ST. MARY'S INDIAN RESERVE NO. 24 (0.29); OROMOCTO INDIAN RESERVE NO. 26 (0.14),,0.333
ambiguous,Canons River.,NEW BRUNSWICK,19,EEL RIVER INDIAN RESERVE NO. 3 (0.62); DEVON INDIAN RESERVE NO. 30 (0.25); RENOUS INDIAN RESERVE NO. 12 (0.20),,0.625
no_match,Restigouche.,QUEBEC,1,COUCOUCACHE INDIAN RESERVE NO. 24A (0.57); KITIGAN ZIBI (0.20); GESPEG RESERVE (0.20),,0.571
no_match,Ouiatchouan.,QUEBEC,5,UASHAT INDIAN RESERVE NO. 27 (0.40); MASHTEUIATSH (0.33); COUCOUCACHE INDIAN RESERVE NO. 24A (0.29),,0.4
no_match,Quarante Arpents.,QUEBEC,8,COMMUNAUTÉ ATIKAMEKW DE MANAWAN (0.31); NUTASHKUAN (0.22); MALIOTÉNAM INDIAN RESERVE NO. 27A (0.22),,0.308
no_match,Rocmont.,QUEBEC,9,LAC SIMON (0.33); VILLAGE DES HURONS WENDAKE INDIAN RESERVE NO. 7 (0.33); RÉSERVE INDIENNE DU VILLAGE DES HURONS WENDAKE NO 7A (0.33),,0.333
no_match,Crespieul.,QUEBEC,10,GESPEG RESERVE (0.40); INNUE ESSIPIT (0.25); RÉSERVE INDIENNE DU VILLAGE DES HURONS WENDAKE NO 7A (0.25),,0.4
no_match,1217: Pierreville Reserve,QUEBEC,,RÉSERVE INDIENNE DU VILLAGE DES HURONS WENDAKE NO 7A (0.27); VILLAGE DES HURONS WENDAKE INDIAN RESERVE NO. 7 (0.20); PIKOGAN (0.17),,0.267
ambiguous,1218: 2nd con. St. Jacques or No. 1 on the especial plan,QUEBEC,,GESPEG RESERVE (0.60); LAC SIMON (0.50); LAC JOHN RESERVE (0.43),,0.6
ambiguous,1219: 3rd con. St. Jacques or No. 24 on the especial plan.,QUEBEC,,GESPEG RESERVE (0.60); LAC SIMON (0.50); LAC JOHN RESERVE (0.43),,0.6
no_match,880: a part of Ronde island,QUEBEC,,LAC SIMON (0.25); VILLAGE DES HURONS WENDAKE INDIAN RESERVE NO. 7 (0.25); RÉSERVE INDIENNE DU VILLAGE DES HURONS WENDAKE NO 7A (0.25),,0.25
ambiguous,850: a small island lying between Atcombac and Au Pin island,QUEBEC,,MINGAN (0.60); LAC SIMON (0.50); ROMAINE INDIAN RESERVE NO. 2 (0.50),,0.6
no_match,874: parts of an island opposite Pierreville reserve,QUEBEC,,BETSIAMITES (0.40); RAPID LAKE (0.33); INNUE ESSIPIT (0.33),,0.4
no_match,875:,QUEBEC,,BETSIAMITES (0.00); KITIGAN ZIBI (0.00); TIMISKAMING (0.00),,0.0
ambiguous,482: 3rd con. parish of St. Francis. or No. 41 on the especial plan,QUEBEC,,GESPEG RESERVE (0.60); LAC SIMON (0.38); DONCASTER INDIAN RESERVE NO. 17 (0.38),,0.6
no_match,972: lot in the village of Pierreville,QUEBEC,,RAPID LAKE (0.33); RÉSERVE INDIENNE DU VILLAGE DES HURONS WENDAKE NO 7A (0.31); VILLAGE DES HURONS WENDAKE INDIAN RESERVE NO. 7 (0.29),,0.333
no_match,Total arpents,QUEBEC,,MALIOTÉNAM INDIAN RESERVE NO. 27A (0.33); GESPEG RESERVE (0.20); COMMUNAUTÉ DE WEMOTACI (0.17),,0.333
no_match,St. Regis village and reserve,QUEBEC,,RÉSERVE INDIENNE DU VILLAGE DES HURONS WENDAKE NO 7A (0.53); VILLAGE DES HURONS WENDAKE INDIAN RESERVE NO. 7 (0.47); GESGAPEGIAG (0.40),,0.526
no_match,"Lots in Dundee, purchased in 1892",QUEBEC,,UASHAT INDIAN RESERVE NO. 27 (0.40); RÉSERVE DE WÔLINAK NO. 11 (0.33); RÉSERVE INDIENNE DU VILLAGE DES HURONS WENDAKE NO 7A (0.29),,0.4
no_match,"Lots in Dundee, purchased in 1897",QUEBEC,,UASHAT INDIAN RESERVE NO. 27 (0.40); RÉSERVE DE WÔLINAK NO. 11 (0.33); RÉSERVE INDIENNE DU VILLAGE DES HURONS WENDAKE NO 7A (0.29),,0.4
no_match,Cadastral list of islands,QUEBEC,,LISTUGUJ INDIAN RESERVE (0.43); ODANAK INDIAN RESERVE NO. 12 (0.40); DONCASTER INDIAN RESERVE NO. 17 (0.38),,0.429
ambiguous,"Islands in the St. Lawrence reported on by agent John Davidson, not included in the cadastral list",QUEBEC,,DONCASTER INDIAN RESERVE NO. 17 (0.75); LAC JOHN RESERVE (0.71); RAPID LAKE (0.56),,0.75
no_match,Maniwaki.,QUEBEC,18,OBEDJIWAN INDIAN RESERVE NO. 28 (0.43); COMMUNAUTÉ ATIKAMEKW DE MANAWAN (0.43); ODANAK INDIAN RESERVE NO. 12 (0.40),,0.429
ambiguous,Temiscaming.,QUEBEC,19,MINGAN (0.60); TIMISKAMING (0.56); BETSIAMITES (0.33),,0.6
no_match,Whitworth.,QUEBEC,21,BETSIAMITES (0.12); KITIGAN ZIBI (0.12); INNUE ESSIPIT (0.12),,0.125
no_match,Weymontaching,QUEBEC,23,MINGAN (0.40); LAC SIMON (0.38); COMMUNAUTÉ DE WEMOTACI (0.33),,0.4
no_match,Escoumains,QUEBEC,25,ROMAINE INDIAN RESERVE NO. 2 (0.50); CACOUNA INDIAN RESERVE NO. 22 (0.33); RÉSERVE INDIENNE DU VILLAGE DES HURONS WENDAKE NO 7A (0.33),,0.5
ambiguous,Spanish River,ONTARIO,5,ENGLISH RIVER INDIAN RESERVE NO. 21 (0.67); ENGLISH RIVER INDIAN RESERVE NO. 66 (0.67); WHITEFISH RIVER INDIAN RESERVE NO. 4 (0.67),,0.667
ambiguous,Temogaming,ONTARIO,18,GINOOGAMING FIRST NATION (0.67); SAGAMOK INDIAN RESERVE (0.50); TYENDINAGA MOHAWK TERRITORY (0.44),,0.667
no_match,Obidgewong,ONTARIO,21,OBABIKONG INDIAN RESERVE NO. 35B (0.50); ONEIDA INDIAN RESERVE NO. 41 (0.40); LONG LAKE INDIAN RESERVE NO. 58 (0.25),,0.5
ambiguous,Sucker Lake,ONTARIO,25,DEER LAKE INDIAN RESERVE (0.75); DUCK LAKE INDIAN RESERVE NO. 76B (0.75); KINGFISHER LAKE INDIAN RESERVE NO. 1 (0.67),,0.75
ambiguous,Manitoulin Island (unceded portion.),ONTARIO,26,BIG ISLAND INDIAN RESERVE NO. 31F (0.67); BIG ISLAND INDIAN RESERVE NO. 37 (0.67); SAND POINT FIRST NATION RESERVE (0.67),,0.667
ambiguous,Cape Croker,ONTARIO,27,CAPE CROKER HUNTING GROUND INDIAN RESERVE NO. 60B (1.00); SAUGEEN AND CAPE CROKER FISHING ISLANDS INDIAN RESERVE NO. 1 (1.00); GROS CAP INDIAN RESERVE NO. 49 (0.57),,1.0
ambiguous,Hunting Reserve,ONTARIO,29A,CAPE CROKER HUNTING GROUND INDIAN RESERVE NO. 60B (1.00); SAUGEEN HUNTING GROUNDS INDIAN RESERVE NO. 60A (1.00); ZHIIBAAHAASING INDIAN RESERVE NO. 19A (0.33),,1.0
no_match,Gibson or Watha,ONTARIO,31,HIAWATHA FIRST NATION (0.57); ISLANDS IN THE TRENT WATERS INDIAN RESERVE NO. 36A (0.36); CHIPPEWAS OF GEORGINA ISLAND FIRST NATION INDIAN RESERVE NO. 33A (0.29),,0.571
ambiguous,Georgina Island,ONTARIO,33,CHIPPEWAS OF GEORGINA ISLAND FIRST NATION INDIAN RESERVE NO. 33A (1.00); CHIPPEWAS OF GEORGINA ISLAND FIRST NATION (1.00); BIG ISLAND INDIAN RESERVE NO. 31F (0.67),,1.0
ambiguous,Rice Lake,ONTARIO,36,CONSTANCE LAKE INDIAN RESERVE NO. 92 (0.75); CHAPLEAU CREE FOX LAKE INDIAN RESERVE (0.62); SHOAL LAKE INDIAN RESERVE NO. 34B1 (0.62),,0.75
no_match,Alnwick,ONTARIO,37,WINISK INDIAN RESERVE NO. 90 (0.20); WALPOLE ISLAND INDIAN RESERVE NO. 46 (0.17); SHOAL LAKE INDIAN RESERVE NO. 34B1 (0.17),,0.2
ambiguous,Golden Lake,ONTARIO,39,SWAN LAKE INDIAN RESERVE NO. 29 (0.62); DEER LAKE INDIAN RESERVE (0.62); WABIGOON LAKE INDIAN RESERVE NO. 27 (0.60),,0.625
ambiguous,Stony Point or Aux Sables.,ONTARIO,43,SAND POINT FIRST NATION RESERVE (0.67); KETTLE POINT INDIAN RESERVE NO. 44 (0.55); POINT GRONDINE INDIAN RESERVE NO. 3 (0.50),,0.667
no_match,Michipicoten,ONTARIO,48,COUCHICHING INDIAN RESERVE NO. 16A (0.50); M'CHIGEENG INDIAN RESERVE NO. 22 (0.33); CHIPPEWAS OF RAMA FIRST NATION (0.30),,0.5
no_match,McIntyre Bay,ONTARIO,54,ROCKY BAY INDIAN RESERVE NO. 1 (0.38); ISLANDS IN THE TRENT WATERS INDIAN RESERVE NO. 36A (0.36); WHITEFISH BAY INDIAN RESERVE NO. 33A (0.33),,0.375
ambiguous,Jackfish Island,ONTARIO,57,WHITEFISH ISLAND INDIAN RESERVE (0.69); BIG ISLAND INDIAN RESERVE NO. 31F (0.67); BIG ISLAND INDIAN RESERVE NO. 37 (0.67),,0.692
ambiguous,Saugeen Indians hunting ground.,ONTARIO,60,SAUGEEN INDIAN RESERVE NO. 29 (1.00); SAUGEEN HUNTING GROUNDS INDIAN RESERVE NO. 60A (0.95); POINT GRONDINE INDIAN RESERVE NO. 3 (0.58),,1.0
no_match,"'The Bishop,' Hungry Hall No.",ONTARIO,14,THE DALLES INDIAN RESERVE NO. 38C (0.56); SHOAL LAKE INDIAN RESERVE NO. 31J (0.44); KINGFISHER INDIAN RESERVE NO. 3A (0.44),,0.556
no_match,"'Paskonkin,' Hungry Hall No. 2",ONTARIO,15,SABASKONG BAY INDIAN RESERVE NO. 35D (0.45); SABASKONG BAY INDIAN RESERVE NO. 35C (0.45); SABASKONG BAY INDIAN RESERVE NO. 32C (0.45),,0.455
no_match,Wild Lands Reserve,ONTARIO,15M,SAUGEEN AND CAPE CROKER FISHING ISLANDS INDIAN RESERVE NO. 1 (0.56); SANDY LAKE INDIAN RESERVE NO. 88 (0.44); ISLANDS IN THE TRENT WATERS INDIAN RESERVE NO. 36A (0.44),,0.556
ambiguous,Rainy Lake,ONTARIO,16D,RAINY LAKE INDIAN RESERVE NO. 18C (1.00); RAINY LAKE INDIAN RESERVE NO. 26B (1.00); RAINY LAKE INDIAN RESERVE NO. 26C (1.00),,1.0
ambiguous,Lac des Mille Lacs,ONTARIO,22A,LAC DES MILLE LACS FIRST NATION RESERVE NO. 22A2 (1.00); LAC DES MILLE LACS INDIAN RESERVE NO. 22A1 (1.00); THE DALLES INDIAN RESERVE NO. 38C (0.56),,1.0
ambiguous,Seine River,ONTARIO,22A,SEINE RIVER INDIAN RESERVE NO. 23A (1.00); SEINE RIVER INDIAN RESERVE NO. 23B (1.00); PIC RIVER INDIAN RESERVE NO. 50 (0.62),,1.0
ambiguous,Kawaiagamont (Sturgeon Lake),ONTARIO,24C,SWAN LAKE INDIAN RESERVE NO. 29 (0.75); CAT LAKE INDIAN RESERVE NO. 63C (0.71); WEAGAMOW LAKE INDIAN RESERVE NO. 87 (0.67),,0.75
no_match,Islington,ONTARIO,29,SAUGEEN AND CAPE CROKER FISHING ISLANDS INDIAN RESERVE NO. 1 (0.50); WINISK INDIAN RESERVE NO. 90 (0.40); CHIPPEWAS OF GEORGINA ISLAND FIRST NATION INDIAN RESERVE NO. 33A (0.38),,0.5
ambiguous,"Little Grassy River, 1st Part",ONTARIO,35E,BIG GRASSY RIVER INDIAN RESERVE NO. 35G (0.80); PIC RIVER INDIAN RESERVE NO. 50 (0.62); SEINE RIVER INDIAN RESERVE NO. 23A (0.60),,0.8
ambiguous,"Lake of the Woods, 2nd Part",ONTARIO,35E,LAKE OF THE WOODS INDIAN RESERVE NO. 37 (1.00); LAKE OF THE WOODS INDIAN RESERVE NO. 35J (1.00); LAKE OF THE WOODS INDIAN RESERVE NO. 37B (1.00),,1.0
no_match,Buffalo Point,ONTARIO,36,SAND POINT FIRST NATION RESERVE (0.56); MOOSE POINT INDIAN RESERVE NO. 79 (0.50); KETTLE POINT INDIAN RESERVE NO. 44 (0.45),,0.556
ambiguous,Rainy River,ONTARIO,37,RAINY RIVER FIRST NATIONS NO. 4 (1.00); RAINY RIVER FIRST NATIONS NO. 1 (1.00); RAINY RIVER FIRST NATIONS NO. 2 (1.00),,1.0
ambiguous,Lake of the Woods,ONTARIO,38D,LAKE OF THE WOODS INDIAN RESERVE NO. 37 (1.00); LAKE OF THE WOODS INDIAN RESERVE NO. 35J (1.00); LAKE OF THE WOODS INDIAN RESERVE NO. 37B (1.00),,1.0
no_match,Hamilton's Crossing,MANITOBA AND THE NORTHWEST TERRITORIES,8,CROSS LAKE 19B (0.56); CROSS LAKE 19E (0.56); CROSS LAKE 19A (0.56),,0.556
ambiguous,"Oak Lake, Pipe-stone Creek",MANITOBA AND THE NORTHWEST TERRITORIES,59,CREE LAKE I.R. 192G (1.00); OAK LAKE 59A (1.00); PINE CREEK 66A (0.89),,1.0
ambiguous,Turtle Mountain,MANITOBA AND THE NORTHWEST TERRITORIES,60,WOOD MOUNTAIN I.R. 160 (0.67); LAST MOUNTAIN LAKE I.R. 80A (0.57); MONTANA 139 (0.50),,0.667
ambiguous,"Temporary hay lands, S.W. 1/4 20, 20, 21 W.I.M.",MANITOBA AND THE NORTHWEST TERRITORIES,,HAY LAKE 209 (0.71); HART INDIAN RESERVE (0.67); DAY STAR I.R. 87 (0.57),,0.714
ambiguous,Creek,MANITOBA AND THE NORTHWEST TERRITORIES,62,NEKANEET CREE NATION INDIAN RESERVE (1.00); BIRDTAIL CREEK 57 (1.00); PINE CREEK 66A (1.00),,1.0
ambiguous,"Waywayseecappo, Birdtail Creek",MANITOBA AND THE NORTHWEST TERRITORIES,62,WAYWAYSEECAPPO FIRST NATION (1.00); BIRDTAIL CREEK 57 (1.00); TALL CREE 173 (0.75),,1.0
ambiguous,Valley River,MANITOBA AND THE NORTHWEST TERRITORIES,63A,ENGLISH RIVER FIRST NATION MAWDSLEY LAKE RESERVE NO. 192R (0.73); SALT RIVER FIRST NATION INDIAN RESERVE NO. 195 (0.67); ENGLISH RIVER FIRST NATION BEAUVAL FORKS RESERVE 192O (0.64),,0.727
ambiguous,"Pine River, Lake Winnipegosis. Frac. Tps. 35, 36 and 37, R.19. W.I.M. (not surveyed) have been added to the Pine River reserve.",MANITOBA AND THE NORTHWEST TERRITORIES,66A,CRANE RIVER 51 (0.90); GOD'S RIVER 86A (0.90); BEAVER LAKE 131 (0.90),,0.9
ambiguous,"Dawson Bay, Dog-Island",MANITOBA AND THE NORTHWEST TERRITORIES,65D,SANDY BAY 5 (0.75); ALLISON BAY 219 (0.70); HURLEY ISLAND (0.58),,0.75
ambiguous,"Dawson Bay, 1/2 mile west of Shoal River",MANITOBA AND THE NORTHWEST TERRITORIES,65E,SHOAL RIVER 65B (1.00); SHOAL RIVER 65A (1.00); SHOAL RIVER 65F (1.00),,1.0
ambiguous,Hay lands,MANITOBA AND THE NORTHWEST TERRITORIES,,BIRDTAIL HAY LANDS NO 57A (1.00); NORWAY HOUSE CREE NATION OTAHAWKANIHK LANDING INDIAN RESERVE (0.88); BELLA LAKE EXCHANGE LANDS (0.75),,1.0
ambiguous,Kakewistahaw fishing grounds,MANITOBA AND THE NORTHWEST TERRITORIES,72A,KAHKEWISTAHAW INDIAN RESERVE NO. 72M (0.91); KAHKEWISTAHAW INDIAN RESERVE NO. 72L (0.91); KAHKEWISTAHAW INDIAN RESERVE NO. 72I (0.91),,0.909
ambiguous,Hay lands,MANITOBA AND THE NORTHWEST TERRITORIES,75A,BIRDTAIL HAY LANDS NO 57A (1.00); NORWAY HOUSE CREE NATION OTAHAWKANIHK LANDING INDIAN RESERVE (0.88); BELLA LAKE EXCHANGE LANDS (0.75),,1.0
ambiguous,The Poor Man,MANITOBA AND THE NORTHWEST TERRITORIES,88,POORMAN I.R. 88 (0.83); THE KEY I.R. 65 (0.50); GRIZZLY BEAR'S HEAD & LEAN MAN I.R.'S 110 & 111 (0.45),,0.833
no_match,Regina Industrial School,MANITOBA AND THE NORTHWEST TERRITORIES,,FLYING DUST FIRST NATION INDIAN RESERVE NO. 105 (0.40); FLYING DUST FIRST NATION 105S (0.40); FLYING DUST FIRST NATION INDIAN RESERVE NO. 105F (0.40),,0.4
no_match,Qu'Appelle Industrial School,MANITOBA AND THE NORTHWEST TERRITORIES,,FLYING DUST FIRST NATION INDIAN RESERVE NO. 105 (0.40); FLYING DUST FIRST NATION 105S (0.40); FLYING DUST FIRST NATION INDIAN RESERVE NO. 105F (0.40),,0.4
no_match,Loon Straits,MANITOBA AND THE NORTHWEST TERRITORIES,11,LOON PRAIRIE 237 (0.55); LOON LAKE 235 (0.50); BLOOD 148 (0.50),,0.545
ambiguous,Pekangekum,MANITOBA AND THE NORTHWEST TERRITORIES,15,OPEKUNOSAKAKANIHK (0.62); OPEKANOWI SAKAHEYKUN (0.62); NEMEKUS SAKAHIKAN INDIAN RESERVE NO. 221 (0.50),,0.625
ambiguous,The Pas,MANITOBA AND THE NORTHWEST TERRITORIES,21,GOD'S LAKE SOUTHEAST OF COMMUNITY (0.67); OPASKWAYAK CREE NATION 21A SOUTH INDIAN RESERVE (0.67); NORWAY HOUSE CREE NATION PASKITANIGOWIH INDIAN RESERVE (0.67),,0.667
ambiguous,For Pas Band,MANITOBA AND THE NORTHWEST TERRITORIES,21,FOUR PORTAGES I.R. 157C (0.67); NORWAY HOUSE CREE NATION PASKITANIGOWIH INDIAN RESERVE (0.67); ENGLISH RIVER FIRST NATION BEAUVAL FORKS RESERVE 192O (0.50),,0.667
ambiguous,Birch River,MANITOBA AND THE NORTHWEST TERRITORIES,27,BIG RIVER I.R. 118 (0.75); BIG RIVER I.R. 118A (0.75); ENGLISH RIVER I.R. 192H (0.60),,0.75
ambiguous,Moose Lake,MANITOBA AND THE NORTHWEST TERRITORIES,31B,MOOSE LAKE 31J (1.00); MOOSE LAKE 31D (1.00); MOOSE LAKE 31C (1.00),,1.0
ambiguous,Moose Lake,MANITOBA AND THE NORTHWEST TERRITORIES,31E,MOOSE LAKE 31J (1.00); MOOSE LAKE 31D (1.00); MOOSE LAKE 31C (1.00),,1.0
ambiguous,Chemawawin,MANITOBA AND THE NORTHWEST TERRITORIES,32,CHEMAWAWIN 2 (1.00); CHEMAWAWIN 3 (1.00); CHEMAWAWIN 1 (1.00),,1.0
ambiguous,'Grizzly Bear's Head' and 'Lean Man',MANITOBA AND THE NORTHWEST TERRITORIES,110,GRIZZLY BEAR'S HEAD & LEAN MAN I.R.'S 110 & 111 (0.92); MOSQUITO GRIZZLY BEAR'S HEAD LEAN MAN TLE INDIAN RESERVE NO. 1 (0.92); OCEAN MAN INDIAN RESERVE NO. 69N (0.71),,0.923
ambiguous,Moosomin,MANITOBA AND THE NORTHWEST TERRITORIES,112,MOOSOMIN I.R. 112F (1.00); MOOSOMIN I.R. 112L (1.00); MOOSOMIN I.R. 112M (1.00),,1.0
ambiguous,Thunderchild,MANITOBA AND THE NORTHWEST TERRITORIES,115,THUNDERCHILD FIRST NATION IR 115X (1.00); THUNDERCHILD FIRST NATION IR 115W (1.00); THUNDERCHILD FIRST NATION IR 115Q (1.00),,1.0
ambiguous,Thunderchild,MANITOBA AND THE NORTHWEST TERRITORIES,115A,THUNDERCHILD FIRST NATION IR 115X (1.00); THUNDERCHILD FIRST NATION IR 115W (1.00); THUNDERCHILD FIRST NATION IR 115Q (1.00),,1.0
ambiguous,Cache Lake (adjoins 125),MANITOBA AND THE NORTHWEST TERRITORIES,125A,CANOE LAKE I.R. 165B (0.67); CANOE LAKE I.R. 165A (0.67); CANOE LAKE I.R. 165 (0.67),,0.667
no_match,Michel Callihoo,MANITOBA AND THE NORTHWEST TERRITORIES,132,TALL CREE 173 (0.50); TALL CREE 173A (0.50); SHETH CHOK INDIAN RESERVE (0.44),,0.5
no_match,Papaschase (sold),MANITOBA AND THE NORTHWEST TERRITORIES,136,OPASKWAYAK CREE NATION SALT CHANNEL 21D (0.50); WAPASIHK (0.43); OPASKWAYAK CREE NATION 21A SOUTH INDIAN RESERVE (0.42),,0.5
ambiguous,Bear's Paw (Stony),MANITOBA AND THE NORTHWEST TERRITORIES,142,STONEY 142B (0.60); MOSQUITO GRIZZLY BEAR'S HEAD LEAN MAN TLE INDIAN RESERVE NO. 1 (0.50); OPASKWAYAK CREE NATION 21 (STONY POINT) (0.50),,0.6
ambiguous,Jacob (Stony),MANITOBA AND THE NORTHWEST TERRITORIES,143,STONEY 142B (0.60); OPASKWAYAK CREE NATION 21 (STONY POINT) (0.50); BLACK STURGEON (0.40),,0.6
ambiguous,Timber limit for 147,MANITOBA AND THE NORTHWEST TERRITORIES,,BLOOD TIMBER LIMIT 148A (0.62); PEIGAN TIMBER LIMIT 147B (0.59); FORT VERMILION INDIAN RESERVE NO. 173B (0.46),,0.625
ambiguous,"Timber limit for 146, Castle Mountain",MANITOBA AND THE NORTHWEST TERRITORIES,,LAST MOUNTAIN LAKE I.R. 80A (0.75); WOOD MOUNTAIN I.R. 160 (0.67); ANTLER CORNER INDIAN RESERVE (0.64),,0.75
no_match,Agency reserve at Macleod,MANITOBA AND THE NORTHWEST TERRITORIES,,LUCKY MAN I.R. (0.38); WASAGAMACK (0.33); CLEARWATER 175 (0.33),,0.375
no_province_match,Moosehide Creek,YUKON DISTRICT,2,,,
no_province_match,Lake Laberge,YUKON DISTRICT,1,,,
ambiguous,Lachkaltsap,BRITISH COLUMBIA,1,HALALT 2 (0.75); TSAK 9 (0.67); LACHMACH 16 (0.60),,0.75
no_match,Timber reserve,BRITISH COLUMBIA,7,BEAVER ISLANDS 8 (0.40); ALBERT FLAT 5 (0.40); NANAIMO RIVER 3 (0.40),,0.4
ambiguous,Ne-do-ats,BRITISH COLUMBIA,11,NEDOATS 13 (0.67); NEDOATS 11 (0.67); TSUN TINE AH 37 (0.50),,0.667
no_match,Timber reserve,BRITISH COLUMBIA,12,BEAVER ISLANDS 8 (0.40); ALBERT FLAT 5 (0.40); NANAIMO RIVER 3 (0.40),,0.4
ambiguous,Hazelton,BRITISH COLUMBIA,1,TOON 15 (0.67); SECHELT BAND LANDS (SEKALETON) NO 21A (0.57); SECHELT BAND LANDS (SEKALETON) NO 21 (0.57),,0.667
no_match,Kispaiax,BRITISH COLUMBIA,1,KISPIOX 1 (0.50); KULSPAI 6 (0.50); AIN 6 (0.50),,0.5
ambiguous,Kitseguecla,BRITISH COLUMBIA,1,CLATSE 5 (0.80); KITSELAS 1 (0.71); GITSEGUKLA 1 (0.67),,0.8
ambiguous,New Kitseguecla,BRITISH COLUMBIA,2,CLATSE 5 (0.80); KITSELAS 1 (0.71); NEW GITSEGUKLA 2 (0.69),,0.8
no_match,Timber reserve,BRITISH COLUMBIA,3,BEAVER ISLANDS 8 (0.40); ALBERT FLAT 5 (0.40); NANAIMO RIVER 3 (0.40),,0.4
ambiguous,Kitwangar,BRITISH COLUMBIA,1,GITWANGAK 2 (0.75); GITWANGAK 1 (0.75); SWAN 35 (0.67),,0.75
no_match,Timber reserve,BRITISH COLUMBIA,2,BEAVER ISLANDS 8 (0.40); ALBERT FLAT 5 (0.40); NANAIMO RIVER 3 (0.40),,0.4
no_match,Necoslie,BRITISH COLUMBIA,1,SLOSH 1 (0.50); SLOSH 1A (0.50); SECHELT BAND LANDS (COKQUENEETS) NO 23 (0.43),,0.5
ambiguous,Tat-sel-a-was,BRITISH COLUMBIA,2,WATTA 25 (0.75); TATSELAWAS 2 (0.67); TATL'AH INDIAN RESERVE NO. 13 (0.67),,0.75
ambiguous,Sow-chea,BRITISH COLUMBIA,3,SOWCHEA 3A (0.83); SOWCHEA 3 (0.83); CHEAM 1 (0.75),,0.833
ambiguous,Aht-len-jees,BRITISH COLUMBIA,5,AHTA 3 (0.67); BEES 6 (0.67); TEESLEE 15 (0.60),,0.667
ambiguous,Chesda,BRITISH COLUMBIA,6,CHES-LA-KEE 3 (0.60); CLESBAONEECHECK 3 (0.60); TACHEEDA LAKE 14 (0.60),,0.6
ambiguous,Kwot-ket-quo,BRITISH COLUMBIA,7,YUQUOT 1 (0.60); KETAI 28 (0.50); OKE 10 (0.50),,0.6
ambiguous,Sack-a-ni-te-cla,BRITISH COLUMBIA,2,TA-A-ACK 5 (0.80); SACKANITECLA 2 (0.64); SACKUM 3 (0.60),,0.8
ambiguous,Lake-town,BRITISH COLUMBIA,3,LAKETOWN 3 (0.86); YALE TOWN 1 (0.62); TOWDYSTAN LAKE 3 (0.62),,0.857
ambiguous,Meadow reserve,BRITISH COLUMBIA,4,SAMPSON'S MEADOW 11A (1.00); SALMON RIVER MEADOW 7 (1.00); ANAHIM'S MEADOW 2 (1.00),,1.0
ambiguous,Clus-ta-lach,BRITISH COLUMBIA,5,CLUSTALACH 5 (0.78); TACHE 1 (0.75); TACLA LAKE 9 (0.75),,0.778
ambiguous,Noon-la,BRITISH COLUMBIA,6,LOON LAKE 4 (0.83); SECHELT BAND LANDS (SHANNON CREEK) NO 28 (0.83); LOON LAKE 10 (0.83),,0.833
ambiguous,Pinchie,BRITISH COLUMBIA,2,BINCHE 10 (0.60); BINCHE 12 (0.60); BINCHE 2 (0.60),,0.6
ambiguous,Nan-cut,BRITISH COLUMBIA,3,NO-CUT 5 (0.60); TANAKUT 4 (0.50); NAN TL' AT 13 (0.50),,0.6
ambiguous,U-caus-ley,BRITISH COLUMBIA,4,UCAUSLEY 16 (0.71); NECAUSLEY CREEK 6 (0.67); NAUTLEY 1 (0.50),,0.714
ambiguous,Car-soos-at,BRITISH COLUMBIA,5,CARSOOSAT 17 (0.75); OSOYOOS 3 (0.60); OSOYOOS INDIAN RESERVE NO. 1 (0.60),,0.75
ambiguous,Gelangle,BRITISH COLUMBIA,1,LANGLEY 2 (0.83); LANGLEY 4 (0.83); LANGLEY 5 (0.83),,0.833
ambiguous,Tees-lee,BRITISH COLUMBIA,3,TEESLEE 15 (0.80); CHUZ TEESLEE 41 (0.67); LISH-LEESH-TUM 17 (0.67),,0.8
no_match,Ste-van,BRITISH COLUMBIA,4,WESTERN ISLAND 14 (0.50); BAPTISTE LOUIS 8 (0.50); KASTE 6 (0.50),,0.5
no_match,Grand Rapide,BRITISH COLUMBIA,5,HENDERSON'S RANCH 11 (0.50); ANDAK 9 (0.50); RANGE 13 (0.50),,0.5
ambiguous,Creyke Point,BRITISH COLUMBIA,3,HOKE POINT 10B (0.78); FREDA POINT 4 (0.60); COHOE POINT 20 (0.60),,0.778
ambiguous,Albert Head,BRITISH COLUMBIA,11,"ALBERNI 2 (0.67); ALBERT FLAT 5 (0.60); BEATON RIVER NO. 204, NORTH HALF (0.60)",,0.667
ambiguous,Fishing station,BRITISH COLUMBIA,9,KSHISH 4B (0.75); KSHISH NO 4 (0.75); EHATIS 11 (0.60),,0.75
ambiguous,Fishing station,BRITISH COLUMBIA,10,KSHISH 4B (0.75); KSHISH NO 4 (0.75); EHATIS 11 (0.60),,0.75
ambiguous,Fishing station,BRITISH COLUMBIA,5,KSHISH 4B (0.75); KSHISH NO 4 (0.75); EHATIS 11 (0.60),,0.75
no_match,Burial-ground,BRITISH COLUMBIA,6,JALUN 14 (0.50); OUS 17 (0.50); ALEXANDRIA 3 (0.44),,0.5
ambiguous,Malahut,BRITISH COLUMBIA,11,AHUK 1 (0.67); MAHMALILLIKULLAH 1 (0.67); KAIKALAHUN 25 (0.67),,0.667
ambiguous,Tse à tah,BRITISH COLUMBIA,2,TSE BAY HA TINE A 34 (0.75); AHTA 3 (0.67); SEAH 5 (0.67),,0.75
ambiguous,Kwaw-kwaw-a-pilt,BRITISH COLUMBIA,6,KWAWKWAWAPILT 6 (0.75); WALTH 3 (0.50); SKWAY 5 (0.50),,0.75
ambiguous,Squi-a-ala,BRITISH COLUMBIA,7,SQUIAALA 8 (0.71); SQUIAALA 7 (0.71); SALAQUO 4 (0.50),,0.714
ambiguous,Ya-kwe-a-kwi-oose,BRITISH COLUMBIA,12,YAKWEAKWIOOSE 12 (0.70); KOSE 9 (0.67); TOOSEY 1 (0.60),,0.7
no_match,Burial-ground,BRITISH COLUMBIA,2,JALUN 14 (0.50); OUS 17 (0.50); ALEXANDRIA 3 (0.44),,0.5
ambiguous,Chehalis,BRITISH COLUMBIA,4,CHEHALIS 5 (1.00); CHEHALIS 6 (1.00); SECHELT BAND LANDS (SMESHALIN) NO 18 (0.71),,1.0
ambiguous,Chehalis,BRITISH COLUMBIA,5A,CHEHALIS 5 (1.00); CHEHALIS 6 (1.00); SECHELT BAND LANDS (SMESHALIN) NO 18 (0.71),,1.0
ambiguous,Chawuthen,BRITISH COLUMBIA,4,SECHELT BAND LANDS (TCHAHCHELAILTHTENUM) NO 10 (0.62); CHEAM 1 (0.50); TACHE 1 (0.50),,0.625
no_match,Burial-ground,BRITISH COLUMBIA,2,JALUN 14 (0.50); OUS 17 (0.50); ALEXANDRIA 3 (0.44),,0.5
ambiguous,Ahpocum,BRITISH COLUMBIA,9,AHPOKUM 9 (0.67); MAHPAHKUM 4 (0.50); SAHHACUM 1 (0.50),,0.667
ambiguous,Whonuck,BRITISH COLUMBIA,1,WHONNOCK 1 (0.67); TUCKKWIOWHUM 1 (0.50); PUCKATHOLETCHIN 11 (0.50),,0.667
no_match,New Westminster,BRITISH COLUMBIA,,NESUK 4 (0.50); KASTE 6 (0.50); OMINECA 1 (0.50),,0.5
ambiguous,Pemberton,BRITISH COLUMBIA,1,"TOON 15 (0.67); BEATON RIVER NO. 204, NORTH HALF (0.62); STONE 1 (0.50)",,0.667
ambiguous,Popkum,BRITISH COLUMBIA,,POPKUM 1 (1.00); POPKUM 2 (1.00); AHPOKUM 9 (0.60),,1.0
ambiguous,Sway-calse,BRITISH COLUMBIA,3,SECHELT BAND LANDS (SWAYCALSE) NO 3 (0.78); SWAN 35 (0.67); CAYUSE 6 (0.60),,0.778
ambiguous,Sallahlus No. 2,BRITISH COLUMBIA,,SECHELT BAND LANDS (SALLAHLUS) NO 20A (1.00); SECHELT BAND LANDS (SALLAHLUS) NO 20 (1.00); TAHLA 4 (0.75),,1.0
ambiguous,Kapilano,BRITISH COLUMBIA,5,CAPILANO 5 (0.86); KITSILANO 6 (0.57); LANAS 4 (0.50),,0.857
ambiguous,False Creek,BRITISH COLUMBIA,6,SIM CREEK 5 (0.62); DEEP CREEK 5 (0.62); TUTU CREEK 4 (0.62),,0.625
ambiguous,Skwulwailem,BRITISH COLUMBIA,22,SKWAY 5 (0.75); SKWAH 4 (0.75); SKWALI 3 (0.60),,0.75
ambiguous,Ahtsann,BRITISH COLUMBIA,23,AHTA 3 (0.67); TSAK 9 (0.67); INKAHTSAPH 6 (0.67),,0.667
ambiguous,Chekwelp burial-ground,BRITISH COLUMBIA,27,CHEKWELP 26 (1.00); CHEKWELP 26A (1.00); BINCHE BUN 7 (0.56),,1.0
no_match,Sliammon,BRITISH COLUMBIA,1,WILLIAMS LAKE 1 (0.43); WILLIAMS PRAIRIE MEADOW 1A (0.43); ATLIN-TESLIN INDIAN CEMETERY 4 (0.43),,0.429
ambiguous,Harwood Island,BRITISH COLUMBIA,2,ISLAND 14A (1.00); SAND ISLAND 4 (0.88); GREENWOOD ISLAND 3 (0.77),,1.0
no_match,Paukeanum,BRITISH COLUMBIA,3,TANKEAH 5 (0.50); TSAUKAN 12 (0.50); YAN 7 (0.50),,0.5
ambiguous,Toquana,BRITISH COLUMBIA,4,QUAY 4 (0.67); TSUQUANAH 2 (0.67); QUEQUA 6 (0.50),,0.667
ambiguous,Kahkaykay,BRITISH COLUMBIA,6,KLAHKAMICH 17 (0.60); KAYKAIP 7 (0.60); KAHAS 7 (0.50),,0.6
ambiguous,Squawtits,BRITISH COLUMBIA,1,QUAY 4 (0.67); SQUAAM 2 (0.60); MATSQUI 4 (0.50),,0.667
no_match,Timber reserve,BRITISH COLUMBIA,3,BEAVER ISLANDS 8 (0.40); ALBERT FLAT 5 (0.40); NANAIMO RIVER 3 (0.40),,0.4
ambiguous,Sumass,BRITISH COLUMBIA,7,SUMAS CEMETERY 12 (0.80); UPPER SUMAS 6 (0.80); AASS 3 (0.67),,0.8
no_match,Timber Reserve,BRITISH COLUMBIA,9,BEAVER ISLANDS 8 (0.40); ALBERT FLAT 5 (0.40); NANAIMO RIVER 3 (0.40),,0.4
ambiguous,Tsawwassen,BRITISH COLUMBIA,,TSAWWATI 1 (0.71); AASS 3 (0.67); TSAK 9 (0.67),,0.714
no_match,4 1/2 Mile reserve,BRITISH COLUMBIA,2,ONE MILE 6 (0.57); FIVE MILE 3 (0.50); TWO MILE CREEK 16A (0.44),,0.571
ambiguous,Lirkseetsis-sum,BRITISH COLUMBIA,9,LUKSEETSISSUM 9 (0.75); TSARKSIS 2 (0.71); SLEETSIS 6 (0.71),,0.75
no_match,Timber reserve,BRITISH COLUMBIA,14,BEAVER ISLANDS 8 (0.40); ALBERT FLAT 5 (0.40); NANAIMO RIVER 3 (0.40),,0.4
ambiguous,Cbeetsum's Farm,BRITISH COLUMBIA,1,CHEETSUM'S FARM 1 (0.86); BEES 6 (0.67); TSUPMEET 5 (0.57),,0.857
ambiguous,105 Mile Post,BRITISH COLUMBIA,2,ONE HUNDRED FIVE MILE POST 2 (0.75); ONE MILE 6 (0.71); FIVE MILE 3 (0.62),,0.75
ambiguous,Loon Lake,BRITISH COLUMBIA,3,LOON LAKE 4 (1.00); LOON LAKE 10 (1.00); SALMON LAKE 7 (0.75),,1.0
ambiguous,Chilthnux,BRITISH COLUMBIA,12,CHILHIL 6 (0.75); SECHELT BAND LANDS (TCHAHCHELAILTHTENUM) NO 10 (0.62); CAYILTH 5 (0.50),,0.75
ambiguous,Quiltanton,BRITISH COLUMBIA,13,TOON 15 (0.67); TAHLTAN 1 (0.60); TAHLTAN 10 (0.60),,0.667
ambiguous,Enquocto,BRITISH COLUMBIA,14,NOCTEN 19 (0.60); PENTICTON 3A (0.43); PENTICTON 2 (0.43),,0.6
ambiguous,Squetankilhats,BRITISH COLUMBIA,15,MATSQUI 4 (0.67); HANATSA 6 (0.67); BASQUE 18 (0.60),,0.667
ambiguous,Deadman's Creek,BRITISH COLUMBIA,,MAXAN CREEK 5 (0.80); DEEP CREEK 5 (0.75); DEEP CREEK 2 (0.75),,0.8
ambiguous,Fishing station,BRITISH COLUMBIA,2,KSHISH 4B (0.75); KSHISH NO 4 (0.75); EHATIS 11 (0.60),,0.75
ambiguous,Fishing station,BRITISH COLUMBIA,3,KSHISH 4B (0.75); KSHISH NO 4 (0.75); EHATIS 11 (0.60),,0.75
no_match,"Timber reserve, Gilead",BRITISH COLUMBIA,4,BEAR RIVER 3 (0.44); BEAR BAY 8 (0.43); BEAR LAKE 1A (0.38),,0.444
ambiguous,Fishing station,BRITISH COLUMBIA,5,KSHISH 4B (0.75); KSHISH NO 4 (0.75); EHATIS 11 (0.60),,0.75
ambiguous,Nickle Palm,BRITISH COLUMBIA,4,NICKEL PALM 4 (0.70); YALE 18 (0.67); YALE 25 (0.67),,0.7
ambiguous,Putwa,BRITISH COLUMBIA,14,PUTKWA 14 (0.75); SEASPUNKUT 4 (0.50); GITWANGAK 2 (0.50),,0.75
ambiguous,Nehalliston,BRITISH COLUMBIA,2,STONE 1 (1.00); STONE 1A (1.00); STONE 4 (1.00),,1.0
ambiguous,Lewis Creek,BRITISH COLUMBIA,4,ALEXIS CREEK 6 (0.80); ALEXIS CREEK 26 (0.80); ALEXIS CREEK 13 (0.80),,0.8
ambiguous,Swan Lake,BRITISH COLUMBIA,5,SWAN LAKE 3 (1.00); SWAN LAKE 4 (1.00); SWAN 35 (1.00),,1.0
ambiguous,Long Lake,BRITISH COLUMBIA,5,LOON LAKE 4 (0.75); LOON LAKE 10 (0.75); SALMON LAKE 7 (0.62),,0.75
ambiguous,Oregon Jack Creek,BRITISH COLUMBIA,3,OREGON JACK CREEK 5 (1.00); OREGON JACK CREEK 2 (1.00); LEON CREEK 2A (0.78),,1.0
ambiguous,Nepa,BRITISH COLUMBIA,4,UPPER NEPA 6 (1.00); SOUTH NEPA 7 (1.00); PA-CAT'L-LIN-NE 3 (0.67),,1.0
ambiguous,Dog Lake,BRITISH COLUMBIA,2,MCDONALD LAKE 1 (0.71); WEEDON LAKE 27 (0.71); DOUGLAS LAKE 3 (0.71),,0.714
no_match,Timber reserve,BRITISH COLUMBIA,2,BEAVER ISLANDS 8 (0.40); ALBERT FLAT 5 (0.40); NANAIMO RIVER 3 (0.40),,0.4
no_match,Timber reserve,BRITISH COLUMBIA,2A,BEAVER ISLANDS 8 (0.40); ALBERT FLAT 5 (0.40); NANAIMO RIVER 3 (0.40),,0.4
ambiguous,Nicola Prairie,BRITISH COLUMBIA,3,NICOLA LAKE 1 (0.67); WILLIAMS PRAIRIE MEADOW 1A (0.54); NICOMEN 1 (0.50),,0.667
ambiguous,Meadow,BRITISH COLUMBIA,3,SAMPSON'S MEADOW 11A (1.00); SALMON RIVER MEADOW 7 (1.00); ANAHIM'S MEADOW 2 (1.00),,1.0
ambiguous,Joe Nahumcheen,BRITISH COLUMBIA,5,KUMCHEEN 1 (0.86); DEENA 3 (0.75); PACHEENA 1 (0.71),,0.857
ambiguous,Skemeoskuankin,BRITISH COLUMBIA,7,KEMANO 17 (0.60); KEOGH 2 (0.50); SKUTZ 8 (0.50),,0.6
ambiguous,Chuchuwayha,BRITISH COLUMBIA,2A,CHUCHUWAYHA 2 (1.00); CHUCHUWAYHA 2C (1.00); CHUCKCHUCK 8 (0.60),,1.0
ambiguous,Chuchuwayha,BRITISH COLUMBIA,2B,CHUCHUWAYHA 2 (1.00); CHUCHUWAYHA 2C (1.00); CHUCKCHUCK 8 (0.60),,1.0
ambiguous,Humhampt,BRITISH COLUMBIA,,HUMHAMPT 6A (1.00); HUMHAMPT 6 (1.00); WAUMP 16 (0.50),,1.0
ambiguous,Salmon River,BRITISH COLUMBIA,1,SALMON RIVER MEADOW 7 (1.00); SALMON RIVER 1 (SPLATSIN) (1.00); SALMON RIVER 1 (K’ÓMOKS) (1.00),,1.0
ambiguous,Meadow,BRITISH COLUMBIA,3,SAMPSON'S MEADOW 11A (1.00); SALMON RIVER MEADOW 7 (1.00); ANAHIM'S MEADOW 2 (1.00),,1.0
ambiguous,Lower Kootenay,BRITISH COLUMBIA,,LOWER KOOTENAY 1C (1.00); LOWER KOOTENAY 1B (1.00); LOWER KOOTENAY 2 (1.00),,1.0
ambiguous,Kip-pase,BRITISH COLUMBIA,2,KIPPASE 2 (0.83); KIL-PAH-LAS 3 (0.57); HORSE RANCH PASS 4 (0.57),,0.833
ambiguous,Tsul-qua-te,BRITISH COLUMBIA,4,TEQUA 21 (0.75); TSULQUATE 4 (0.75); QUAY 4 (0.67),,0.75
no_match,Burial-ground,BRITISH COLUMBIA,1A,JALUN 14 (0.50); OUS 17 (0.50); ALEXANDRIA 3 (0.44),,0.5
ambiguous,Salmon River,BRITISH COLUMBIA,1,SALMON RIVER MEADOW 7 (1.00); SALMON RIVER 1 (SPLATSIN) (1.00); SALMON RIVER 1 (K’ÓMOKS) (1.00),,1.0
no_match,Burial-ground,BRITISH COLUMBIA,7,JALUN 14 (0.50); OUS 17 (0.50); ALEXANDRIA 3 (0.44),,0.5
no_match,Burial-ground,BRITISH COLUMBIA,8,JALUN 14 (0.50); OUS 17 (0.50); ALEXANDRIA 3 (0.44),,0.5
ambiguous,Ouchtum,BRITISH COLUMBIA,3,SAOUCHTEN 18 (0.67); SHUOUCHTEN 15 (0.67); OUCHTON 3 (0.67),,0.667
no_match,Burial-ground,BRITISH COLUMBIA,2,JALUN 14 (0.50); OUS 17 (0.50); ALEXANDRIA 3 (0.44),,0.5
no_match,Burial-ground,BRITISH COLUMBIA,1A,JALUN 14 (0.50); OUS 17 (0.50); ALEXANDRIA 3 (0.44),,0.5
ambiguous,Jajustus,BRITISH COLUMBIA,10,KAJUSTUS 10 (0.83); KSTUS 83 (0.75); KSTUS 84 (0.75),,0.833
ambiguous,Kitimat,BRITISH COLUMBIA,1,KATIT 1 (0.75); KITAMAAT 1 (0.67); KITAMAAT INDIAN RESERVE NO. 2 (0.67),,0.75
ambiguous,Kitimat,BRITISH COLUMBIA,2,KATIT 1 (0.75); KITAMAAT 1 (0.67); KITAMAAT INDIAN RESERVE NO. 2 (0.67),,0.75
ambiguous,Wawelth,BRITISH COLUMBIA,3,SECHELT BAND LANDS (SKWAWKWEEHM) NO 17 (0.83); WALTH 3 (0.75); SECHELT BAND LANDS (SWAYWELAT) NO 12A (0.67),,0.833
no_match,Burial-ground,BRITISH COLUMBIA,2,JALUN 14 (0.50); OUS 17 (0.50); ALEXANDRIA 3 (0.44),,0.5
ambiguous,Kumowadah,BRITISH COLUMBIA,3,KUMOWDAH 3 (0.86); KUL 18 (0.50); AHPOKUM 9 (0.50),,0.857
ambiguous,Kshish,BRITISH COLUMBIA,4A,KSHISH 4B (1.00); KSHISH NO 4 (1.00); SKOWISHIN 7 (0.75),,1.0
ambiguous,Kitsumkelum,BRITISH COLUMBIA,1,KITSUMKAYLUM 1 (0.78); KITSELAS 1 (0.57); LULU 5 (0.50),,0.778
ambiguous,Killutsal,BRITISH COLUMBIA,1,TSAK 9 (0.67); SECHELT BAND LANDS (SALLAHLUS) NO 20A (0.50); KILTALA 2 (0.50),,0.667
no_match,Heillen,BRITISH COLUMBIA,2,MICHELLE CREEK 22 (0.50); TOBY HELENES MEADOW 11 (0.50); HIELLEN 2 (0.50),,0.5
ambiguous,Kitlacdamax,BRITISH COLUMBIA,1,LACHMACH 16 (0.60); KITAMAAT 1 (0.57); KITAMAAT INDIAN RESERVE NO. 2 (0.57),,0.6
ambiguous,Kitlacdamax,BRITISH COLUMBIA,1A,LACHMACH 16 (0.60); KITAMAAT 1 (0.57); KITAMAAT INDIAN RESERVE NO. 2 (0.57),,0.6
ambiguous,Tsimmanweenclist,BRITISH COLUMBIA,2,KLITSIS 16 (0.67); SLEETSIS 6 (0.57); DEENA 3 (0.50),,0.667
ambiguous,Seaks,BRITISH COLUMBIA,3,DEASE LAKE 9 (0.75); YAKWEAKWIOOSE 12 (0.75); SEAH 5 (0.67),,0.75
no_match,Shumarl,BRITISH COLUMBIA,4,MARSHY LAKE 1 (0.50); SHOOMART 5 (0.50); MAHPAHKUM 4 (0.33),,0.5
ambiguous,Amatal,BRITISH COLUMBIA,6,KITAMAAT 1 (0.80); KITAMAAT INDIAN RESERVE NO. 2 (0.80); MAGWEKSTALA 10 (0.60),,0.8
no_match,Kitwillucshilt,BRITISH COLUMBIA,7,KILTALA 2 (0.50); KSHISH 4B (0.50); LULU 5 (0.50),,0.5
ambiguous,Andegulay,BRITISH COLUMBIA,8,SECHELT BAND LANDS (BOULDER ISLAND) NO 25 (0.62); SECHELT BAND LANDS (PAYKULKUM) NO 14 (0.62); ISLAND 14A (0.60),,0.625
ambiguous,Andegulay,BRITISH COLUMBIA,8A,SECHELT BAND LANDS (BOULDER ISLAND) NO 25 (0.62); SECHELT BAND LANDS (PAYKULKUM) NO 14 (0.62); ISLAND 14A (0.60),,0.625
ambiguous,Lachkaltsap or Grenville,BRITISH COLUMBIA,9,HALALT 2 (0.75); LELACHEN 6 (0.71); KILTALA 2 (0.67),,0.75
ambiguous,Stony Point,BRITISH COLUMBIA,10,STONE 1 (0.75); STONE 1A (0.75); STONE 4 (0.75),,0.75
no_match,Black Point,BRITISH COLUMBIA,11,DEAD POINT 5 (0.56); BLACK SLATE 11 (0.56); HOKE POINT 10B (0.56),,0.556
ambiguous,Lachtesk,BRITISH COLUMBIA,12,ZACHT 5 (0.75); HOLACHTEN 8 (0.71); LACHMACH 16 (0.60),,0.75
ambiguous,Red Cliff,BRITISH COLUMBIA,13,BURNT CLIFF ISLANDS 20 (0.62); RED BLUFF 88 (0.50); BLIND CREEK 6A (0.50),,0.625
no_match,Kincolith,BRITISH COLUMBIA,14,AIN 6 (0.50); SCOWLITZ 1 (0.43); NEKITE 2 (0.40),,0.5
no_match,Kincolith,BRITISH COLUMBIA,14A,AIN 6 (0.50); SCOWLITZ 1 (0.43); NEKITE 2 (0.40),,0.5
no_match,Kinnamax,BRITISH COLUMBIA,15,UNNAMED NO. 10 (0.50); AIN 6 (0.50); KINMAKANKSK 6 (0.43),,0.5
ambiguous,Talahaat,BRITISH COLUMBIA,16,MALAHAT 11 (0.83); HALALT 2 (0.75); TAHLA 4 (0.75),,0.833
ambiguous,Georgie,BRITISH COLUMBIA,17,FORT GEORGE 2 (0.67); FELIX GEORGE 7 (0.67); FORT GEORGE CEMETERY 1A (0.67),,0.667
ambiguous,Scamakounst,BRITISH COLUMBIA,19,MAKA 8 (0.67); STOUT 8 (0.50); KUNSTAMIS 2A (0.50),,0.667
no_match,Kinmelit,BRITISH COLUMBIA,20,SECHELT BAND LANDS (SMESHALIN) NO 18 (0.57); YELAKIN 4 (0.50); YELAKIN 4A (0.50),,0.571
ambiguous,Slooks,BRITISH COLUMBIA,21,AYLECHOOTLOOK 5 (0.60); CASSIMAYOOKS 5 (0.60); SKAWAHLOOK 1 (0.60),,0.6
ambiguous,Staqoo,BRITISH COLUMBIA,22,KIOOSTA 15 (0.60); TANOO 9 (0.50); NOOTA 4 (0.50),,0.6
ambiguous,Ktsinet,BRITISH COLUMBIA,23,KOTSINE 2 (0.67); TSINTAHKTL 2 (0.67); TSINSTIKEPTUM INDIAN RESERVE NO. 10 (0.50),,0.667
no_match,Gitzault,BRITISH COLUMBIA,24,LULU 5 (0.50); WAULP 10 (0.50); KUL 18 (0.50),,0.5
ambiguous,Witzimagon,BRITISH COLUMBIA,25,ZIMAGORD 3 (0.71); WUDZIMAGON 61 (0.67); KITZOWIT 20 (0.50),,0.714
ambiguous,Tackuan,BRITISH COLUMBIA,26,TAKU 6 (0.67); SACKUM 3 (0.60); TA-A-ACK 5 (0.60),,0.667
ambiguous,Kshwan,BRITISH COLUMBIA,27,SWAN 35 (0.67); SHOOWAHTLANS 4 (0.60); KSHISH 4B (0.50),,0.667
no_match,Scowban,BRITISH COLUMBIA,28,COWICHAN LAKE (0.50); COWICHAN 9 (0.50); DISCOVERY ISLAND 3 (0.50),,0.5
no_match,Zaulzap,BRITISH COLUMBIA,29,LULU 5 (0.50); WAULP 10 (0.50); KUL 18 (0.50),,0.5
ambiguous,Dachlabah,BRITISH COLUMBIA,30,TAHLA 4 (0.75); WAHLEACH ISLAND 2 (0.62); LACHMACH 16 (0.60),,0.75
ambiguous,Fort Simpson,BRITISH COLUMBIA,1,FORT NELSON 2 (0.60); NORTH THOMPSON 1 (0.55); FORT GEORGE 2 (0.50),,0.6
ambiguous,Cloya,BRITISH COLUMBIA,5,KLOYADINGLI 2 (0.75); ILCLO 12 (0.50); MEYANLOW 58 (0.50),,0.75
no_match,Kilcutseen,BRITISH COLUMBIA,9,ILCLO 12 (0.50); DEENA 3 (0.50); ETSEKIN 1 (0.50),,0.5
ambiguous,Aeons,BRITISH COLUMBIA,1,LEON 14 (0.67); BARNSTON ISLAND 3 (0.50); LEON CREEK 2A (0.50),,0.667
no_match,Burial-ground,BRITISH COLUMBIA,2,JALUN 14 (0.50); OUS 17 (0.50); ALEXANDRIA 3 (0.44),,0.5
no_match,Ououkinsh,BRITISH COLUMBIA,5,MUSHKIN 5 (0.50); MUSHKIN 5A (0.50); AIN 6 (0.50),,0.5
ambiguous,Upsowis,BRITISH COLUMBIA,6,ESOWISTA 3 (0.67); OWH-WIS-TOO-A-WAN 10 (0.50); HALOWIS 5 (0.50),,0.667
ambiguous,Malksope,BRITISH COLUMBIA,7,HOPE 1 (0.67); SOPHE 14 (0.50); (DEADMAN'S ISLAND) HALKETT ISLAND NO. 2 (0.43),,0.667
ambiguous,Iusuk,BRITISH COLUMBIA,5,SUSK 17 (0.67); NESUK 4 (0.50); IKTUKSASUK 7 (0.50),,0.667
ambiguous,Mission Island,BRITISH COLUMBIA,2,MISSION 5 (1.00); MISSION 1 (1.00); ISLAND 14A (1.00),,1.0
ambiguous,Ahmacinnit,BRITISH COLUMBIA,3,LACHMACH 16 (0.60); TEAHMIT 3 (0.50); AHMITSA 5 (0.50),,0.6
ambiguous,Yakats,BRITISH COLUMBIA,5,MAKA 8 (0.67); TSAK 9 (0.67); TATSADAH LAKE 14 (0.60),,0.667
ambiguous,Houpsitas,BRITISH COLUMBIA,6,KITASA 7 (0.60); KASIKA 71 (0.50); TSITSK 3 (0.50),,0.6
ambiguous,Chamiss,BRITISH COLUMBIA,7,CHATHAM ISLANDS 4 (0.67); OHAMIL 1 (0.60); CHEAM 1 (0.50),,0.667
no_match,Kayouk,BRITISH COLUMBIA,8,KAYEL 8 (0.50); SAOUK 16 (0.50); OUS 17 (0.50),,0.5
no_match,Kashittle,BRITISH COLUMBIA,9,KSHISH 4B (0.50); LITTLE SPRINGS 8 (0.50); KAHAS 7 (0.50),,0.5
ambiguous,Kaoowinch,BRITISH COLUMBIA,10,WINCHE 7 (0.80); BINCHE 10 (0.60); BINCHE 12 (0.60),,0.8
ambiguous,Artlish,BRITISH COLUMBIA,12,BARTLETT ISLAND 7 (0.67); BARTLETT ISLAND 32 (0.67); LISH-LEESH-TUM 17 (0.50),,0.667
ambiguous,Kaouk,BRITISH COLUMBIA,13,SAOUK 16 (0.75); QUAAOUT 1 (0.50); SAOUCHTEN 18 (0.50),,0.75
ambiguous,Markale,BRITISH COLUMBIA,14,YALE 18 (0.67); YALE 25 (0.67); YALE 24 (0.67),,0.667
ambiguous,Amai,BRITISH COLUMBIA,15,SECHELT BAND LANDS (SAWQUAMAIN) NO 19A (1.00); POQUIOSIN & SKAMAIN 13 (1.00); WILLIAMS PRAIRIE MEADOW 1A (0.67),,1.0
ambiguous,Machta,BRITISH COLUMBIA,16,TACHE 1 (0.75); ZACHT 5 (0.75); AHTA 3 (0.67),,0.75
ambiguous,Cla-oose,BRITISH COLUMBIA,4,CLAOOSE 4 (0.83); KOSE 9 (0.67); TOOSEY 1 (0.60),,0.833
no_match,Burial-ground,BRITISH COLUMBIA,4A,JALUN 14 (0.50); OUS 17 (0.50); ALEXANDRIA 3 (0.44),,0.5
ambiguous,Cheeshish,BRITISH COLUMBIA,15,CHEESISH 15 (0.86); KSHISH 4B (0.75); KSHISH NO 4 (0.75),,0.857
no_match,Numukamis,BRITISH COLUMBIA,1,KADIS 11 (0.50); SCHKAM 2 (0.40); OHAMIL 1 (0.40),,0.5
ambiguous,Nuchaquis,BRITISH COLUMBIA,2,EQUIS 8 (0.75); NUCHATL 2 (0.67); NUCHATL 1 (0.67),,0.75
no_match,Dochsupple,BRITISH COLUMBIA,3,NESUCH 3 (0.40); YALE 18 (0.33); YALE 25 (0.33),,0.4
ambiguous,Sachsa,BRITISH COLUMBIA,4,TSOWENACHS 2 (0.75); TSACHLA LAKE 8 (0.75); SACHTEEN 2 (0.75),,0.75
no_match,Sachawil,BRITISH COLUMBIA,5,OSCHAWWINNA 3 (0.57); CHAWATHIL 4 (0.57); TACHE 1 (0.50),,0.571
no_match,Kirby Point,BRITISH COLUMBIA,6,DEAD POINT 5 (0.56); HOKE POINT 10B (0.56); FREDA POINT 4 (0.50),,0.556
ambiguous,Hamilton Point,BRITISH COLUMBIA,7,OHAMIL 1 (0.80); CLINTON 1 (0.67); TOON 15 (0.67),,0.8
ambiguous,Haines Island,BRITISH COLUMBIA,8,ISLAND 14A (1.00); AIN 6 (1.00); SAND ISLAND 4 (0.75),,1.0
ambiguous,Keeshan,BRITISH COLUMBIA,9,BEES 6 (0.67); SECHELT BAND LANDS (SHANNON CREEK) NO 28 (0.67); SECHELT BAND LANDS (SMESHALIN) NO 18 (0.67),,0.667
ambiguous,Kichha,BRITISH COLUMBIA,10,COWICHAN LAKE (0.60); COWICHAN 9 (0.60); COWICHAN 1 (0.60),,0.6
ambiguous,Clutus,BRITISH COLUMBIA,11,CLUCHUTA LAKE 10A (0.60); CLUSTALACH 5 (0.60); CLUCHUTA LAKE 10B (0.60),,0.6
ambiguous,Anacla,BRITISH COLUMBIA,12,SACKANITECLA 2 (0.80); LANAS 4 (0.75); NORTH TACLA LAKE 10 (0.60),,0.8
ambiguous,Masit,BRITISH COLUMBIA,13,CASSIMAYOOKS 5 (0.75); YASITKUN 21 (0.75); SUMAS CEMETERY 12 (0.50),,0.75
ambiguous,Fishing station,BRITISH COLUMBIA,4,KSHISH 4B (0.75); KSHISH NO 4 (0.75); EHATIS 11 (0.60),,0.75
ambiguous,Iwachis,BRITISH COLUMBIA,3,WAHLEACH ISLAND 2 (0.67); ECHACHIS 2 (0.67); KSHISH 4B (0.50),,0.667
no_match,Macoah,BRITISH COLUMBIA,1,OMOAH 9 (0.50); MAHPAHKUM 4 (0.40); HOMALCO 9 (0.40),,0.5
ambiguous,Deekyakus,BRITISH COLUMBIA,2,TAKU 6 (0.67); KUSHYA CREEK 12 (0.62); KUSHYA CREEK 7 (0.62),,0.667
ambiguous,Chenatha,BRITISH COLUMBIA,4,SECHELT BAND LANDS (TCHAHCHELAILTHTENUM) NO 10 (0.71); CHATHAM ISLANDS 4 (0.57); CHENAHKINT 12 (0.57),,0.714
ambiguous,Dookqua,BRITISH COLUMBIA,5,QUAY 4 (0.67); QUEQUA 6 (0.50); TEQUA 21 (0.50),,0.667
ambiguous,Cowishil,BRITISH COLUMBIA,1,KSHISH 4B (0.75); KSHISH NO 4 (0.75); SKOWISHIN 7 (0.71),,0.75
ambiguous,Elhlatees,BRITISH COLUMBIA,2,BEES 6 (0.67); TEESLEE 15 (0.60); TATELKUS LAKE 28 (0.50),,0.667
ambiguous,Ittatsoo,BRITISH COLUMBIA,1,WATTA 25 (0.75); KITASOO 1 (0.67); TSITSK 3 (0.50),,0.75
ambiguous,Clakamucus,BRITISH COLUMBIA,2,MAKA 8 (0.67); CHEAKAMUS 11 (0.62); KLAKLACUM 12 (0.50),,0.667
ambiguous,Outs,BRITISH COLUMBIA,3,QUAAOUT 1 (0.67); WINDY MOUTH 7 (0.67); TROUT LAKE JONNY 15 (0.67),,0.667
ambiguous,Quinaquilth,BRITISH COLUMBIA,4,SQUINAS 2 (0.67); THOMAS SQUINAS RANCH 2A (0.62); QUINSAM INDIAN RESERVE NO. 12 (0.50),,0.667
ambiguous,Ucluth,BRITISH COLUMBIA,6,CLUCHUTA LAKE 10A (0.80); CLUCHUTA LAKE 10B (0.80); OCLUCJE 7 (0.60),,0.8
ambiguous,Oo-oolth,BRITISH COLUMBIA,8,CLOOLTHPICH 12 (0.67); ILTCOOLA INDIAN RESERVE NO. 7 (0.50); POOEYELTH 3 (0.50),,0.667
ambiguous,Quisitis,BRITISH COLUMBIA,9,EQUIS 8 (0.75); BAPTISTE LOUIS 8 (0.50); COQUITLAM 1 (0.50),,0.75
ambiguous,Anaham's Flat,BRITISH COLUMBIA,1,ANAHIM'S FLAT 1 (0.83); LANAS 4 (0.75); NAHAMANAK 7 (0.71),,0.833
ambiguous,Anaham's Meadow,BRITISH COLUMBIA,2,ANAHIM'S MEADOW 2 (0.86); ANAHIM'S MEADOW 2A (0.86); HAY MEADOW 1 (0.78),,0.857
ambiguous,Meadow reserve,BRITISH COLUMBIA,4,SAMPSON'S MEADOW 11A (1.00); SALMON RIVER MEADOW 7 (1.00); ANAHIM'S MEADOW 2 (1.00),,1.0
no_match,Neciat,BRITISH COLUMBIA,6,CITEYATS 9 (0.40); REDSTONE FLAT 1A (0.40); NEDOATS 13 (0.40),,0.4
ambiguous,Meadow reserve,BRITISH COLUMBIA,2,SAMPSON'S MEADOW 11A (1.00); SALMON RIVER MEADOW 7 (1.00); ANAHIM'S MEADOW 2 (1.00),,1.0
ambiguous,Meadow reserve,BRITISH COLUMBIA,2,SAMPSON'S MEADOW 11A (1.00); SALMON RIVER MEADOW 7 (1.00); ANAHIM'S MEADOW 2 (1.00),,1.0
ambiguous,Meadow reserve,BRITISH COLUMBIA,3,SAMPSON'S MEADOW 11A (1.00); SALMON RIVER MEADOW 7 (1.00); ANAHIM'S MEADOW 2 (1.00),,1.0
