fiscal_year,volume_tag,session_seq,session_year,paper_num,paper_id,link_status
1866-67,oocihm.9_08052_1_1,1,,,,session_indexed_no_tn_entry
1868,oocihm.9_08052_2_1,2,,,,session_indexed_no_tn_entry
1869,oocihm.9_08052_3_1,3,,,,session_indexed_no_tn_entry
1870,oocihm.9_08052_4_2,4,,,,session_indexed_no_tn_entry
1871,oocihm.9_08052_5_3,5,,,,session_indexed_no_tn_entry
1872,oocihm.9_08052_6_2,6,,,,session_indexed_no_tn_entry
1873,oocihm.9_08052_7_4,7,,,,session_indexed_no_tn_entry
1877,oocihm.9_08052_11_4,11,1878,2,1878_2,linked_extracted
1879,oocihm.9_08052_13_10,13,1880,1,1880_1,linked_indexed
1880,oocihm.9_08052_14_2,14,1880-81,2,1880-81_2,linked_extracted
1882,oocihm.9_08052_16_2,16,,,,session_indexed_no_tn_entry
1883,oocihm.9_08052_17_1_2,17,,,,session_indexed_no_tn_entry
1884,oocihm.9_08052_18_2,18,1885,2,1885_2,linked_extracted
1885,oocihm.9_08052_19_1_2,19,1886,1,1886_1,linked_extracted
1887,oocihm.9_08052_21_3,21,1888,3,1888_3,linked_extracted
1889,oocihm.9_08052_23_2,23,1890,2,1890_2,linked_extracted
1897,oocihm.9_08052_32_4,32,1898,6,1898_6,linked_extracted
