year,shape,accounts,first_page,last_page,worst_diff
1882,ledger_dr_cr_4,3,533,537,138267.53
1882,ledger_dr_cr_5,42,448,543,804839.14
1883,ledger_dr_cr_4,8,394,483,373101.34
1883,ledger_dr_cr_5,27,403,472,815584.71
1884,ledger_dr_cr_4,15,391,505,2757689.58
1884,ledger_dr_cr_5,26,397,483,225308.18
1884,ledger_split_3,2,472,475,579.66
1885,ledger_dr_cr_4,9,396,500,632027.9
1885,ledger_dr_cr_5,25,399,510,2985916.76
1886,ledger_dr_cr_4,13,607,724,328804.5
1886,ledger_dr_cr_5,39,612,706,192430.95
1887,ledger_dr_cr_4,8,657,742,858860.51
1887,ledger_dr_cr_5,33,648,768,867838.7
1888,ledger_dr_cr_4,9,687,812,157366.35
1888,ledger_dr_cr_5,28,682,825,5959691.18
1889,ledger_dr_cr_4,5,900,919,197906.25
1889,ledger_dr_cr_5,28,897,1035,886032.06
1893,ledger_debit_2,2,806,807,126.42
1893,ledger_dr_cr_4,17,776,796,313361.22
1894,ledger_debit_2,71,653,799,290691.18
1895,ledger_debit_2,111,800,962,1050499.18
1896,ledger_debit_2,111,752,917,1752604.09
1897,ledger_debit_2,75,875,1036,877277.69
