account,years,n_years,n_entries,shapes
(unnamed),1882-1897,12,850,"ledger_debit_2,ledger_dr_cr_4,ledger_dr_cr_5"
"Batchewana Indians, Ont. (No. 1.)",1896-1896,1,753,ledger_debit_2
"Batchewana Indians, Ont. (No. 1)",1895-1895,1,508,ledger_debit_2
"Batchewana Indians, Ont., (No. 1)",1897-1897,1,498,ledger_debit_2
IROQUOIS OF CAUGHNAWAGA,1882-1889,8,318,"ledger_dr_cr_4,ledger_dr_cr_5"
CHIPPEWAS OF WALPOLE ISLAND,1882-1889,8,313,"ledger_dr_cr_4,ledger_dr_cr_5"
CHIPPEWAS OF NAWASH,1882-1889,6,300,"ledger_dr_cr_4,ledger_dr_cr_5"
CHIPPEWAS OF SARNIA,1883-1889,4,272,"ledger_dr_cr_4,ledger_dr_cr_5"
Indian Land Management Fund (No. 75),1894-1897,4,257,ledger_debit_2
CHIPPEWAS OF THE THAMES,1882-1889,6,252,"ledger_dr_cr_4,ledger_dr_cr_5"
BATCHEWANA Indians in Account with the Department of Indian Affairs,1888-1888,1,248,"ledger_dr_cr_4,ledger_dr_cr_5"
MOHAWKS OF BAY OF QUINTE,1883-1887,5,233,"ledger_dr_cr_4,ledger_dr_cr_5"
CHIPPEWAS OF SAUGEEN,1883-1889,5,229,"ledger_dr_cr_4,ledger_dr_cr_5"
SIX NATIONS OF THE GRAND RIVER,1882-1886,3,217,"ledger_dr_cr_4,ledger_dr_cr_5"
"Six Nations of Grand River, Ont. (No. 33)",1896-1897,2,215,ledger_debit_2
"Chippewas of Sarnia, Ont. (No. 5)",1895-1897,2,210,ledger_debit_2
PROVINCE OF QUEBEC INDIAN FUND,1882-1888,4,207,"ledger_dr_cr_4,ledger_dr_cr_5"
INDIAN LAND MANAGEMENT FUND,1886-1888,2,172,"ledger_dr_cr_4,ledger_dr_cr_5"
MORAVIANS OF THE THAMES,1882-1889,7,172,"ledger_dr_cr_4,ledger_dr_cr_5"
"Six Nations of the Grand River, Ont. (No. 33)",1895-1895,1,157,ledger_debit_2
"Chippewas of Walpole Island, Ont. (No. 9)",1895-1897,3,149,ledger_debit_2
"Chippewas of the Thames, Ont. (No. 8)",1895-1897,2,146,ledger_debit_2
MISSISSAUGUAS OF THE CREDIT,1886-1889,4,144,"ledger_dr_cr_4,ledger_dr_cr_5"
POTTAWATTAMIES OF WALPOLE ISLAND,1882-1889,7,137,ledger_dr_cr_5
IROQUOIS OF ST. REGIS,1884-1887,4,132,"ledger_dr_cr_4,ledger_dr_cr_5"
OJIBBEWAS AND OTTAWAS OF MANITOULIN ISLAND,1884-1889,5,129,ledger_dr_cr_5
"Mississaguas of the Credit, Ont. (No. 18)",1895-1896,2,120,ledger_debit_2
"Chippewas of Sarnia, Ont. (No. 5.)",1896-1896,1,119,ledger_debit_2
"Mohawks of the Bay of Quinté, Ont. (No. 22)",1896-1897,2,116,ledger_debit_2
PARRY ISLAND INDIANS,1882-1889,6,116,ledger_dr_cr_5
Pottawattamies of Walpole Island (No. 31),1896-1897,2,115,ledger_debit_2
MISSISSAGUAS OF THE CREDIT,1882-1885,3,115,ledger_dr_cr_5
"Mohawks of Bay of Quinté, Ont. (No. 22)",1895-1895,1,113,ledger_debit_2
"Parry Island Indians, Ont. (No. 30)",1895-1897,3,112,ledger_debit_2
"Spanish River Indians, Ont. (No. 35)",1895-1897,3,112,ledger_debit_2
"Garden River Indians, Ont. (No. 12)",1895-1897,3,111,ledger_debit_2
"Wyandottes of Anderdon, Ont. (No. 39)",1895-1897,3,108,ledger_debit_2
Chippewas of Saugeen (No. 6),1893-1894,2,106,"ledger_debit_2,ledger_dr_cr_4"
"Mississaguas of Alnwick, Ont. (No. 17)",1895-1896,2,104,ledger_debit_2
GARDEN RIVER INDIANS,1883-1889,6,99,"ledger_dr_cr_4,ledger_dr_cr_5"
"Mississaguas of Scugog, Ont. (No. 21)",1895-1897,3,98,ledger_debit_2
CHIPPEWAS OF RAMA,1882-1889,5,96,"ledger_dr_cr_4,ledger_dr_cr_5"
Chippewas of Sarnia (No. 5),1894-1894,1,95,ledger_debit_2
MISSISSAUGUAS OF ALNWICK,1886-1889,3,95,"ledger_dr_cr_4,ledger_dr_cr_5"
Mississaguas of Alnwick (No. 17),1894-1894,1,93,ledger_debit_2
"Oneidas of the Thames, Ont. (No. 29)",1895-1897,3,92,ledger_debit_2
CHIPPEWAS OF BEAUSOLEIL,1882-1889,6,92,"ledger_dr_cr_4,ledger_dr_cr_5"
"Moravians of the Thames, Ont. (No. 23)",1895-1897,2,91,ledger_debit_2
"Iroquois of St. Regis, Que. (No. 46)",1896-1896,1,90,ledger_debit_2
"Chippewas of Nawash, Ont. (No. 3)",1895-1897,3,88,ledger_debit_2
Salaries.,1882-1885,2,88,"ledger_dr_cr_4,ledger_dr_cr_5"
BATCHEWANA INDIANS,1882-1885,2,84,"ledger_dr_cr_4,ledger_dr_cr_5"
CHIPPEWAS OF SNAKE ISLAND,1882-1889,6,83,"ledger_dr_cr_4,ledger_dr_cr_5"
"Chippewas of the Thames, Ont. (No. 8.)",1896-1896,1,83,ledger_debit_2
THE SIX NATIONS OF THE GRAND RIVER,1884-1884,1,81,ledger_dr_cr_4
"Mississaguas of Rice Lake, Ont. (No. 19)",1895-1896,2,81,ledger_debit_2
"Ojibbewas and Ottawas of Manitoulin Island, Ont. (No. 25)",1897-1897,1,81,ledger_debit_2
"Ojibbewas and Ottawas of Manitoulin Island, (No. 25)",1896-1896,1,80,ledger_debit_2
INDIAN SCHOOL FUND,1883-1886,2,79,ledger_dr_cr_4
"Chippewas of Rama, Ont. (No. 4)",1895-1897,2,77,ledger_debit_2
"Whitefish River Indians, Ont. (No. 38)",1895-1897,3,76,ledger_debit_2
PROVINCE OF QUEBEC INDIAN FUND in Account with the Department of Indian Affairs.,1887-1887,1,76,ledger_dr_cr_5
"Fort William Band, Ont. (No. 10)",1895-1897,3,76,ledger_debit_2
SIX NATIONS OF THE GRAND RIVER in account with the Department of Indian Affairs,1887-1887,1,75,ledger_dr_cr_5
ONEIDAS OF THE THAMES,1882-1889,6,75,ledger_dr_cr_5
Miscellaneous.,1884-1887,3,74,ledger_dr_cr_4
"Chippewas of Beausoleil, Ont. (No. 2)",1895-1897,2,74,ledger_debit_2
"Chippewas of Saugeen, Ont. (No. 6)",1895-1897,2,73,ledger_debit_2
"Manitoulin Island, unceded (No. 15)",1896-1897,2,73,ledger_debit_2
Suspense Account (No. 76),1895-1897,3,71,ledger_debit_2
"River Desert Indians, Que. (No. 50)",1896-1896,1,70,ledger_debit_2
FORT WILLIAM BAND,1883-1887,5,67,"ledger_dr_cr_4,ledger_dr_cr_5"
"Iroquois of St. Regis, P.Q. (No. 46)",1895-1895,1,67,ledger_debit_2
"Iroquois of St. Regis, Que. (No. 46).",1897-1897,1,66,ledger_debit_2
RIVER DESERT INDIANS,1882-1886,5,66,ledger_dr_cr_5
CHIPPEWAS OF SARNIA in Account with the Department of Indian Affairs,1888-1888,1,65,ledger_dr_cr_4
CHIPPEWAS OF SARNIA in Account Current with the Department of Indian Affairs.,1884-1884,1,65,ledger_dr_cr_5
"Mississaguas of Mud Lake, Ont. (No. 20)",1895-1896,2,64,ledger_debit_2
"Tobique Indians, N.B. (No. 68)",1895-1897,3,63,ledger_debit_2
Ojibewas and Ottawas of Manitoulin Island (No. 25),1894-1894,1,62,ledger_debit_2
MISSISSAUGUAS OF RICE LAKE,1886-1889,3,62,"ledger_dr_cr_4,ledger_dr_cr_5"
Mohawks of Bay of Quinté (No. 22),1894-1894,1,62,ledger_debit_2
ABENAKIS OF ST. FRANCIS,1884-1889,4,62,ledger_dr_cr_5
Mississaguas of Mud Lake (No. 20),1894-1897,2,62,ledger_debit_2
"Chippewas of Snake Island, Ont. (No. 7)",1895-1897,2,62,ledger_debit_2
FRENCH RIVER INDIANS,1883-1889,7,62,"ledger_dr_cr_4,ledger_dr_cr_5"
Iroquois of St. Regis (No. 46),1893-1894,2,61,"ledger_debit_2,ledger_dr_cr_4"
INTEREST - Concluded.,1894-1894,1,60,ledger_debit_2
SIX NATIONS OF THE GRAND RIVER in Account with the Department of Indian Affairs.,1889-1889,1,60,ledger_dr_cr_5
"PROVINCE OF QUEBEC INDIAN FUND, in Account Current with the Department of Indian Affairs. No. 60.",1883-1883,1,59,ledger_dr_cr_5
PROVINCE OF QUEBEC INDIAN FUND in Account with the Department of Indian Affairs,1888-1888,1,58,ledger_dr_cr_5
"Moravians of the Thames, Ont. (No. 23).",1896-1896,1,58,ledger_debit_2
BATCHEWANA Indians,1888-1889,2,58,ledger_dr_cr_5
"Shawanaga Indians, Ont. (No. 34)",1895-1897,3,58,ledger_debit_2
INDIAN LAND MANAGEMENT FUND in Account Current with the Department of Indian Affairs.,1882-1882,1,57,ledger_dr_cr_4
"Iroquois of Caughnawaga, Que. (No. 45)",1896-1897,2,57,ledger_debit_2
HENVEY'S INLET INDIANS,1883-1889,5,57,"ledger_dr_cr_4,ledger_dr_cr_5"
IROQUOIS OF ST. RÉGIS,1882-1883,2,57,ledger_dr_cr_5
Quebec.,1885-1889,5,56,"ledger_dr_cr_4,ledger_dr_cr_5"
River Desert Indians (No. 50),1893-1894,2,56,"ledger_debit_2,ledger_dr_cr_4"
"Abenakis of St. Francis, Que. (No. 40)",1896-1897,2,56,ledger_debit_2
WYANDOTTES OF ANDERDON,1883-1888,4,55,ledger_dr_cr_5
"Temiscamingue Indians, Que. (No. 49)",1896-1897,2,55,ledger_debit_2
"River Desert Indians, Que. (No. 50).",1897-1897,1,55,ledger_debit_2
Iroquois of Caughnawaga (No. 45),1893-1894,2,54,"ledger_debit_2,ledger_dr_cr_4"
"Hurons of Lorette, Que. (No. 44)",1896-1897,2,54,ledger_debit_2
"Henvey Inlet Indians, Ont. (No. 13)",1895-1897,3,53,ledger_debit_2
SIX NATIONS OF THE GAND RIVER,1885-1885,1,53,ledger_dr_cr_5
PROVINCE OF QUEBEC INDIAN FUND in Account Current with the Department of Indian Affairs,1884-1884,1,53,ledger_dr_cr_5
"Pottawattamies of Walpole Island, Ont. (No. 31)",1895-1895,1,53,ledger_debit_2
Ojibbewas and Ottawas of Manitoulin Island (No. 25),1895-1895,1,53,ledger_debit_2
CHIPPEWAS OF THE THAMES in account with the Department of Indian Affairs No. 8,1888-1888,1,52,ledger_dr_cr_5
MISSISSAGUAS OF SCUGOG,1882-1886,4,51,"ledger_dr_cr_4,ledger_dr_cr_5"
"Munsees of the Thames, Ont. (No. 24)",1895-1897,2,51,ledger_debit_2
SERPENT RIVER INDIANS,1882-1889,6,51,"ledger_dr_cr_4,ledger_dr_cr_5"
Teachers' Salaries - Ontario.,1885-1887,2,51,"ledger_dr_cr_4,ledger_dr_cr_5"
"Thessalon River Indians, Ont. (No. 36)",1895-1896,2,51,ledger_debit_2
Salaries of Teachers - Ontario.,1888-1889,2,51,"ledger_dr_cr_4,ledger_dr_cr_5"
Moravians of the Themes (No. 23),1894-1894,1,50,ledger_debit_2
CHIPPEWAS OF SAUGEEN in Account with the Department of Indian Affairs,1888-1888,1,50,ledger_dr_cr_5
Salaries of Missionaries.,1886-1889,4,50,"ledger_dr_cr_4,ledger_dr_cr_5"
Advertising.,1884-1885,2,49,ledger_dr_cr_4
"Temiscamingue Indians, P.Q. (No. 49)",1895-1895,1,49,ledger_debit_2
"Mississaguas of Alnwick, Ont. (No. 17).",1897-1897,1,48,ledger_debit_2
Mississaguas of the Credit (No. 18) - INTEREST.,1894-1894,1,48,ledger_debit_2
Stony Indians (No. 171),1894-1895,2,47,ledger_debit_2
Grants.,1882-1887,3,47,"ledger_dr_cr_4,ledger_dr_cr_5"
"Lake Nipissing Indians, Ont. (No. 14)",1895-1896,2,47,ledger_debit_2
CHIPPEWAS OF NAWASH in Account with the Department of Indian Affairs,1888-1888,1,47,"ledger_dr_cr_4,ledger_dr_cr_5"
LAKE ST. JOHN INDIANS,1882-1886,5,47,"ledger_dr_cr_4,ledger_dr_cr_5"
LAKE NIPISSING INDIANS,1883-1889,3,46,"ledger_dr_cr_4,ledger_dr_cr_5"
"Iroquois of Caughnawaga, P.Q. (No. 45)",1895-1895,1,45,ledger_debit_2
"Serpent River Indians, Ont. (No. 32)",1895-1897,2,44,ledger_debit_2
INDIANS OF NOVA SCOTIA,1882-1886,5,43,"ledger_dr_cr_5,ledger_split_3"
Manitoulin Island (Unceded) (No. 15),1893-1895,3,43,"ledger_debit_2,ledger_dr_cr_4"
"Chippewas of Beausoleil, Ont. (No. 2.)",1896-1896,1,42,ledger_debit_2
"Thessalon River Indiana, Ont. (No. 36)",1897-1897,1,42,ledger_debit_2
"Abenakis of St. Francis, P.Q. (No. 40)",1895-1895,1,42,ledger_debit_2
MISSISSAUGAS OF ALNWICK,1883-1884,2,41,"ledger_dr_cr_4,ledger_dr_cr_5"
IROQUOIS OF ST. REGIS in Account with the Department of Indian Affairs,1888-1888,1,41,ledger_dr_cr_5
"Chippewas of Rama, Ont. (No. 4.)",1896-1896,1,41,ledger_debit_2
CHIPPEWAS OF SAUGEEN in Account Current with the Department of Indian Affairs.,1884-1884,1,41,ledger_dr_cr_5
Sundry Disbursements.,1882-1885,2,41,"ledger_dr_cr_4,ledger_dr_cr_5"
MOHAWKS OF THE BAY OF QUINTE,1882-1882,1,39,ledger_dr_cr_5
Mississaguas of Rice Lake (No. 19),1897-1897,1,39,ledger_debit_2
RIVER DESERT INDIANS in Account the Department of Indian Affairs.,1889-1889,1,39,ledger_dr_cr_5
"Mississagua River Indians, Ont. (No. 28)",1895-1896,2,39,ledger_debit_2
OJIBBEWAS OF LAKE HURON,1882-1888,5,38,ledger_dr_cr_5
OJIBBEWAS OF LAKE SUPERIOR,1882-1889,6,38,ledger_dr_cr_5
OJIBBEWAS AND OTTAWAS OF THE MANITOULIN ISLAND,1882-1883,2,38,"ledger_dr_cr_4,ledger_dr_cr_5"
MISSISSAGUAS OF RICE LAKE,1884-1885,2,38,ledger_dr_cr_5
Abenakis of St. Francis (No. 40),1893-1894,2,38,"ledger_debit_2,ledger_dr_cr_4"
MUNSEES OF THE THAMES,1882-1889,7,37,"ledger_dr_cr_4,ledger_dr_cr_5"
MISSISSAGUAS OF MUD LAKE,1884-1886,3,37,"ledger_dr_cr_4,ledger_dr_cr_5"
HURONS OF LORETTE,1882-1889,7,37,"ledger_dr_cr_4,ledger_dr_cr_5"
GOLDEN LAKE INDIANS,1882-1889,8,36,ledger_dr_cr_5
SERPENT RIVER INDIANS in Account with the Department of Indian Affairs.,1889-1889,1,36,ledger_dr_cr_5
THESSALON RIVER INDIANS,1882-1888,4,36,ledger_dr_cr_5
Lake Nipissing Indians (No. 14),1893-1897,2,36,"ledger_debit_2,ledger_dr_cr_4"
CHIPPEWAS OF THE THAMES in Account Current with the Department of Indian Affairs.,1884-1884,1,36,ledger_dr_cr_5
Indian School Fund (No. 77),1895-1897,2,35,ledger_debit_2
WHITEFISH RIVER INDIANS,1882-1889,4,35,ledger_dr_cr_5
"Rosseau River Band, Man. (No. 62)",1895-1897,3,35,ledger_debit_2
FORT WILLIAM INDIANS,1888-1889,2,35,"ledger_dr_cr_4,ledger_dr_cr_5"
Ojibbewas of Lake Huron (No. 26),1895-1896,2,35,ledger_debit_2
"Gibson Indians, Ont. (No. 123)",1895-1897,2,35,ledger_debit_2
"Chippewas of Saugeen, Ont. (No. 6.)",1896-1896,1,34,ledger_debit_2
RIVER DESERT INDIANS in Account with the Department of Indian Affairs. No. 50.,1888-1888,1,34,ledger_dr_cr_5
"Contingent Expenses, &c - Concluded.",1884-1884,1,34,ledger_dr_cr_4
LAKE OF TWO MOUNTAINS INDIANS,1882-1886,5,34,"ledger_dr_cr_4,ledger_dr_cr_5"
THE MOHAWKS OF THE BAY OF QUINTE,1889-1889,1,33,ledger_dr_cr_5
Chippewas of Snake Island (No. 7),1893-1894,2,33,"ledger_debit_2,ledger_dr_cr_4"
"River Desert Indians, P.Q. (No. 50)",1895-1895,1,33,ledger_debit_2
OJIBBEWAS OF MISSISSAUGUA RIVER,1887-1889,3,33,ledger_dr_cr_5
"Point Grondin Indians, Ont. (No. 80)",1895-1897,2,32,ledger_debit_2
"Chippewas of Snake Island, Ont. (No. 7.)",1896-1896,1,31,ledger_debit_2
"French River Indians, Ont. (No. 11)",1895-1897,3,31,ledger_debit_2
Nova Scotia.,1884-1889,5,29,"ledger_dr_cr_4,ledger_dr_cr_5"
"School Books, Maps, & c.",1887-1889,2,29,ledger_dr_cr_5
New Brunswick.,1885-1889,5,29,"ledger_dr_cr_4,ledger_dr_cr_5"
"White Fish Lake Indians, Ont. (No. 82)",1897-1897,1,29,ledger_debit_2
MOHAWKS OF BAY OF QUINTE in Account with the Department of Indian Affairs,1888-1888,1,29,ledger_dr_cr_4
MISSISSAGUAS OF ALNWICK,1882-1882,1,29,ledger_dr_cr_5
MISSISSAUGUAS OF ALNWICK in Account with the Department of Indian Affairs.,1887-1887,1,29,ledger_dr_cr_5
CHIPPEWAS OF WALPOLE ISLAND in Account with the Department of Indian Affairs No. 9,1888-1888,1,29,ledger_dr_cr_5
MISSISSAUGUAS OF SCUGOG,1887-1889,2,29,ledger_dr_cr_5
MISSISSAUGUAS OF MUD LAKE,1887-1889,2,29,ledger_dr_cr_5
MANITOULIN ISLAND INDIANS (Unceded),1886-1889,2,28,ledger_dr_cr_5
BATCHEWANA BAND OF INDIANS,1886-1886,1,28,"ledger_dr_cr_4,ledger_dr_cr_5"
[illegible text],1896-1896,1,28,ledger_debit_2
TOOTOOMENAI AND BAND,1883-1889,5,27,ledger_dr_cr_5
RIVER DESERT INDIANS in Account with the Department of Indian Affairs,1887-1889,2,27,ledger_dr_cr_5
Indians of New Brunswick (No. 67).,1893-1896,3,27,"ledger_debit_2,ledger_dr_cr_4"
"Maganettewan Indians, Ont. (No. 16)",1895-1897,3,26,ledger_debit_2
INDIANS OF NEW BRUNSWICK,1882-1886,4,26,ledger_dr_cr_5
Indian Land Management Fund (No. 75.),1896-1896,1,26,ledger_debit_2
"MISSISSAUGAS OF ALNWICK, in Account Current with the Department of Indian Affairs.",1884-1884,1,26,ledger_dr_cr_4
"Blackfoot Indians, N.W.T. (No. 138)",1896-1896,1,26,ledger_debit_2
Lake of Two Mountains Indians (No. 48),1893-1894,2,26,"ledger_debit_2,ledger_dr_cr_4"
J.B. Clench (No. 70),1894-1897,4,26,ledger_debit_2
"Lake St. John Indians, Que. (No. 47)",1896-1897,2,25,ledger_debit_2
Mississaguas of Scugog (No. 21),1894-1894,1,25,ledger_debit_2
SHAWANAGA BAND,1885-1886,2,25,"ledger_dr_cr_4,ledger_dr_cr_5"
"Amalecites of Isle Verte and Viger, Que. (No. 42)",1896-1897,2,25,ledger_debit_2
"Songhees Indians, B.C. (No. 51)",1894-1895,2,25,ledger_debit_2
"Cowichan Indians, B.C. (No. 52)",1895-1897,3,25,ledger_debit_2
"Gibson Indians, Ont. (No. 123.)",1896-1896,1,25,ledger_debit_2
"School-Books, Maps, & c.",1888-1888,1,24,ledger_dr_cr_4
"West Bay Band, Ont. (No. 251).",1897-1897,1,24,ledger_debit_2
Tobique Indians (No. 68).,1893-1894,2,24,"ledger_debit_2,ledger_dr_cr_4"
"Serpent River Indians, Ont. (No. 32).",1896-1896,1,24,ledger_debit_2
MORAVIANS OF THE THAMES in Account with the Department of Indian Affairs,1888-1888,1,24,ledger_dr_cr_4
"Whitefish Lake Indians, Ont. (No. 82)",1895-1895,1,24,ledger_debit_2
ABENAKIS OF BECANCOUR,1883-1889,5,24,ledger_dr_cr_5
"Mount Elgin Industrial Institute, Ont. (No. 224.)",1896-1896,1,23,ledger_debit_2
BATCHEWANA BAY INDIANS,1883-1884,2,23,ledger_dr_cr_4
"Golden Lake Indians, Ont. (No. 43)",1895-1897,2,23,ledger_debit_2
"Mississaguas of the Credit, Ont. (No. 18).",1897-1897,1,23,ledger_debit_2
Contigent Expenses of the various Superintendencies and Agencies.,1882-1882,1,23,ledger_dr_cr_5
SPANISH RIVER INDIANS,1882-1886,3,23,"ledger_dr_cr_4,ledger_dr_cr_5"
GARDEN RIVER INDIANS in Account with the Department of Indian Affairs,1888-1888,1,22,ledger_dr_cr_5
Munsees of the Thames (No. 24),1894-1894,1,22,ledger_debit_2
Hurons of Lorette (No. 44),1893-1894,2,22,"ledger_debit_2,ledger_dr_cr_4"
SUPERANNUATION ACCOUNT,1883-1886,3,22,"ledger_dr_cr_4,ledger_dr_cr_5"
AENAKIS OF ST. FRANCIS,1885-1885,1,22,ledger_dr_cr_5
"Stony Indians, N.W.T. (No. 171)",1896-1897,2,22,ledger_debit_2
Mississaguas of Rice Lake (No. 19) - INTEREST.,1894-1894,1,22,ledger_debit_2
"Surveys, Inspection and Valuation of Lands, cost of Maps, & c.",1884-1884,1,22,ledger_dr_cr_4
CHIPPEWAS OF RAMA in Account of the Department of Indian Affairs,1888-1888,1,22,ledger_dr_cr_4
CHIPPEWAS OF BEAUSOLIEL in Account with the Department of Indian Affairs,1888-1888,1,21,ledger_dr_cr_5
Ojibewas of Lake Huron (No. 26),1893-1894,2,21,"ledger_debit_2,ledger_dr_cr_4"
Mississaguas of the Credit (No. 18) - INTEREST - Concluded.,1894-1894,1,21,ledger_debit_2
Province of Quebec Fund (No. 74),1894-1894,1,21,ledger_debit_2
"Sucker Creek Band, Ont. (No. 249)",1897-1897,1,21,ledger_debit_2
Ermineskin's Reserve (No. 167)*,1895-1895,1,20,ledger_debit_2
Salaries of Teachers.,1882-1882,1,20,ledger_dr_cr_5
WYANDOTTS OF ANDERDON,1882-1889,2,20,ledger_dr_cr_5
Ojibewas of Mississagua River (No. 28),1894-1894,1,20,ledger_debit_2
"CHEMAINES BAND, BRITISH COLUMBIA",1885-1889,3,20,ledger_dr_cr_5
WYANDOTTES OF ANDERON,1886-1886,1,19,ledger_dr_cr_5
"Harrison River Band, B.C. (No. 55)",1895-1897,3,19,ledger_debit_2
"Swan Lake Indians, Man. (No. 106)",1895-1897,2,19,ledger_debit_2
Amalecites of Isle Verte and Viger (No. 42),1893-1894,2,19,"ledger_debit_2,ledger_dr_cr_4"
LAKE ST. JOHN INDIANS in Account with the Department of Indian Affairs.,1887-1889,2,19,ledger_dr_cr_5
INDIAN SCHOOL FUND in Account Current with the Department of Indian Affairs.,1882-1882,1,19,ledger_dr_cr_4
"Tabusintac Band, N.B. (No. 64)",1895-1897,3,19,ledger_debit_2
Enoch's Band (No. 120*.),1896-1896,1,19,ledger_debit_2
CHIPPEWAS OF SNAKE ISLAND in Account with the Department of Indian Affairs,1888-1888,1,19,ledger_dr_cr_5
Blackfoot Indians (No. 138),1893-1895,2,18,ledger_debit_2
"South Bay Reserve, Ont. (No. 248).",1897-1897,1,18,ledger_debit_2
Teacher's Salaries - Ontario.,1886-1886,1,18,ledger_dr_cr_4
Province of Quebec Indian Fund (No 74),1897-1897,1,18,ledger_debit_2
SONGHEES INDIANS (B.C.),1886-1888,2,18,ledger_dr_cr_5
"Skwah Indians, B.C. (No. 110)",1895-1897,3,18,ledger_debit_2
"Whitefish Lake Indians, Ont. (No. 82).",1896-1896,1,17,ledger_debit_2
MISSISSAGUAS OF RICE AND MUD LAKES,1882-1882,1,17,ledger_dr_cr_5
OJIBEWAS AND OTTAWAS OF MANITOULIN ISLAND in Account with the Department of Indian Affairs.,1887-1887,1,17,ledger_dr_cr_5
Province of Quebec Indian Fund (No. 74),1896-1896,1,17,ledger_debit_2
Province of Quebec Indian Fund (No. 74).,1895-1895,1,17,ledger_debit_2
"Songhees Indians, B.C. (No. 51).",1897-1897,1,17,ledger_debit_2
"Big Hole Reserve, N.B. (No. 165)",1895-1896,2,17,ledger_debit_2
"MISSISSAUGUAS OF RICE LAKE, in Account with the Department of Indian Affairs",1888-1888,1,17,ledger_dr_cr_4
Ermine Skins Reserve (No. 167),1894-1894,1,16,ledger_debit_2
SUSPENSE ACCOUNT,1886-1886,1,16,ledger_dr_cr_4
CHIPPEWAS OF RAMA in Account Current with the Department of Indian Affairs.,1884-1884,1,16,ledger_dr_cr_5
Rolling River Band (No. 178).,1894-1895,2,16,ledger_debit_2
Indian School Fund (No. 77.),1896-1896,1,16,ledger_debit_2
Ojibewas of Lake Superior (No. 27).,1893-1894,2,16,"ledger_debit_2,ledger_dr_cr_4"
"Fort Alexander Band, Man. (No. 63)",1895-1897,2,16,ledger_debit_2
OJIBBEWAS OF MISSISSAGUA RIVER,1885-1886,2,16,ledger_dr_cr_5
"Sheguiandah Band, Ont. (No. 246).",1897-1897,1,16,ledger_debit_2
"Lake of Two Mountain Indians, P.Q. (No. 48)",1895-1895,1,16,ledger_debit_2
"Indians of Burnt Church, N.B. (No. 116)",1895-1897,3,16,ledger_debit_2
"Indians of Eel Ground, N.B., (No. 103).",1897-1897,1,16,ledger_debit_2
Ojibbewas of Lake Superior (No. 27.),1896-1896,1,16,ledger_debit_2
PARRY ISLAND INDIANS in Account Current with the Department of Indian Affairs.,1884-1884,1,16,ledger_dr_cr_5
LAKE OF TWO MOUNTAINS INDIANS in Account with the Department of Indian Affairs.,1887-1889,2,15,ledger_dr_cr_5
NIPISSINGUAS OF THE UPPER OTTAWA in Account with the Department of Indian Affairs.,1887-1889,2,15,ledger_dr_cr_5
"Point Grondin Indians, Ont. (No. 80.)",1896-1896,1,15,ledger_debit_2
"Shingwauk Home, Ont. (No. 225.)",1896-1896,1,15,ledger_debit_2
"Lake of Two Mountains Indians, Que. (No. 48.)",1896-1896,1,15,ledger_debit_2
MANITOULIN ISLAND INDIANS (unceded),1882-1883,2,15,"ledger_dr_cr_4,ledger_dr_cr_5"
"ABENEKIS, OF ST. FRANCIS",1883-1883,1,15,ledger_dr_cr_5
Salaries of Teachers - Ontario - Concluded.,1889-1889,1,15,ledger_dr_cr_5
"Big Cove Reserve, N.B. (No. 179).",1895-1897,2,15,ledger_debit_2
Indians of Now Brunswick (No. 67),1897-1897,1,15,ledger_debit_2
"Mississagua River Indians, Ont. (No. 28).",1897-1897,1,15,ledger_debit_2
"Swan Lake Indians, Man. (No. 106.)",1896-1896,1,15,ledger_debit_2
Pensions.,1882-1885,2,15,"ledger_dr_cr_4,ledger_dr_cr_5"
"Hurons of Lorette, P.Q. (No. 44)",1895-1895,1,15,ledger_debit_2
"Indians of Onion Lake, N.W.T. (No. 230)",1897-1897,1,15,ledger_debit_2
Ojibbewas of Lake Superior (No. 27),1895-1895,1,15,ledger_debit_2
"Sheshegwaning Reserve, Ont. (No. 247)",1897-1897,1,14,ledger_debit_2
Swan Lake Indians (No. 106).,1894-1894,1,14,ledger_debit_2
MANITOULIN ISLAND INDIANS (Unceded) in Account with the Department of Indian Affairs,1888-1888,1,14,ledger_dr_cr_5
"Sarcee Indians, N.W.T. (No. 154)",1896-1897,2,14,ledger_debit_2
MANITOULIN ISLAND Indians (Unceded) in Account with the Department of Indian Affairs.,1887-1887,1,14,ledger_dr_cr_5
"School Books, Maps, & c. -",1887-1887,1,14,ledger_dr_cr_4
SURVEY ACCOUNT,1883-1886,3,14,"ledger_dr_cr_4,ledger_dr_cr_5"
Gibson Indians (No. 123),1893-1894,2,14,"ledger_debit_2,ledger_dr_cr_4"
"Squamish Indians, B.C. (No. 54)",1894-1895,2,14,ledger_debit_2
LAKE NIPPISSING INDIANS in Account with the Department of Indian Affairs.,1887-1887,1,14,ledger_dr_cr_5
"Chillaheetsa Band, B.C. (No. 58)",1895-1896,2,14,ledger_debit_2
"Lake of Two Mountains Indians, Que. (No. 48).",1897-1897,1,14,ledger_debit_2
"Passpasschase's Reserve, N.W.T. (No. 120)*",1895-1895,1,14,ledger_debit_2
Temiscamingue Indians (No. 49).,1894-1894,1,14,ledger_debit_2
Indians of Prince Edward Island (No. 69),1894-1897,3,14,ledger_debit_2
Maganettawan Indians (No. 16),1893-1894,2,14,"ledger_debit_2,ledger_dr_cr_4"
Passpasschase's Reserve (No. 120),1894-1894,1,14,ledger_debit_2
"Samson's Band, N.W.T. (No. 155).",1894-1894,1,13,ledger_debit_2
NIPISSINGUAS OF THE UPPER OTTAWA,1884-1886,2,13,"ledger_dr_cr_4,ledger_dr_cr_5"
SONGHEES INDIANS,1885-1885,1,13,ledger_dr_cr_5
MISSISSAUGUAS OF MUD LAKE in Account with the Department of Indian Affairs,1888-1888,1,13,ledger_dr_cr_4
"Whitefish Bay Indians, Ont. (No. 81).",1895-1897,2,13,ledger_debit_2
"Coutcheeching Band, Man. (No. 130)",1895-1896,2,13,ledger_debit_2
HENVEY'S INLET INDIANS in Account with the Department of Indian Affairs,1888-1888,1,13,ledger_dr_cr_5
William Wabbuck (No. 73),1895-1897,2,13,ledger_debit_2
SUNDRY DISBURSEMENTS - Continued,1884-1884,1,13,ledger_dr_cr_4
ABENEKIS OF ST. FRANCIS,1882-1882,1,13,ledger_dr_cr_5
"Songhees Indians, B.C. (No. 51.)",1896-1896,1,13,ledger_debit_2
Enoch's Band (No. 120),1897-1897,1,13,ledger_debit_2
"Blackfoot Indians, N.W.T. (No. 138).",1897-1897,1,13,ledger_debit_2
POTTAWATTAMIES OF WALPOLE ISLAND in Account Current with the Department of Indian Affairs.,1884-1884,1,13,ledger_dr_cr_5
"Little Bone's Band, N.W.T. (No. 140*.)",1896-1896,1,13,ledger_debit_2
SPANISH RIVER INDIANS in Account with the Department of Indian Affairs.,1887-1887,1,13,ledger_dr_cr_4
SHAWANAGA BAND in Account with the Department of Indian Affairs.,1887-1887,1,13,ledger_dr_cr_4
"Ojibbewas of Lake Huron, Ont. (No. 20).",1897-1897,1,12,ledger_debit_2
"Quamichan Band, B.C. (No. 56).",1894-1897,2,12,ledger_debit_2
"St. Peter's Band, Manitoba (No. 59)",1895-1895,1,12,ledger_debit_2
Fuel for Schools.,1887-1887,1,12,ledger_dr_cr_4
NIPISSINGUAS OF UPPER OTTAWA,1882-1885,2,12,ledger_dr_cr_5
"Obidgewong Band, Ont. (No. 245)",1897-1897,1,12,ledger_debit_2
Heirs of Chief Piknawatick. (No. 99.),1896-1896,1,12,ledger_debit_2
LAKE NIPISSING INDIANS in Account with the Department of Indian Affairs,1888-1888,1,12,ledger_dr_cr_5
"Tootoomenai's Band, Ont. (No. 37)",1895-1897,2,12,ledger_debit_2
"Cockburn Island Band, Ont. (No. 244).",1897-1897,1,12,ledger_debit_2
"Indians of Onion Lake, N.W.T. (No. 230.)",1896-1896,1,12,ledger_debit_2
Indians of Nova Scotia (No. 66),1894-1897,2,12,ledger_debit_2
INDIAN TRUST FUND,1884-1885,2,12,"ledger_dr_cr_4,ledger_dr_cr_5"
MISSISSAUGUAS OF SCUGOG in Account with the Department of Indian Affairs,1888-1888,1,12,ledger_dr_cr_4
Lake St. John Indians (No. 47).,1894-1894,1,12,ledger_debit_2
Teachers' Salaries - Ontario - Concluded.,1887-1887,1,12,ledger_dr_cr_5
"Harrison River Band, B.C. (No. 55).",1893-1894,2,11,"ledger_debit_2,ledger_dr_cr_4"
"Samson's Band, (No. 155)",1895-1895,1,11,ledger_debit_2
"Wahsatanow's Band, Saddle Lake Agency, N.W.T. (No. 218)",1896-1897,2,11,ledger_debit_2
Fort Alexander Band (No. 63).,1893-1894,2,11,"ledger_debit_2,ledger_dr_cr_4"
"Sharphead's Reserve, N.W.T. (No. 202)",1895-1897,2,11,ledger_debit_2
"Tsoo-a-die Band, B.C. (No. 133)",1895-1897,2,11,ledger_debit_2
"Hungry Hall Band, No. 1, Man. (No. 131.)",1896-1896,1,11,ledger_debit_2
"Big Cove Reserve, N.B. (No. 179)",1894-1896,2,11,ledger_debit_2
"Siska Band, B.C. (No. 148)",1894-1897,3,11,ledger_debit_2
"Lake St. John Indians, P.Q. (No. 47).",1895-1895,1,11,ledger_debit_2
Estate of William Day (No. 206)*,1895-1895,1,11,ledger_debit_2
Little Pine's Band (No. 190),1894-1895,2,11,ledger_debit_2
Indians of Nova Scotia (No. 66)*,1895-1895,1,11,ledger_debit_2
Indian Land Management Fund (No. 75).,1893-1893,1,11,ledger_dr_cr_4
"Spuzzum Band, B.C. (No. 160)",1895-1897,3,11,ledger_debit_2
Blackfoot Indians (No. 138).,1894-1894,1,11,ledger_debit_2
"St. Peter's Band, Man. (No. 59.)",1896-1896,1,11,ledger_debit_2
"Amalecites of Isle Verte and Viger, P.Q. (No. 42).",1895-1895,1,11,ledger_debit_2
"ROSSEAU RIVER BAND, MANITOBA",1884-1887,2,11,"ledger_dr_cr_5,ledger_split_3"
Province of Quebec Fund (No. 74).,1893-1893,1,11,ledger_dr_cr_4
"Sucker Lake Band, Ont. (No. 250).",1897-1897,1,11,ledger_debit_2
"Chehalis Band, B.C. (No. 97).",1894-1897,2,11,ledger_debit_2
"Broken Head River Band, Man. (No. 60)",1895-1895,1,11,ledger_debit_2
"Ojibbewas of Lake Superior, Ont, (No. 27)",1897-1897,1,10,ledger_debit_2
HENVEY'S INLET INDIANS in Account Current with the Department of Indian Affairs.,1884-1884,1,10,ledger_dr_cr_4
"White Bear's Reserve, N.W.T. (NO. 121)",1896-1896,1,10,ledger_debit_2
AMALECITES OF ISLES VERTE,1885-1885,1,10,ledger_dr_cr_5
"St. Peter's Band, Man. (No. 59)",1897-1897,1,10,ledger_debit_2
"Musquean Indians, B.C. (No. 53).",1893-1894,2,10,"ledger_debit_2,ledger_dr_cr_4"
Superannuation Account (No. 79)*,1895-1895,1,10,ledger_debit_2
St. Peter's Band (No. 59).,1894-1894,1,10,ledger_debit_2
"Indians of Reserve 38a, Treaty No. 3 (No. 102)",1895-1895,1,10,ledger_debit_2
"Indians of Red Bank, N.B. (No. 115).",1897-1897,1,10,ledger_debit_2
BATCHEWANA BAY INDIANS in Account No. 1,1883-1883,1,10,ledger_dr_cr_4
"BOOKS, MAPS, &c., FOR USE OF SCHOOLS.",1884-1884,1,10,ledger_dr_cr_4
Blood Indians (No. 173).,1893-1894,2,10,ledger_debit_2
"Nanaimo River Band, B.C. (No. 176)",1895-1897,2,10,ledger_debit_2
"Blood Indians, N.W.T. (No 173.)",1896-1896,1,10,ledger_debit_2
Indian School Fund (No. 77).,1893-1893,1,10,ledger_dr_cr_4
SHAWANAGA INDIANS in Account Current with the Department of Indian Affairs.,1884-1884,1,10,ledger_dr_cr_4
"Indians of Port Medway, N.S. (No. 101).",1893-1897,3,10,"ledger_debit_2,ledger_dr_cr_4"
"Umpukpulquatum Indians, B.C. (No. 204)",1894-1896,2,10,ledger_debit_2
Heirs of Chief Piknawatick (No. 99),1895-1895,1,10,ledger_debit_2
Heirs of late Chief Piknawatik (No. 99),1894-1894,1,10,ledger_debit_2
"Union Bar Band, B.C. (No. 159).",1893-1897,3,10,ledger_debit_2
ABENAKIS OF ST. FRANCIS in Account with the Department of Indian Affairs,1887-1887,1,10,ledger_dr_cr_5
"TOBIQUE INDIANS, N.B., in Account Current with the Department of Indian Affairs",1884-1884,1,10,ledger_dr_cr_5
WHITEFISH RIVER INDIANS in Account with the Department of Indian Affairs,1887-1887,1,10,ledger_dr_cr_5
"Popkum Band, B.C. (No. 162).",1893-1897,3,10,ledger_debit_2
"Indians of Langley, B.C. (No. 134).",1894-1897,2,10,ledger_debit_2
INDIANS OF BRITISH COLUMBIA,1882-1883,2,10,ledger_dr_cr_5
NANCY MAIVILLE,1882-1885,2,10,ledger_dr_cr_5
NANCY MAIVILLE in Account with the Department of Indian Affairs.,1887-1888,2,10,ledger_dr_cr_5
"Turtle Mountain Sioux, Man. (No. 185)",1896-1897,2,10,ledger_debit_2
"Oak River Sioux, N.W.T. (No. 170.)",1896-1896,1,10,ledger_debit_2
"SPANISH RIVER INDIANS, in Account No. 34",1883-1883,1,10,ledger_dr_cr_5
"Little Bone's Band, N.W.T. (No. 140)",1897-1897,1,10,ledger_debit_2
SPANISH RIVER INDIANS in Account Current with the Department of Indian Affairs.,1884-1884,1,9,ledger_dr_cr_4
WHITEFISH RIVER INDIANS in Account Current with the Department of Indian Affairs.,1884-1884,1,9,ledger_dr_cr_4
SONGHEES INDIANS (B.C.) in Account with the Department of Indian Affairs,1887-1887,1,9,ledger_dr_cr_5
"TOBIQUE INDIANS, NEW BRUNSWICK",1885-1885,1,9,ledger_dr_cr_5
LAKE ST. JOHN INDIANS in Account with the Department of Indian Affairs. No. 47.,1888-1888,1,9,ledger_dr_cr_5
"Long Plain Indians, Man. (No. 127)",1895-1895,1,9,ledger_debit_2
"Wabigoon Indians, Man. (No. 95.)",1896-1896,1,9,ledger_debit_2
"Yale Indians, B.C. (No. 125.)",1896-1896,1,9,ledger_debit_2
POINT GRONDINE INDIANS in Account with the Department of Indian Affairs,1887-1887,1,9,ledger_dr_cr_5
Ontario - Concluded.,1886-1886,1,9,ledger_dr_cr_4
"Cowichan Indians, B.C. (No. 52).",1894-1894,1,9,ledger_debit_2
"Contingent Expenses, & c., - Continued.",1882-1882,1,9,ledger_dr_cr_5
"THESOALON RIVER INDIANS, in Account No. 35",1883-1883,1,9,ledger_dr_cr_5
Mississaugas of the Credit (No. 18),1893-1893,1,9,ledger_dr_cr_4
SERPENT RIVER INDIANS in Account with the Department of Indian Affairs,1887-1887,1,9,ledger_dr_cr_5
Six Nations,1882-1882,1,9,ledger_dr_cr_5
"St. Mary Indians, N.B. (No. 93.)",1896-1896,1,9,ledger_debit_2
"Restigouche Indians, Que. (No 92)",1896-1896,1,9,ledger_debit_2
"Indians of Nicoamen, B.C. (No. 126).",1894-1897,2,9,ledger_debit_2
"Eagle Lake Indians, Man. (No. 90)",1896-1896,1,9,ledger_debit_2
Moosomin's Band (No. 191).,1894-1894,1,9,ledger_debit_2
Superannuation Account (No. 79*),1896-1896,1,9,ledger_debit_2
Red Pheasant's Band (No. 156),1893-1894,2,9,ledger_debit_2
"COWICHAN BAND, B.C., in Account Current with the Department of Indian Affairs.",1884-1884,1,9,ledger_dr_cr_5
"White Bear's Reserve, N.W.T. (No. 121).",1897-1897,1,9,ledger_debit_2
SUSPENSE ACCOUNT in Account Current with the Department of Indian Affairs.,1882-1882,1,9,ledger_dr_cr_4
"HARRISON RIVER BAND, B.C.",1886-1888,2,9,ledger_dr_cr_5
Golden Lake Indians (No. 43).,1894-1894,1,9,ledger_debit_2
"Bella Coola Band, B.C. (No. 200).",1894-1897,2,9,ledger_debit_2
INDIANS OF MANITOBA AND NORTH-WEST TERRITORY,1883-1883,1,9,ledger_dr_cr_5
Cowessess Band (No. 184).,1894-1895,2,9,ledger_debit_2
MUSQUEAN BAND OF BRITISH COLUMBIA,1885-1888,3,8,ledger_dr_cr_5
"Indians of Big Island Reserve 31c, Treaty 3 (No. 105)",1895-1895,1,8,ledger_debit_2
SHAWANAGA INDIANS in Account No. 33,1883-1883,1,8,ledger_dr_cr_5
"Indians of Port Medway, N.S. (No. 101)",1895-1896,2,8,ledger_debit_2
Indians of Nova Scotia (No. 66).,1896-1896,1,8,ledger_debit_2
"Blood Indians, N.W.T. (No. 173).",1897-1897,1,8,ledger_debit_2
Mississaguas of Rice Lake (No. 19) - CAPITAL.,1894-1894,1,8,ledger_debit_2
"Ebb and Flow Lake Indians, Man. (No. 91.)",1896-1896,1,8,ledger_debit_2
J.B. CLENCH,1882-1885,2,8,ledger_dr_cr_5
Red Pheasant's Band (No. 156).,1894-1894,1,8,ledger_debit_2
THESSALON RIVER INDIANS in Account Current with the Department of Indian Affairs.,1884-1884,1,8,ledger_dr_cr_4
"Skuppa Band, B.C. (No. 150)",1895-1896,2,8,ledger_debit_2
SHAWANAGA INDIANS,1882-1882,1,8,ledger_dr_cr_5
Missionaries' Salaries.,1885-1885,1,8,ledger_dr_cr_4
Blood Indians (No. 173),1895-1895,1,8,ledger_debit_2
AMALCITES OF ISLE VERTE AND VIGER,1886-1886,1,8,ledger_dr_cr_5
Ann Konwahentaken (No. 96).,1893-1894,2,8,"ledger_debit_2,ledger_dr_cr_4"
Inspection of Schools.,1887-1888,2,8,ledger_dr_cr_4
"Golden Lake Indians, Ont. (No. 43.)",1896-1896,1,8,ledger_debit_2
Broken Head River Band (No. 60),1894-1894,1,8,ledger_debit_2
AMALICITES OF ISLE VERTE AND VIGER,1882-1884,2,8,ledger_dr_cr_5
William Wahbuck (No. 73),1894-1894,1,8,ledger_debit_2
"Way-way-see-cappo's Band, N.W.T. (No. 132)",1895-1895,1,8,ledger_debit_2
Superannuation Account (No. 79),1897-1897,1,8,ledger_debit_2
"Surveys, Inspection and Valuation of Lands, Cost of Maps, & c.",1885-1885,1,8,ledger_dr_cr_4
COWICHAN INDIANS (B.C.),1886-1888,2,8,ledger_dr_cr_5
"Indians of Cumberland County, N.S. (No. 98).",1893-1897,2,8,"ledger_debit_2,ledger_dr_cr_4"
"Sweet Grass Band, Battleford Agency (No. 189).",1894-1894,1,8,ledger_debit_2
CHIPPEWAS OF SNAKE ISLAND in Account Current with the Department of Indian Affairs.,1884-1884,1,8,ledger_dr_cr_5
"Tsoo-a-hoi Band, B.C. (No. 133)",1893-1894,2,8,ledger_debit_2
"Tsoo-a-die Band, B.C. (No. 133.)",1896-1896,1,8,ledger_debit_2
"Hope Band, B.C. (No. 84)*",1895-1895,1,8,ledger_debit_2
Little Bone's Band (No. 104),1894-1894,1,8,ledger_debit_2
TOBEQUE INDIANS OF NEW BRUNSWICK,1882-1882,1,8,ledger_dr_cr_5
"TOBIQUE INDIANS OF NEW BRUNSWICK, in Account Current with the Department of Indian Affairs. No. 54.",1883-1883,1,8,ledger_dr_cr_5
OJIBBEWAS OF LAKE SUPERIOR in Account Current with the Department of Indian Affairs.,1884-1884,1,8,ledger_dr_cr_5
"Shoal Lake Reserve, 40, Man. (No. 223)",1896-1897,2,8,ledger_debit_2
"Indians of Eel Ground, N.B. (No. 103)",1895-1895,1,8,ledger_debit_2
"ONEIDAS OF THE THAMES, in Account Current with the Department of Indian Affairs.",1884-1884,1,8,ledger_dr_cr_5
"Betsiamits Indians, Que. (No. 137.)",1896-1896,1,8,ledger_debit_2
INDIANS OF PRINCE EDWARD ISLAND,1882-1885,2,8,ledger_dr_cr_5
INSPECTION OF SCHOOLS.,1884-1884,1,8,ledger_dr_cr_4
IROQUOIS OF ST REGIS in Account with the Department of Indian Affairs.,1887-1887,1,8,ledger_dr_cr_5
Piegan Indians (No. 210),1895-1895,1,8,ledger_debit_2
THESSALON RIVER INDIANS in Account with the Department of Indian Affairs.,1887-1887,1,8,ledger_dr_cr_4
LAKE OF TWO MOUNTAINS INDIANS in Account with the Department of Indian Affairs. No. 48.,1888-1888,1,8,ledger_dr_cr_5
OJIBBEWAS OF MISSISSAGUA RIVER in Account Current with the Department of Indian Affairs.,1884-1884,1,8,ledger_dr_cr_5
PAGOMOKESHICK'S BAND (MANITOBA),1889-1889,1,8,ledger_dr_cr_5
"Okanagan Indians, B.C. (No. 94).",1893-1897,2,8,"ledger_debit_2,ledger_dr_cr_4"
Oak River Sioux (No. 170).,1893-1894,2,8,ledger_debit_2
Oak River Sioux (No. 170),1895-1895,1,8,ledger_debit_2
Little Bone's Band (No. 140)*,1895-1895,1,8,ledger_debit_2
Seymour Creek Indians (No. 203).,1894-1894,1,8,ledger_debit_2
"Lytton Band, B.C. (No. 151)",1895-1896,2,8,ledger_debit_2
Wabigon Indiana (No. 95),1894-1894,1,8,ledger_debit_2
WHITEFISH RIVER INDIAN,1886-1886,1,8,ledger_dr_cr_5
William Wabbuck (No. 73.),1896-1896,1,8,ledger_debit_2
MAGANETTEWAN INDIANS,1886-1889,2,8,ledger_dr_cr_5
MAGANATTEWAN INDIANS,1883-1883,1,8,ledger_dr_cr_4
"Lytton Band, B.C. (No. 151).",1894-1897,2,8,ledger_debit_2
"Salmon Arm Reserve, B.C. (No. 153)",1894-1896,2,8,ledger_debit_2
"Wahnapitae Reserve, No. 11, Ont. (No. 228).",1897-1897,1,7,ledger_debit_2
Abenakis of Becancour (No. 41).,1894-1894,1,7,ledger_debit_2
"Abenakis of Becancour, P.Q. (No. 41)",1895-1895,1,7,ledger_debit_2
"Abenakis of Becancour, Que. (No. 41)",1897-1897,1,7,ledger_debit_2
"Abenakis of Bécancour, Que. (No. 41.)",1896-1896,1,7,ledger_debit_2
ABANAKIS OF BECANOUR,1886-1886,1,7,ledger_dr_cr_5
"Way-way-see-cappo's Band, N.W.T. (No. 132.)",1896-1896,1,7,ledger_debit_2
"Seymour Creek Indians, B.C. (No. 203.)",1896-1896,1,7,ledger_debit_2
"Sampson Band, N.W.T. (No. 155)",1896-1896,1,7,ledger_debit_2
"MANITOULIN ISLAND INDIANS (unceded), in Account Current with the Department of Indian Affairs.",1884-1884,1,7,ledger_dr_cr_4
Salaries Missionaries.,1882-1882,1,7,ledger_dr_cr_5
AMALICITES OF ILE VERTE AND VIGER,1889-1889,1,7,ledger_dr_cr_5
"Whitefish Bay Indians, Ont. (No. 81)",1896-1896,1,7,ledger_debit_2
"Chillihertza's Band, B.C. (No. 58).",1894-1894,1,7,ledger_debit_2
Chemainus Band. B.C. (No. 57.),1896-1896,1,7,ledger_debit_2
"Chemainus Band, B.C. (No. 57)",1895-1895,1,7,ledger_debit_2
"Kanaka Band, B.C. (No. 149).",1894-1897,2,7,ledger_debit_2
"SAINT PETER'S BAND, MANITOBA",1889-1889,1,7,ledger_dr_cr_5
Rosseau River Band (No. 62),1894-1894,1,7,ledger_debit_2
Côté's Band (No. 142),1895-1895,1,7,ledger_debit_2
"Skwamish Indians, B.C. (No. 54.)",1896-1896,1,7,ledger_debit_2
SALARIES OF MISSIONARIES.,1884-1884,1,7,ledger_dr_cr_4
"Big Island Indians, Reserve 31 C, Treaty 3 (No. 105)",1896-1896,1,7,ledger_debit_2
"Indians of Sumas Lake, B.C. (No. 112)*",1895-1895,1,7,ledger_debit_2
"Indians of Whycocomagh, N.S. (No. 122)",1893-1895,2,7,ledger_debit_2
"Quamichan Band, B.C. (No. 56)",1895-1895,1,7,ledger_debit_2
"Mosquito Band, Battleford Agency (No. 193).",1894-1894,1,7,ledger_debit_2
"Musqueam Indians, B.C. (No. 53)",1895-1895,1,7,ledger_debit_2
"Musqueam Indians, B.C. (No. 53.)",1896-1896,1,7,ledger_debit_2
GRANTS.,1884-1884,1,7,ledger_dr_cr_4
HURONS OF LAKE LORETTE,1886-1886,1,7,ledger_dr_cr_5
"HOPE INDIANS, BRITISH COLUMBIA",1889-1889,1,7,ledger_dr_cr_5
"CHILLIHERTZAS BAND, BRITISH COLUMBIA",1885-1889,2,7,ledger_dr_cr_5
"Fort Alexander Band, Man. (No. 63.)",1896-1896,1,7,ledger_debit_2
"Brokenhead River Band, Man. (No. 60).",1897-1897,1,7,ledger_debit_2
"Brokenhead River Band, Man. (No. 60.)",1896-1896,1,7,ledger_debit_2
"OUMECHAN BAND, B.C., in Account Current with the Department of Indian Affairs.",1884-1884,1,7,ledger_dr_cr_5
"Hope Band, B.C. (No. 84).",1896-1896,1,7,ledger_debit_2
"Tootoomenai's Band, Ont. (No 37)",1896-1896,1,7,ledger_debit_2
"Ohiat Band, B.C., (No. 172)",1895-1895,1,7,ledger_debit_2
For protection of timber: -,1885-1885,1,7,ledger_dr_cr_4
"Pagonakeshick's Band, Ont. (No 85).",1897-1897,1,7,ledger_debit_2
"Pagonakeshick's Band, Ont. (No. 85).",1896-1896,1,7,ledger_debit_2
"Okanagan Indians, B.C. (No. 94)",1896-1896,1,7,ledger_debit_2
"Ermineskin's Reserve, N.W.T. (No.167.)",1896-1896,1,7,ledger_debit_2
"Indians of St. Mary's, N.B. (No. 93).",1894-1894,1,7,ledger_debit_2
"Indians of Cumberland County, N.S. (No. 98)",1896-1896,1,7,ledger_debit_2
"Indians of Cumberland Co., N.S. (No. 98).",1894-1894,1,7,ledger_debit_2
"INDIANS OF NEW BRUNSWICK, in Account Current with the Department of Indian Affairs",1884-1884,1,7,ledger_dr_cr_5
The-man-who-took-the-coat Band (No. 143),1895-1895,1,7,ledger_debit_2
"Texas Lake Indians, B.C. (No. 124)",1893-1896,2,7,ledger_debit_2
ONTARIO RELIEF ACCOUNTS,1889-1889,1,7,ledger_dr_cr_5
"Indians of Reserve 38a, Treaty 3 (No. 102).",1894-1894,1,7,ledger_debit_2
"Sweet Grass Band, Battleford Agency (No. 189)",1895-1895,1,7,ledger_debit_2
"Indians of Sumas Lake, B.C. (No. 112.)",1896-1896,1,7,ledger_debit_2
Ebb and Flow Lake Indians (No. 91).,1893-1894,2,7,"ledger_debit_2,ledger_dr_cr_4"
"Boothroyd Band, B.C. (No. 147).",1894-1897,2,7,ledger_debit_2
Restigouche Indians (No. 92),1894-1894,1,7,ledger_debit_2
"Boston Bar Band, B.C. (No. 161).",1893-1894,2,7,ledger_debit_2
"Skawalook Band, B.C. (No. 158).",1893-1894,2,7,ledger_debit_2
"Skuppa Band, B.C. (No. 150).",1894-1897,2,7,ledger_debit_2
Institutes,1887-1887,1,7,ledger_dr_cr_4
"Edmundston Reserve, N.B. (No. 175)",1895-1897,2,7,ledger_debit_2
COWICHAN INDIANS (B.C.) in Account with the Department of Indian Affairs,1887-1889,2,7,ledger_dr_cr_5
"Spuzzum Band, B.C. (No. 160).",1893-1894,2,7,ledger_debit_2
"Chemaines Indians, B.C. (No. 57)",1894-1894,1,7,ledger_debit_2
"Stryen Reserve, B.C. (No. 186).",1895-1897,2,7,ledger_debit_2
"Restigouche Band, Que. (No. 92).",1897-1897,1,7,ledger_debit_2
"Quamichan Band, B.C. (No. 56.)",1896-1896,1,7,ledger_debit_2
Islington Reserve (No. 174),1894-1895,2,7,ledger_debit_2
"Islington Reserve, Man. (No. 174)",1896-1897,2,7,ledger_debit_2
"Skwamish Indians, B.C. (No. 54).",1897-1897,1,6,ledger_debit_2
"John Smith's Band, N.W.T. (No. 135).",1897-1897,1,6,ledger_debit_2
"Yale Indians, B.C. (No. 125).",1897-1897,1,6,ledger_debit_2
Annual Grants in aid of Schools.,1888-1888,1,6,ledger_dr_cr_4
Annual Grant in aid of Schools.,1889-1889,1,6,ledger_dr_cr_5
"White Bear's Reserve, Moose Mountain Agency, N.W.T. (No. 121)",1895-1895,1,6,ledger_debit_2
WYANDOTTES OF ANDERDON in Account with the Department of Indian Affairs,1887-1887,1,6,ledger_dr_cr_5
Bridge River Reserve (No. 168).,1894-1894,1,6,ledger_debit_2
"Pays Plat Band, Ont. (No. 236).",1897-1897,1,6,ledger_debit_2
"Piegan Indians, N.W.T. (No. 210.)",1896-1896,1,6,ledger_debit_2
"One Arrow's Band, N.W.T. (No. 100)",1895-1895,1,6,ledger_debit_2
Thunder Child's Band (No. 197).,1894-1894,1,6,ledger_debit_2
WHITE FISH RIVER INDIANS,1883-1883,1,6,ledger_dr_cr_5
Okanagan Indians (No. 94).,1894-1894,1,6,ledger_debit_2
TOOTOOMENAI AND BAND in Account Current with the Department of Indian Affairs.,1884-1884,1,6,ledger_dr_cr_4
"TOBIQUE INDIANS, N.B.",1886-1886,1,6,ledger_dr_cr_5
"Ohamil Band, B.C. (No. 157).",1893-1897,2,6,ledger_debit_2
OJIBBEWAS OF LAKE HURON in Account with the Department of Indian Affairs.,1887-1887,1,6,ledger_dr_cr_5
TOOTOOMENAI AND BAND in Account with the Department of Indian Affairs.,1887-1887,1,6,ledger_dr_cr_4
OJIBBEWAS OF MISSISSAQUA RIVER,1882-1882,1,6,ledger_dr_cr_5
Teachers' Salaries - Nova Scotia.,1888-1888,1,6,ledger_dr_cr_4
INDIANS OF THE NORTH-WEST TERRITORIES,1882-1882,1,6,ledger_dr_cr_5
"Oak River Sioux, N.W.T. (No. 170).",1897-1897,1,6,ledger_debit_2
"Ohiat Band, B.C. (No 172.)",1896-1896,1,6,ledger_debit_2
Ochapowace's Band (No. 154),1893-1895,2,6,ledger_debit_2
"BOOKS, MAPS, &c., FOR THE USE OF SCHOOLS - Con.",1884-1884,1,6,ledger_dr_cr_4
NIPISSINGUAS OF THE UPPER OTTAWA in Account with the Department of Indian Affairs. No. 49,1888-1888,1,6,ledger_dr_cr_5
"Indians of Red Bank, N.B. (No. 115)",1895-1895,1,6,ledger_debit_2
COWICHAN INDIANS,1885-1885,1,6,ledger_dr_cr_5
"Capilano Creek Band, B.C. (No. 241).",1897-1897,1,6,ledger_debit_2
"Indians of Reserve 38 A, Treaty No. 3, (No 102)",1897-1897,1,6,ledger_debit_2
"Squah Indians, B.C. (No. 110).",1894-1894,1,6,ledger_debit_2
"Montreal Lake Band, N.W.T. (No. 226).",1897-1897,1,6,ledger_debit_2
Iroquois of St. Regis (No. 46a),1894-1894,1,6,ledger_debit_2
"Rolling River Reserve, Man. (No. 178.)",1896-1896,1,6,ledger_debit_2
Kakawistahaw's Reserve (No. 188),1895-1895,1,6,ledger_debit_2
Lake St. John Indians (No. 47),1893-1893,1,6,ledger_dr_cr_4
"Bella Coola Band, B.C., (No. 200)",1895-1895,1,6,ledger_debit_2
"ASSABASKASING BAND, MANITOBA",1886-1887,2,6,ledger_dr_cr_5
SUPERANNUATION ACCOUNT in Account with the Department of Indian Affairs,1887-1887,1,6,ledger_dr_cr_5
"Bella Coola Band, B.C. (No. 200*.)",1896-1896,1,6,ledger_debit_2
"Louis Bull's Reserve, Hobbema Agency (No. 187).",1894-1894,1,6,ledger_debit_2
"LAKE NIPISSING INDIANS, in Account Current with the Department of Indian Affairs.",1884-1884,1,6,ledger_dr_cr_4
"Côté's Band, N.W.T. (No. 142)",1896-1896,1,6,ledger_debit_2
SUNDRY DISBURSEMENTS.,1884-1884,1,6,ledger_dr_cr_4
"Louis Bull's Reserve, Hobbema Agency, N.W.T. (No. 187)",1895-1895,1,6,ledger_debit_2
"Saddle Lake Band, N.W.T. (No. 201)",1895-1895,1,6,ledger_debit_2
"SIX NATIONS OF THE GRAND RIVER, in Account No. 32",1883-1883,1,6,"ledger_dr_cr_4,ledger_dr_cr_5"
"Matsqui-sah-hah-com Band, B.C. (No. 129.)",1896-1896,1,6,ledger_debit_2
"SONGHEE'S BAND, B.C.",1884-1884,1,6,ledger_dr_cr_5
"Big Island Indians, Reserve 31 C, Treaty 3, (No. 105)",1897-1897,1,6,ledger_debit_2
"Keeseekowenin's Band, N.W.T. (No. 196)",1895-1895,1,6,ledger_debit_2
"Keesickouse Reserve, 66, N.W.T. (No. 216.)",1896-1896,1,6,ledger_debit_2
"Cowessess Band, N.W.T. (No. 184.)",1896-1896,1,6,ledger_debit_2
"Indians of Sumas Lake, B.C. (No. 112).",1894-1894,1,6,ledger_debit_2
"BROKEN HEAD RIVER BAND, MANITOBA",1885-1887,2,6,ledger_dr_cr_5
"Portage la Prairie Band, Man. (No. 61)",1895-1895,1,6,ledger_debit_2
"Skawtits' Band, B.C. (No. 163)",1894-1894,1,6,ledger_debit_2
"Iroquois of St. Regis, P.Q., Land Fund (No. 46a).",1895-1895,1,6,ledger_debit_2
"Ebb and Flow Lake Indians, Man. (No. 91)",1897-1897,1,6,ledger_debit_2
"Eagle Lake Indians, Man. (No. 90).",1897-1897,1,6,ledger_debit_2
ABENAKIS OF BECANCOUR in Account with the Department of Indian Affairs,1887-1887,1,5,ledger_dr_cr_5
"Long Plain Indians, Man. (No. 127.)",1896-1896,1,5,ledger_debit_2
"Chuk-chu-kualk Band, B.C. (No. 177.)",1896-1896,1,5,ledger_debit_2
"Wabigoon Band, Man. (No. 95)",1897-1897,1,5,ledger_debit_2
Abenakis of Becancour (No. 41),1893-1893,1,5,ledger_dr_cr_4
AMALACITES OF ISLE VERTE AND VIGER,1883-1883,1,5,ledger_dr_cr_5
Disbursements.,1882-1882,1,5,ledger_dr_cr_5
MEGANETTEWAN Indians in Account with the Department of Indian Affairs.,1887-1887,1,5,ledger_dr_cr_5
"Seymour Creek Indians, B.C. (No. 203)",1897-1897,1,5,ledger_debit_2
"Kakawishtahaw's Reserve, N.W.T. (No. 188(t).)",1896-1896,1,5,ledger_debit_2
Spanish River Indians (No. 35).,1893-1893,1,5,ledger_dr_cr_4
"Chemainus Band, B.C. (No. 57).",1897-1897,1,5,ledger_debit_2
Chemains Band (No. 57).,1893-1893,1,5,ledger_dr_cr_4
"Chillaheetsa Band, B.C. (No. 58).",1897-1897,1,5,ledger_debit_2
Riding Mountain Indians (No. 108).,1894-1894,1,5,ledger_debit_2
"MUSQUEAN BAND, B.C., in Account Current with the Department of Indian Affairs.",1884-1884,1,5,ledger_dr_cr_5
Rosseau River Indians (No. 62).,1893-1893,1,5,ledger_dr_cr_4
"Betsiamits Indians, P.Q. (No. 137)",1895-1895,1,5,ledger_debit_2
Marian Tenesco Comondo (No. 96).,1897-1897,1,5,ledger_debit_2
Betsiamits Indians (No. 137).,1894-1894,1,5,ledger_debit_2
"Betsiamits Indians, Que. (No. 137).",1897-1897,1,5,ledger_debit_2
SQUAMISH BAND IN BRITISH COLUMBIA,1886-1886,1,5,ledger_dr_cr_5
"Chuk-cha-kualk Band, B.C. (No. 177).",1894-1894,1,5,ledger_debit_2
"Kyuquot Band, B.C. (No. 83).",1897-1897,1,5,ledger_debit_2
"Keesickouse Reserve, 66 N.W.T. (No. 216).",1897-1897,1,5,ledger_debit_2
"Côté's Band, (No. 142).",1894-1894,1,5,ledger_debit_2
"Little Forks Band, Rainy River, Man. (No. 61).",1897-1897,1,5,ledger_debit_2
"Sampson Band, N.W.T. (No. 155).",1897-1897,1,5,ledger_debit_2
JAMES MANACE in Account with the Department of Indian Affairs.,1887-1887,1,5,ledger_dr_cr_5
Restigouche Indians (No. 92).,1893-1893,1,5,ledger_dr_cr_4
"Boston Bar Band, B.C. (No 161).",1897-1897,1,5,ledger_debit_2
JAMES MENACE in Account Current with the Department of Indian Affairs,1884-1884,1,5,ledger_dr_cr_5
JAMES MANACE in Account with the Department of Indian Affairs,1888-1888,1,5,ledger_dr_cr_5
J.B. Clench (No. 70).,1893-1893,1,5,ledger_dr_cr_4
Reserve 38 C 'The Dalles' Winnipeg River (No. 212).,1895-1895,1,5,ledger_debit_2
"Reserve 38 C, ""The Dalles,"" Winnipeg River. (No. 212)",1896-1896,1,5,ledger_debit_2
"Iroquois of St. Regis, Que., Land Fund (No. 46a).",1896-1896,1,5,ledger_debit_2
"Red Pheasant's Band, (No. 156)",1895-1895,1,5,ledger_debit_2
Rat Portage Indians Ont. (No. 109),1895-1895,1,5,ledger_debit_2
"St. Marys Band, N.B. (No. 93).",1897-1897,1,5,ledger_debit_2
"Iroquois of St. Regis, Que., Land Fund (No. 46A).",1897-1897,1,5,ledger_debit_2
"BROKEN HEAD RIVER INDIANS, MANITOBA",1889-1889,1,5,ledger_dr_cr_5
Pottawattamies of Walpole Island (No. 31).,1893-1893,1,5,ledger_dr_cr_4
Portage la Prairie Band (No. 61).,1894-1894,1,5,ledger_debit_2
Indians of Prince Edward Island (No. 69.),1896-1896,1,5,ledger_debit_2
"Indians of Yale, B.C. (No. 125)",1895-1895,1,5,ledger_debit_2
"Nanaimo River Band, B.C. (No. 176).",1894-1894,1,5,ledger_debit_2
"Musqueam Indians, B.C. (No. 53).",1897-1897,1,5,ledger_debit_2
"Indians of Reserve 38 A, Treaty No. 3 (No. 102.)",1896-1896,1,5,ledger_debit_2
Mohawks of Bay of Quinté (No. 22).,1893-1893,1,5,ledger_dr_cr_4
CHIPPEWAS OF WALPOLE,1882-1882,1,5,ledger_dr_cr_5
"Ohamil Band, B.C. (No. 157.)",1896-1896,1,5,ledger_debit_2
"Ohiat Band, B.C. (No. 172).",1897-1897,1,5,ledger_debit_2
NANCY MAIVILLE in Account Current with the Department of Indian Affairs,1884-1884,1,5,ledger_dr_cr_5
"Indians of Langley, B.C. (134)*",1895-1895,1,5,ledger_debit_2
Indians of New Brunswick (No. 67),1895-1895,1,5,ledger_debit_2
Tabusintac Band. N.B. (No. 64).,1894-1894,1,5,ledger_debit_2
"Hope Band, B.C. (No. 84)",1897-1897,1,5,ledger_debit_2
Turtle Mountain Sioux (No. 185),1894-1894,1,5,ledger_debit_2
"Oak Lake Sioux Reserve, 59, N.W.T. (No. 219.)",1896-1896,1,5,ledger_debit_2
Thessalon River Indians (No. 36).,1893-1893,1,5,ledger_dr_cr_4
Heirs of J. Williams and Ann Ketsetsaronkwa (No. 104.),1896-1896,1,5,ledger_debit_2
Heirs of J. Williams and Ann Ketsetsaronkwa (No. 104),1895-1895,1,5,ledger_debit_2
Estate of William Day (No. 206.),1896-1896,1,5,ledger_debit_2
"Ermineskin's Reserve, N.W.T. (No. 167).",1897-1897,1,5,ledger_debit_2
Oneidas of the Thames (No. 29).,1893-1893,1,5,ledger_dr_cr_4
"Ucluelet Band, B.C. (No. 235)",1897-1897,1,5,ledger_debit_2
WILLIAM WABBUCK in Account Current with the Department of Indian Affairs,1884-1884,1,5,ledger_dr_cr_5
"Heirs of Chief Piknawatick, (No. 99)",1897-1897,1,5,ledger_debit_2
"Ohiat Indians, B.C. (No. 172).",1894-1894,1,5,ledger_debit_2
Golden Lake Indians (No. 43),1893-1893,1,5,ledger_dr_cr_4
"Whycocomagh Indians, N.S. (No. 122.)",1896-1896,1,5,ledger_debit_2
"Buctouche Indians, N.B. (No. 239).",1897-1897,1,5,ledger_debit_2
"Wahnapitae Reserve, No. 11, Ont. (No. 228.)",1896-1896,1,4,ledger_debit_2
AMALECITES OF ISLE VERTE AND VIGER,1888-1888,1,4,ledger_dr_cr_5
Enoch's Reserve (No. 169).,1894-1894,1,4,ledger_debit_2
Enoch's Reserve (No. 169),1895-1895,1,4,ledger_debit_2
"Halalt Band, B.C. (No. 141.)",1896-1896,1,4,ledger_debit_2
"Halalt Band, B.C. (No. 141)",1895-1895,1,4,ledger_debit_2
"WM. WABBECK, in Account Current with the Department of Indian Affairs. No. 59.",1883-1883,1,4,ledger_dr_cr_5
"WILLIAM WABBUCK, in Account with the Department of Indian Affairs.",1888-1888,1,4,ledger_dr_cr_5
WILLIAM WABBUCK in Account with the Department of Indian Affairs.,1887-1887,1,4,ledger_dr_cr_5
WHITEFISH LAKE INDIANS in Account with the Department of Indian Affairs,1887-1887,1,4,ledger_dr_cr_5
WHITEFISH BAY INDIANS (Treaty 3) in Account with the Department of Indian Affairs,1887-1887,1,4,ledger_dr_cr_5
Heirs of J. Williams and Ann Ketsetsaronkwa (No. 104).,1894-1894,1,4,ledger_debit_2
"Oak Lake Sioux Reserve, 59, N.W.T. (No. 219).",1897-1897,1,4,ledger_debit_2
Parry Island Indians (No. 30).,1893-1893,1,4,ledger_dr_cr_4
PORTAGE DE LA PRAIRIE BAND,1887-1887,1,4,ledger_dr_cr_5
"One Arrow's Band, Treaty 6 (No. 100).",1894-1894,1,4,ledger_debit_2
"One Arrow's Band, N.W.T. (No. 100.)",1896-1896,1,4,ledger_debit_2
Ojibewas of Mississauga River (No. 28).,1893-1893,1,4,ledger_dr_cr_4
Ojibewas and Ottawas of Manitoulin Island (No. 25).,1893-1893,1,4,ledger_dr_cr_4
"CHILLHERTZA'S BAND, BRITISH COLUMBIA",1886-1886,1,4,ledger_dr_cr_5
Broken Head River Band (No. 60).,1893-1893,1,4,ledger_dr_cr_4
"Bridge River Band, B.C. (No. 168.)",1896-1896,1,4,ledger_debit_2
"Niskainlith, or Nesky Nihl Band, B.C. (No. 217.)",1896-1896,1,4,ledger_debit_2
"Nesky Nihl Band, B.C. (No. 217)",1895-1895,1,4,ledger_debit_2
"Popkum Band, B.C. (No. 162.)",1896-1896,1,4,ledger_debit_2
"Popkum Band, B.C. (No. 162)",1895-1895,1,4,ledger_debit_2
"Piegan Indians, N.W.T. (No. 210).",1897-1897,1,4,ledger_debit_2
Piapot's Band (No. 183).,1894-1895,2,4,ledger_debit_2
Peter Tenesco and Charlotte Tenesco Dubé.,1897-1897,1,4,ledger_debit_2
"Ohamil Band, B.C., (No. 157)",1895-1895,1,4,ledger_debit_2
Ohamil Band (No. 157),1894-1894,1,4,ledger_debit_2
"Estate of William Day, (No. 206).",1897-1897,1,4,ledger_debit_2
"Estate Sugar Jacques, Skwamish Band, B.C. (No. 229).",1897-1897,1,4,ledger_debit_2
"Estate Sugar Jacques (Skwamish Band, B.C.) No. 229.",1896-1896,1,4,ledger_debit_2
"Union Bar Band, B.C. (No. 159.)",1896-1896,1,4,ledger_debit_2
"Union Bar Band, B.C. (No. 159)",1895-1895,1,4,ledger_debit_2
"Umpukpulquatum Indians, B.C., (No. 204)",1895-1895,1,4,ledger_debit_2
Turtle Mountain Sioux (No. 185).,1895-1895,1,4,ledger_debit_2
Tootoomenai's Band (No. 37),1893-1893,1,4,ledger_dr_cr_4
"Hungry Hall No. 1, Man. (No. 131)",1895-1895,1,4,ledger_debit_2
"Hungry Hall Band, No. 1, Man. (No. 131).",1897-1897,1,4,ledger_debit_2
Munceys of the Thames (No. 24).,1893-1893,1,4,ledger_dr_cr_4
"Mosquito Band, Battleford Agency (No. 193)*",1895-1895,1,4,ledger_debit_2
Moravians of the Thames (No. 23).,1893-1893,1,4,ledger_dr_cr_4
"QUEMICHAN, B.C.",1886-1886,1,4,ledger_dr_cr_5
"Poundmaker's Band, N.W.T. (No. 198)",1895-1895,1,4,ledger_debit_2
Poundmaker's Band (No. 198).,1894-1894,1,4,ledger_debit_2
"Nanaimo River Band, B.C. (No. 176.)",1896-1896,1,4,ledger_debit_2
CHIPPEWAS OF NAWASH in Account Current with the Department of Indian Affairs.,1884-1884,1,4,ledger_dr_cr_5
"Oak Lake Sioux Reserve 50, N.W.T. (No. 219).",1895-1895,1,4,ledger_debit_2
ONTARIO AND QUEBEC BLANKET ACCOUNT,1889-1889,1,4,ledger_dr_cr_5
"Red Pheasant's Band, N.W.T. (No. 156.)",1896-1896,1,4,ledger_debit_2
Rat Portage Indians (No. 109).,1894-1894,1,4,ledger_debit_2
"Montreal Lake Band, N.W.T. (No. 226.)",1896-1896,1,4,ledger_debit_2
"Chehalis, Band, B.C. (No. 97*.)",1896-1896,1,4,ledger_debit_2
Chehalis Indians (No. 97).,1893-1893,1,4,ledger_dr_cr_4
"Muscowpetung's Reserve, No. 80, N.W.T. (No. 213.)",1896-1896,1,4,ledger_debit_2
"Muscowpetung's Reserve, No. 80, N.W.T. (No. 213).",1897-1897,1,4,ledger_debit_2
Henvey Inlet Indians (No. 13),1893-1893,1,4,ledger_dr_cr_4
"Hellelt Indians, B.C. (No. 141)",1893-1893,1,4,ledger_debit_2
"Hellelt Band, B.C. (No. 141).",1894-1894,1,4,ledger_debit_2
"The-man-who-took-the-coat Band, N.W.T. (No. 143.)",1896-1896,1,4,ledger_debit_2
The-man-who-took-the-coat Band (No. 143).,1894-1894,1,4,ledger_debit_2
"The Key's Reserve, No. 65, Swan Lake Agency (No. 227)",1896-1896,1,4,ledger_debit_2
"The Brothers' Reserve, N.B. (No. 114.)",1896-1896,1,4,ledger_debit_2
"The Brothers' Reserve, N.B. (No. 114).",1895-1895,1,4,ledger_debit_2
Temiscamingue Indians (No. 49),1893-1893,1,4,ledger_dr_cr_4
TOOTOOMENAI and Band,1882-1882,1,4,ledger_dr_cr_5
"Indians of Big Hole Reserve, N.B. (No. 165).",1893-1893,1,4,ledger_debit_2
"INDIANS OF THE LAKE OF THE WOODS DISTRICT, MANITOBA",1884-1884,1,4,ledger_split_3
INDIANS OF PRINCE EDWARD ISLAND in Account Current with the Department of Indian Affairs,1884-1884,1,4,ledger_dr_cr_5
"Indians of Little South-west Reserve, N.B. (No. 164).",1893-1893,1,4,ledger_debit_2
"Indians of Langley, B.C. (No. 134)",1896-1896,1,4,ledger_debit_2
"Indians of Eel Ground, N.B. (No. 103.)",1896-1896,1,4,ledger_debit_2
Indians of Eel Ground (No. 103),1894-1894,1,4,ledger_debit_2
"Indians of Big Island Reserve 31c, Treaty 3 (No. 105).",1894-1894,1,4,ledger_debit_2
Mary Ann Makateneni (No. 238).,1897-1897,1,4,ledger_debit_2
"Boston Bar Band, B.C. (No. 161)",1895-1895,1,4,ledger_debit_2
"Boothroyd Band, B.C. (No. 147*.)",1896-1896,1,4,ledger_debit_2
"Boothroyd Band, B.C. (No. 147)",1895-1895,1,4,ledger_debit_2
Mississaugas of Scugog (No. 21).,1893-1893,1,4,ledger_dr_cr_4
Mississaugas of Rice Lake (No. 19),1893-1893,1,4,ledger_dr_cr_4
Mississaugas of Mud Lake (No. 20),1893-1893,1,4,ledger_dr_cr_4
Mississaugas of Alnwick (No. 17),1893-1893,1,4,ledger_dr_cr_4
Mississaguas of the Credit (No. 18) - CAPITAL.,1894-1894,1,4,ledger_debit_2
"Micmacs of Maria, Que. (No. 71.)",1896-1896,1,4,ledger_debit_2
MUSQUEAN BAND OF BRITISH COLUMBIA in Account with the Department of Indian Affairs,1887-1887,1,4,ledger_dr_cr_5
MUNSEES OF THE THAMES in Account with the Department of Indian Affairs.,1887-1887,1,4,ledger_dr_cr_5
"Chippewayan Band, Onion Lake (No. 180).",1894-1894,1,4,ledger_debit_2
"Chippewayan Band, Onion Lake (No. 180)*",1895-1895,1,4,ledger_debit_2
Chippewas of the Thames (No. 8),1893-1893,1,4,ledger_dr_cr_4
Chippewas of Walpole Island (No. 9),1893-1893,1,4,ledger_dr_cr_4
"Riding Mountain Indians, N.W.T. (No. 108)",1895-1895,1,4,ledger_debit_2
"Matsqui-sah-sah-com Band, B.C. (No. 129)*",1895-1895,1,4,ledger_debit_2
Indians of Nova Scotia (66).,1893-1893,1,4,ledger_dr_cr_4
"Indians of Nicoamen, B.C. (No. 126.)",1896-1896,1,4,ledger_debit_2
"Indians of Nicoamen, B.C. (No. 126)",1895-1895,1,4,ledger_debit_2
"Assabaska Band, No. 35 C, Man. (No. 211)",1896-1896,1,4,ledger_debit_2
"Assabaska Band No. 35 C, Man. (No. 211)",1895-1895,1,4,ledger_debit_2
"Indians of Texas Lake, B.C. (No. 124)",1895-1895,1,4,ledger_debit_2
"Indians of Tabusintac, N.B. (No. 64).",1893-1893,1,4,ledger_dr_cr_4
"Indians of Red Bank, N.B. (No. 115.)",1896-1896,1,4,ledger_debit_2
"Dokis Band, Ont. (No. 182.)",1896-1896,1,4,ledger_debit_2
Dokis Band (No. 182).,1894-1894,1,4,ledger_debit_2
"Cook's Ferry, B.C. (No. 152)",1896-1896,1,4,ledger_debit_2
"Cook's Ferry Band, B.C. (No. 152).",1894-1894,1,4,ledger_debit_2
"Chuk-Chu-kualk Band, B.C. (No. 177)",1895-1895,1,4,ledger_debit_2
"Chippewayan Band, Onion Lake, N.W.T. (No. 180.)",1896-1896,1,4,ledger_debit_2
"ST. PETER'S BAND, MANITOBA",1885-1885,1,4,ledger_dr_cr_5
"SQUAMISH, B.C., in Account Current with the Department of Indian Affairs.",1884-1884,1,4,ledger_dr_cr_5
"SQUAMISH BAND, B.C., in Account with the Department of Indian Affairs",1887-1887,1,4,ledger_dr_cr_5
SQUAMISH BAND (B.C.),1888-1888,1,4,ledger_dr_cr_5
Dokis Band (No. 182),1895-1895,1,4,ledger_debit_2
"Indians of Wallabuck Lake, N.S. (No. 117.)",1896-1896,1,4,ledger_debit_2
"Indians of Wallabuck Lake, N.S. (No. 117)",1895-1895,1,4,ledger_debit_2
Suspense Account (No. 76.),1893-1893,1,4,ledger_dr_cr_4
"Stryen Reserve, B.C., (No. 186).",1894-1894,1,4,ledger_debit_2
"Stryen Reserve, B.C. (No. 186*.)",1896-1896,1,4,ledger_debit_2
"Star Blanket Band, File Hills Agency (No. 192).",1894-1894,1,4,ledger_debit_2
"Stangecoming Reserve, Mickiesiese Reserve, 18 B., Man.(No. 220.)",1896-1896,1,4,ledger_debit_2
"MAGANATTEWAN INDIANS, in Account Current with the Department of Indian Affairs.",1884-1884,1,4,ledger_dr_cr_4
"Long Sault Reserve, 13, Man. (No. 221.)",1896-1896,1,4,ledger_debit_2
"Sakimay's Band, Crooked Lake Agency, N.W.T. (No. 199)",1896-1896,1,4,ledger_debit_2
"Sakimay's Band, Crooked Lake Agency, (No. 199)",1895-1895,1,4,ledger_debit_2
"Sakimay's Band, Crooked Lake Agency (No. 199)",1894-1894,1,4,ledger_debit_2
Cowichan Indians. B.C. (No. 52).,1893-1893,1,4,ledger_dr_cr_4
"Cowessess Band, N.W.T. (No. 184).",1897-1897,1,4,ledger_debit_2
"Cook's Ferry, B.C., (No 152)",1895-1895,1,4,ledger_debit_2
Standing Buffalo's Band. N.W.T. (No. 195(tt).),1896-1896,1,4,ledger_debit_2
Standing Buffalo Band (No. 195),1894-1894,1,4,ledger_debit_2
St. Peters Band (No. 59).,1893-1893,1,4,ledger_dr_cr_4
"Squawtit's Band, B.C. (No. 103.)",1896-1896,1,4,ledger_debit_2
"Edmundston Reserve, N.B. (No. 175.)",1896-1896,1,4,ledger_debit_2
Edmundston Reserve (No. 175).,1894-1894,1,4,ledger_debit_2
JAMES MENACE,1885-1885,1,4,ledger_dr_cr_5
JAMES MANACE,1882-1882,1,4,ledger_dr_cr_5
"Little South-west Reserve, N.B. (No. 164)",1895-1895,1,4,ledger_debit_2
Little South West Reserve (No. 164).,1894-1894,1,4,ledger_debit_2
Little Bones' Band (No. 140),1893-1893,1,4,ledger_debit_2
"Seton Lake, B.C. (No. 215).",1895-1895,1,4,ledger_debit_2
"Seton Lake Band, B.C. (No. 215.)",1896-1896,1,4,ledger_debit_2
Serpent River Indians (No. 32).,1893-1893,1,4,ledger_dr_cr_4
Sampson's Band (No. 155),1893-1893,1,4,ledger_debit_2
"Salmon Arm Reserve, B.C., (No. 153)",1895-1895,1,4,ledger_debit_2
Coucheeching Band (No. 130),1893-1893,1,4,ledger_debit_2
MAGANETTEWAN INDIANS in Account with the Department of Indian Affairs,1888-1888,1,4,ledger_dr_cr_5
J.B. CLENCH in Account with the Department of Indian Affairs.,1887-1887,1,4,ledger_dr_cr_5
J.B. CLENCH in Account Current with the Department of Indian Affairs,1884-1884,1,4,ledger_dr_cr_5
"Squamish Indians, B.C. (No. 54).",1893-1893,1,4,ledger_dr_cr_4
"Spellumcheen Indians, B.C. (No. 107)",1894-1894,1,4,ledger_debit_2
"Spellamcheen Indians, B.C. (No. 107.)",1896-1896,1,4,ledger_debit_2
"Spellamcheen Indians, B.C. (No. 107)",1895-1895,1,4,ledger_debit_2
Songhees Indians (No. 51),1893-1893,1,4,ledger_dr_cr_4
"Skwawtits' Band, B.C. (No. 163)",1895-1895,1,4,ledger_debit_2
"Kanaka Band, B.C. (No. 149.)",1896-1896,1,4,ledger_debit_2
"Kanaka Band, B.C. (No. 149)",1895-1895,1,4,ledger_debit_2
Kakawistahaw's Reserve (No. 188).,1894-1894,1,4,ledger_debit_2
"Lac Ste. Anne's Band, N.W.T. (No. 169).",1897-1897,1,4,ledger_debit_2
Betsiamits Indians (No. 137),1893-1893,1,4,ledger_debit_2
Shawanaga Indians (No. 34).,1893-1893,1,4,ledger_dr_cr_4
"Sharphead's Reserve, N.W.T. (No. 202.)",1896-1896,1,4,ledger_debit_2
Sharphead's Reserve (No. 202).,1894-1894,1,4,ledger_debit_2
"Seymour Creek Indians, B.C. (No. 203) - INTEREST",1895-1895,1,4,ledger_debit_2
"Long Plain Indians, Man. (No. 127).",1897-1897,1,4,ledger_debit_2
Long Plain Indians (No. 127),1893-1893,1,4,ledger_debit_2
Long Plain Indiana (No. 127),1894-1894,1,4,ledger_debit_2
"Little South-west Reserve, N.B. (No. 164.)",1896-1896,1,4,ledger_debit_2
"Shoal Lake Reserve, 39, Man. (No. 222.)",1896-1896,1,4,ledger_debit_2
Big Hole Reserve (No. 165).,1894-1894,1,4,ledger_debit_2
LAKE OF THE WOODS INDIANS,1886-1886,1,4,ledger_dr_cr_5
"Kyuquoh Band, B.C. (No. 83)",1896-1896,1,4,ledger_debit_2
Keesickouse Reserve 66 (No. 216).,1895-1895,1,4,ledger_debit_2
Keeseekowenin's Band (No. 196).,1894-1894,1,4,ledger_debit_2
"Lake Manitoba Band, (No. 113).",1895-1895,1,4,ledger_debit_2
Lake Manitoba Band (No. 113.),1896-1896,1,4,ledger_debit_2
"John Smith's Band, N.W.T. (No. 135*,)",1896-1896,1,4,ledger_debit_2
John Bull Makateneni (No. 237).,1897-1897,1,4,ledger_debit_2
James Menass (No. 72),1894-1894,1,4,ledger_debit_2
James Menace (No. 72.),1896-1896,1,4,ledger_debit_2
James Menace (No. 72)*,1895-1895,1,4,ledger_debit_2
James Manace (No. 72).,1893-1893,1,4,ledger_dr_cr_4
"Skawahlook's Band, B.C. (No. 158.)",1896-1896,1,4,ledger_debit_2
"Skawahlook Band, B.C., (No. 158)",1895-1895,1,4,ledger_debit_2
Six Nations of Grand River (No. 33).,1893-1893,1,4,ledger_dr_cr_4
"Siska Band, B.C. (No. 148.)",1896-1896,1,4,ledger_debit_2
French River Indians (No. 11),1893-1893,1,4,ledger_dr_cr_4
Fort William Band (No. 10),1893-1893,1,4,ledger_dr_cr_4
"Fisher River Indians, Reserve No. 44, Treaty No. 2 (No. 209.)",1896-1896,1,4,ledger_debit_2
"Fisher River Indians, Reserve No. 44, Treaty No. 2 (No. 209).",1897-1897,1,4,ledger_debit_2
Fisher River Indians Reserve No. 44 in Treaty No. 2 (No. 209)(t),1895-1895,1,4,ledger_debit_2
William Wabbuck (No. 73).,1893-1893,1,4,ledger_dr_cr_4
"HARRISON'S BAND, B.C., in Account Current with the Department of Indian Affairs.",1884-1884,1,4,ledger_dr_cr_5
Grants for Seed Grain.,1887-1887,1,4,ledger_dr_cr_5
Garden River Indians (No. 12),1893-1893,1,4,ledger_dr_cr_4
Gabriel Tenesco (No. 224),1897-1897,1,4,ledger_debit_2
"Bridge River Band, B.C. (No. 168)",1895-1895,1,4,ledger_debit_2
"Boston Bar Band, B.C. (No. 161.)",1896-1896,1,4,ledger_debit_2
Wyandottes of Anderdon (No. 39),1893-1893,1,4,ledger_dr_cr_4
Wm. Simpson: -,1885-1885,1,4,ledger_dr_cr_4
Way-way-see-cappo's Band (No. 132),1893-1893,1,4,ledger_debit_2
"Wahsatanow's Band, Saddle Lake Agency, N.W.T., (No. 218).",1895-1895,1,4,ledger_debit_2
White Fish River Indians (No. 38),1893-1893,1,4,ledger_dr_cr_4
White Fish Lake Indians (No. 82).,1893-1893,1,4,ledger_dr_cr_4
White Fish Bay Indians (No. 81).,1893-1893,1,3,ledger_dr_cr_4
Way-way-see-cappo Band (No. 132).,1894-1894,1,3,ledger_debit_2
"Way-way-see-cappo's Band, N.W.T. (No. 132).",1897-1897,1,3,ledger_debit_2
White Bear's Band (No. 121),1893-1893,1,3,ledger_debit_2
"White Bear's Reserve, Moose Mountain Agency (No. 121).",1894-1894,1,3,ledger_debit_2
Wm. Bull: -,1885-1885,1,3,ledger_dr_cr_4
"Yale Indians, B.C. (No. 125)",1893-1893,1,3,ledger_debit_2
"One Arrow's Band, N.W.T., (No. 100).",1897-1897,1,3,ledger_debit_2
Ermineskin's Band (No. 167).,1893-1893,1,3,ledger_debit_2
"HARRISON'S BAND, B.C., in Account with the Department of Indian Affairs",1889-1889,1,3,ledger_dr_cr_5
"Whycocomagh Indians, N.S. (No. 122).",1897-1897,1,3,ledger_debit_2
Wabigon Indians (No. 95).,1893-1893,1,3,ledger_dr_cr_4
AMALECITES OF ISLE VERTE INDIANS in Account with the Department of Indian Affairs,1887-1887,1,3,ledger_dr_cr_5
"Skawahlook's Band, B.C. (No. 158).",1897-1897,1,3,ledger_debit_2
"Siska Flat Indians, B.C. (No. 148)",1893-1893,1,3,ledger_debit_2
"Skawtits Band, B.C. (No. 163).",1893-1893,1,3,ledger_debit_2
"Skuppa Indians, B.C. (No. 150)",1893-1893,1,3,ledger_debit_2
"Kanaka Indians, B.C. (No. 149)",1893-1893,1,3,ledger_debit_2
James Menace (No. 72),1897-1897,1,3,ledger_debit_2
"Little Black Bear's Band, N.W.T. (No. 181)",1897-1897,1,3,ledger_debit_2
"Langley Indians, B.C. (No. 134)",1893-1893,1,3,ledger_debit_2
"Long Sault Reserve 13, Man. (No. 221).",1895-1895,1,3,ledger_debit_2
"Shoal Lake Reserve, 39, Man. (No. 222).",1897-1897,1,3,ledger_debit_2
"Shoal Lake Reserve 40, Man. (No. 223)",1895-1895,1,3,ledger_debit_2
"Shoal Lake Reserve 39, Man. (No. 222).",1895-1895,1,3,ledger_debit_2
Heirs of Chief Piknawatick (No. 99).,1893-1893,1,3,ledger_dr_cr_4
Enoch's Band (No. 169).,1893-1893,1,3,ledger_debit_2
ABENEKIS OF BECANCOUR,1882-1882,1,3,ledger_dr_cr_5
"Halalt Band, B.C. (No. 141).",1897-1897,1,3,ledger_debit_2
"Seymour Creek Indians, B.C. (No. 203) - CAPITAL",1895-1895,1,3,ledger_debit_2
"Berens River Band, Man. (No. 234).",1897-1897,1,3,ledger_debit_2
Lake Manitoba Band (No. 113),1894-1894,1,3,ledger_debit_2
Lake Manitoba Band (No. 113).,1897-1897,1,3,ledger_debit_2
"Coutcheeching Band, Man. (No. 130).",1897-1897,1,3,ledger_debit_2
"Kakawishtahaw's Reserve, N.W.T. (No. 188).",1897-1897,1,3,ledger_debit_2
"Spellamcheen Indians, B.C. (No. 107).*",1897-1897,1,3,ledger_debit_2
"J.B. CLENCH, in Account Current with the Department of Indian Affairs. No. 56.",1883-1883,1,3,ledger_dr_cr_5
Coutcheeching Band (No. 130).,1894-1894,1,3,ledger_debit_2
"Seton Lake Band, B.C. (No. 215).",1897-1897,1,3,ledger_debit_2
"Salmon Arm Reserves, B.C. (No. 153)",1893-1893,1,3,ledger_debit_2
"Salmon Arm Reserve, B.C. (No. 153).",1897-1897,1,3,ledger_debit_2
"Cook's Ferry, B.C. (No. 152).",1897-1897,1,3,ledger_debit_2
"Côté's Band, N.W.T. (No. 142).",1897-1897,1,3,ledger_debit_2
"Stangecoming Reserve, Mickiesiese Reserve 18 B., Man. (No. 220).",1895-1895,1,3,ledger_debit_2
"Little South west Reserve, N.B. (No. 164).",1897-1897,1,3,ledger_debit_2
"St. Mary's Indians, N.B. (No. 93).",1893-1893,1,3,ledger_dr_cr_4
"Squawtit's Band, B.C. (No. 163).",1897-1897,1,3,ledger_debit_2
"Standing Buffalo's Band, N.W.T. (No. 195).",1897-1897,1,3,ledger_debit_2
"Standing Buffalo's Band, N.W.T. (No. 195)",1895-1895,1,3,ledger_debit_2
"Stangecoming Reserve, Mickiesiese Reserve, 18 B., Man. (No 220).",1897-1897,1,3,ledger_debit_2
"Indians of Texas Lake, B.C. (No. 124).",1894-1894,1,3,ledger_debit_2
"Sturgeon Lake, N.W.T. (No. 166)",1897-1897,1,3,ledger_debit_2
"Stony Indians, Bands Nos. 142 - 3 - 4 (No. 171).",1893-1893,1,3,ledger_dr_cr_4
"Lytton Indians, B.C. (No. 151)",1893-1893,1,3,ledger_debit_2
"Long Sault Reserve, 13, Man. (No. 221).",1897-1897,1,3,ledger_debit_2
"Sakimay's Band, Crooked Lake Agency, N.W.T. (No. 199).",1897-1897,1,3,ledger_debit_2
Saddle Lake Band (No. 201).,1894-1894,1,3,ledger_debit_2
"Chemewawin Band, Man. (No. 232).",1897-1897,1,3,ledger_debit_2
"Assabaska Band, No. 35 C, Man. (No. 211).",1897-1897,1,3,ledger_debit_2
"Chuk-chu-kualk Band, B.C. (No. 177).",1897-1897,1,3,ledger_debit_2
"Cook's Ferry Indians, B.C. (No. 152)",1893-1893,1,3,ledger_debit_2
"Dokis Band, Ont. (No. 182)",1897-1897,1,3,ledger_debit_2
Eagle Lake Indians (No. 90).,1893-1893,1,3,ledger_dr_cr_4
Indians of Red Bank (No. 115).,1894-1894,1,3,ledger_debit_2
Indians of Wallabuck Lake (No. 117).,1894-1894,1,3,ledger_debit_2
"Indians of Wallabuck Lake, N.S. (No. 117).",1897-1897,1,3,ledger_debit_2
Indians of Whycocomagh (No. 122).,1894-1894,1,3,ledger_debit_2
"Indians of Yale, B.C. (No. 125).",1894-1894,1,3,ledger_debit_2
MUSQUEAN INDIANS (B.C.) in Account with the Department of Indian Affairs,1889-1889,1,3,ledger_dr_cr_5
SQUAMISH BAND (B.C.) in Account with the Department of Indian Affairs,1889-1889,1,3,ledger_dr_cr_5
Man-who-took-the-coat's Band (No. 143),1893-1893,1,3,ledger_debit_2
"Chippewayan Band, Onion Lake, N.W.T. (No. 180).",1897-1897,1,3,ledger_debit_2
MISSISSAGUAS OF UPPER OTTAWA,1883-1883,1,3,ledger_dr_cr_5
"Chiniquay's Band, Sarcee Agency (No. 194)",1894-1894,1,3,ledger_debit_2
Chillihertzas Band (No. 58).,1893-1893,1,3,ledger_dr_cr_4
"Matsqui Sahsahcom Indians, B.C. (No. 129)",1893-1893,1,3,ledger_debit_2
"Matsqui-sah-hah-com Band, B.C. (No. 129).",1897-1897,1,3,ledger_debit_2
Robert Tyre: -,1885-1885,1,3,ledger_dr_cr_4
"Indians of Sumas Lake, B.C. (No. 112)",1897-1897,1,3,ledger_debit_2
Indians of Prince Edward Island (No. 69).,1893-1893,1,3,ledger_dr_cr_4
"Indians of Ohiat Reserve, B.C. (No. 172).",1893-1893,1,3,ledger_debit_2
"Marktosis Band, B.C., (No. 242).",1897-1897,1,3,ledger_debit_2
"Boothroyd Indians, B.C. (No. 147)",1893-1893,1,3,ledger_debit_2
Bob Tail's Reserve (No. 166).,1894-1894,1,3,ledger_debit_2
"Micmacs of Maria, Que. (No. 71)",1897-1897,1,3,ledger_debit_2
"Matsqui-sah-sah-com Band, B.C. (No. 129).",1894-1894,1,3,ledger_debit_2
"Chiniquay's Band, Sarcee Agency, N.W.T. (No. 194)",1895-1895,1,3,ledger_debit_2
"Coté's Band, No. 64, Treaty No. 4 (No. 142)",1893-1893,1,3,ledger_debit_2
"Rolling River Reserve, Man. (No. 178).",1897-1897,1,3,ledger_debit_2
WILLIAM WABBUCK,1885-1885,1,3,ledger_dr_cr_5
"Heirs of J. Williams and Ann Ketsetsaronkwa, (No. 104).",1897-1897,1,3,ledger_debit_2
"FORT ALEXANDER BAND, MANITOBA",1887-1887,1,3,ledger_dr_cr_5
"Ochapowace's Band, N.W.T. (No. 154).",1894-1894,1,3,ledger_debit_2
"Pas Mountain Band, Man. (No. 233).",1897-1897,1,3,ledger_debit_2
"ASSATASKASHING BAND, MANITOBA",1884-1884,1,3,ledger_split_3
"FORT ALEXANDER BAND, MAN.",1884-1884,1,3,ledger_split_3
"Umpukpulquatum Band, B.C. (No. 204).",1897-1897,1,3,ledger_debit_2
"Piapot's Reserve, N.W.T. (No. 183.)",1896-1896,1,3,ledger_debit_2
"Poor Man's Band, N.W.T. (No. 187).",1897-1897,1,3,ledger_debit_2
Indians of Bobtail Reserve (No. 166).,1893-1893,1,3,ledger_debit_2
"Indians of Bridge River Reserve, B.C. (No. 168).",1893-1893,1,3,ledger_debit_2
Indians of Burnt Church (No. 116).,1894-1894,1,3,ledger_debit_2
"INDIANS OF PRINCE EDWARD ISLAND, in Account Current with the Department of Indian Affairs. No. 55.",1883-1883,1,3,ledger_dr_cr_5
"Texas Lake Indians, B.C. (No. 124).",1897-1897,1,3,ledger_debit_2
The Brothers Reserve (No. 114).,1894-1894,1,3,ledger_debit_2
"The Brothers' Reserve, N.B. (No. 114)",1897-1897,1,3,ledger_debit_2
"The Key's Reserve, No. 65, Swan Lake Agency (No. 227).",1897-1897,1,3,ledger_debit_2
"The-man-who-took-the-coat Band, N.W.T. (No. 143).",1897-1897,1,3,ledger_debit_2
Hope Indians. B.C. (No. 84).,1893-1893,1,3,ledger_dr_cr_4
"Muscowequan's Band, N.W.T. (No. 231).",1897-1897,1,3,ledger_debit_2
"Red Pheasant's Band, N.W.T. (No. 156).",1897-1897,1,3,ledger_debit_2
"Reserve 38 C, 'The Dalles,' Winnipeg River (No. 212).",1897-1897,1,3,ledger_debit_2
"Chaicclisset Band, B.C. (No. 243).",1897-1897,1,3,ledger_debit_2
OKA INDIANS REMOVAL ACCOUNT,1889-1889,1,3,ledger_dr_cr_5
"Quemichan Band, B.C. (No. 56).",1893-1893,1,3,ledger_dr_cr_4
Hungry Hall No. 1 (No. 131).,1894-1894,1,3,ledger_debit_2
"Hungry Hall Band, No. 4, Man. (No. 240)",1897-1897,1,3,ledger_debit_2
"QUEMICHAN BAND, B.C.",1889-1889,1,3,ledger_dr_cr_5
Hungry Hall Band No. 1 (No. 131),1893-1893,1,3,ledger_debit_2
"QUAMICHAN BAND, BRITISH COLUMBIA",1885-1885,1,3,ledger_dr_cr_5
Portage la Prairie Indians (No. 61).,1893-1893,1,3,ledger_dr_cr_4
Pagonakeshick's Band (No. 85).,1893-1893,1,3,ledger_dr_cr_4
"Bridge River Band, B.C. (No. 168).",1897-1897,1,3,ledger_debit_2
"Niskainlith, or Nesky Nihl Band, B.C. (No. 217).",1897-1897,1,3,ledger_debit_2
Nicoamen Indians B.C. (No. 126),1893-1893,1,3,ledger_debit_2
"Big Hole Reserve, N.B. (No. 165).",1897-1897,1,2,ledger_debit_2
"Lake St. John Indians, P.Q. (No. 47)",1895-1895,1,2,ledger_debit_2
John Creighton: -,1885-1885,1,2,ledger_dr_cr_4
"HARRISSIN'S BAND, BRITISH COLUMBIA",1885-1885,1,2,ledger_dr_cr_5
"Lac La Ronge Band, N.W.T. (No. 189).",1897-1897,1,2,ledger_debit_2
"JAMES MENACE, in Account Current with the Department of Indian Affairs. No. 58.",1883-1883,1,2,ledger_dr_cr_5
Indians' Savings. (No. 201).,1897-1897,1,2,ledger_debit_2
SQUAMISH BAND OF BRITISH COLUMBIA,1885-1885,1,2,ledger_dr_cr_5
"Cross Lake Band, Manitoba (No. 65)",1897-1897,1,2,ledger_debit_2
Iroquois of St. Regis Land Fund (No. 46a),1893-1893,1,2,ledger_dr_cr_4
MEGANATTEWAN INDIANS,1882-1882,1,2,ledger_dr_cr_5
J.F. Day: -,1885-1885,1,2,ledger_dr_cr_4
"Pasquah's Reserve 79, N.W.T., (No. 214).",1895-1895,1,2,ledger_debit_2
"PORTAGE LA PRAIRIE BAND, MANITOBA",1885-1885,1,2,ledger_dr_cr_5
Point Grondine Indians (No. 80).,1893-1893,1,2,ledger_dr_cr_4
Petequakey's Reserve (No. 181).,1894-1894,1,2,ledger_debit_2
"Thunderchild's Band, N.W.T. (No. 197)",1895-1895,1,2,ledger_debit_2
Thomas Gordon: -,1885-1885,1,2,ledger_dr_cr_4
Muscowpetung's Reserve 80 (No. 213).,1895-1895,1,2,ledger_debit_2
Moosomin's Band (No. 191),1895-1895,1,2,ledger_debit_2
One Arrow's Band (No. 100).,1893-1893,1,2,ledger_dr_cr_4
A. Brosseau: -,1885-1885,1,2,ledger_dr_cr_4
"Poundmaker's Band, N.W.T. (No. 198.)",1896-1896,1,2,ledger_debit_2
"NANCY MAIVILLE, in Account Current with the Department of Indian Affairs. No. 57.",1883-1883,1,2,ledger_dr_cr_5
E. Harris: -,1885-1885,1,1,ledger_dr_cr_4
J.R. Stephenson: -,1885-1885,1,1,ledger_dr_cr_4
Charles Logue: -,1885-1885,1,1,ledger_dr_cr_4
"Muscowequan's Band, N.W.T. (No. 231.)",1896-1896,1,1,ledger_debit_2
