account,years,n_account_years,n_entries,kind,clean_name,account_no,ledger_no,province_hint,band_id,band_name,band_province,sim,status,candidates,note
AMALCITES OF ISLE VERTE AND VIGER,1886-1886,2,8,band,AMALCITES OF ISLE VERTE AND VIGER,,,,band_c03047,Amalecites of Viger,Quebec,0.653,review_below_gate,band_c03047=Amalecites of Viger (Quebec) 0.65; band_c02994=Amalecites of Témiscouata (Quebec) 0.51; band_c01285=Victoria (New Brunswick) 0.49,
AMALECITES OF ISLE VERTE AND VIGER,1888-1888,1,4,band,AMALECITES OF ISLE VERTE AND VIGER,,,,band_c03047,Amalecites of Viger,Quebec,0.657,review_below_gate,band_c03047=Amalecites of Viger (Quebec) 0.66; band_c02994=Amalecites of Témiscouata (Quebec) 0.54; band_c01285=Victoria (New Brunswick) 0.50,
AMALECITES OF ISLE VERTE INDIANS in Account with the Department of Indian Affairs,1887-1887,1,3,band,AMALECITES OF ISLE VERTE INDIANS,,,,band_c03047,Amalecites of Viger,Quebec,0.732,review_below_gate,band_c03047=Amalecites of Viger (Quebec) 0.73; band_c02994=Amalecites of Témiscouata (Quebec) 0.65; band_c01280=Amalecites of Charlotte County (New Brunswick) 0.62,
AMALECITES OF ISLES VERTE,1885-1885,2,10,band,AMALECITES OF ISLES VERTE,,,,band_c03047,Amalecites of Viger,Quebec,0.714,review_below_gate,band_c03047=Amalecites of Viger (Quebec) 0.71; band_c02994=Amalecites of Témiscouata (Quebec) 0.64; band_c01306=St. John (New Brunswick) 0.59,
AMALICITES OF ILE VERTE AND VIGER,1889-1889,2,7,band,AMALICITES OF ILE VERTE AND VIGER,,,,band_c03047,Amalecites of Viger,Quebec,0.691,review_below_gate,band_c03047=Amalecites of Viger (Quebec) 0.69; band_c01285=Victoria (New Brunswick) 0.57; band_c01305=Carleton (New Brunswick) 0.53,
AMALICITES OF ISLE VERTE AND VIGER,1882-1884,2,8,band,AMALICITES OF ISLE VERTE AND VIGER,,,,band_c03047,Amalecites of Viger,Quebec,0.657,review_below_gate,band_c03047=Amalecites of Viger (Quebec) 0.66; band_c01285=Victoria (New Brunswick) 0.56; band_c02994=Amalecites of Témiscouata (Quebec) 0.53,
"ASSABASKASING BAND, MANITOBA",1886-1887,2,6,band,ASSABASKASING BAND,,,manitoba,band_c01196,Assabaska,Manitoba,0.8,review_below_gate,band_c01196=Assabaska (Manitoba) 0.80; band_c02210=Assabaska (Ontario) 0.80; band_c01195=Assabasca (Manitoba) 0.60,
Amalecites of Isle Verte and Viger (No. 42),1893-1894,4,19,band,Amalecites of Isle Verte and Viger,42,,,band_c03047,Amalecites of Viger,Quebec,0.657,review_below_gate,band_c03047=Amalecites of Viger (Quebec) 0.66; band_c02994=Amalecites of Témiscouata (Quebec) 0.54; band_c01285=Victoria (New Brunswick) 0.50,
"Amalecites of Isle Verte and Viger, P.Q. (No. 42).",1895-1895,3,11,band,Amalecites of Isle Verte and Viger,42,,quebec,band_c03047,Amalecites of Viger,Quebec,0.657,review_below_gate,band_c03047=Amalecites of Viger (Quebec) 0.66; band_c02994=Amalecites of Témiscouata (Quebec) 0.54; band_c02964=Quebec County (Quebec) 0.45,
"Amalecites of Isle Verte and Viger, Que. (No. 42)",1896-1897,5,25,band,Amalecites of Isle Verte and Viger,42,,quebec,band_c03047,Amalecites of Viger,Quebec,0.657,review_below_gate,band_c03047=Amalecites of Viger (Quebec) 0.66; band_c02994=Amalecites of Témiscouata (Quebec) 0.54; band_c02964=Quebec County (Quebec) 0.45,
"CHEMAINES BAND, BRITISH COLUMBIA",1885-1889,5,20,band,"CHEMAINES BAND, BRITISH COLUMBIA",,,,band_c00074,British Columbia,British Columbia,0.75,review_below_gate,band_c00074=British Columbia (British Columbia) 0.75; band_c01023=British Columbia (Grand Recapitulation) 0.75; band_c02624=British Columbia (North-West Territories) 0.75,
CHIPPEWAS OF WALPOLE,1882-1882,1,5,band,CHIPPEWAS OF WALPOLE,,,,band_c01807,Chippewas of Walpole Island,Ontario,0.844,review_below_gate,band_c01807=Chippewas of Walpole Island (Ontario) 0.84; band_c01805=Chippewas of Beausoleil (Ontario) 0.73; band_c01808=Chippewas of Nawash (Ontario) 0.70,
"Capilano Creek Band, B.C. (No. 241).",1897-1897,1,6,band,Capilano Creek Band,241,,british columbia,band_c00307,Canoe Creek,British Columbia,0.846,review_below_gate,band_c00307=Canoe Creek (British Columbia) 0.85; band_c00694=Kapilano (British Columbia) 0.67; band_c00228=Cayoosh Creek (British Columbia) 0.53,
Enoch's Band (No. 120),1897-1897,2,13,band,Enoch's Band,120,,,band_c02670,Enoch,Alberta,1.0,review_number_conflict,band_c02670=Enoch (Alberta) 1.00; band_c01545=Enoch (None) 1.00; band_c00449=Kioch's Tribe (British Columbia) 0.67,No. 120 links to different band names: Enoch; Paspaschase
Enoch's Band (No. 120*.),1896-1896,3,19,band,Enoch's Band,120,,,band_c02670,Enoch,Alberta,1.0,review_number_conflict,band_c02670=Enoch (Alberta) 1.00; band_c01545=Enoch (None) 1.00; band_c00449=Kioch's Tribe (British Columbia) 0.67,No. 120 links to different band names: Enoch; Paspaschase
"HARRISON RIVER BAND, B.C.",1886-1888,4,9,band,HARRISON RIVER BAND,,,british columbia,band_c00077,Nomads Nelson River,British Columbia,0.667,review_below_gate,band_c00077=Nomads Nelson River (British Columbia) 0.67; band_c00315=Harrison Mouth (British Columbia) 0.62; band_c01708=Barrington River (Nova Scotia) 0.71,
"HARRISON'S BAND, B.C., in Account Current with the Department of Indian Affairs.",1884-1884,2,4,band,HARRISON'S BAND,,,british columbia,band_c00315,Harrison Mouth,British Columbia,0.727,review_below_gate,band_c00315=Harrison Mouth (British Columbia) 0.73; band_c00998=Fort Harrison (Eskimos) 0.67; band_c02871=Samson (Alberta) 0.50,
"HARRISON'S BAND, B.C., in Account with the Department of Indian Affairs",1889-1889,1,3,band,HARRISON'S BAND,,,british columbia,band_c00315,Harrison Mouth,British Columbia,0.727,review_below_gate,band_c00315=Harrison Mouth (British Columbia) 0.73; band_c00998=Fort Harrison (Eskimos) 0.67; band_c02871=Samson (Alberta) 0.50,
"HARRISSIN'S BAND, BRITISH COLUMBIA",1885-1885,1,2,band,"HARRISSIN'S BAND, BRITISH COLUMBIA",,,,band_c00074,British Columbia,British Columbia,0.68,review_below_gate,band_c00074=British Columbia (British Columbia) 0.68; band_c01023=British Columbia (Grand Recapitulation) 0.68; band_c02624=British Columbia (North-West Territories) 0.68,
"Halalt Band, B.C. (No. 141)",1895-1895,2,4,band,Halalt Band,141,,british columbia,band_c00801,Hal-alt,British Columbia,1.0,review_number_conflict,band_c00801=Hal-alt (British Columbia) 1.00; band_c00881=Halalt (British Columbia) 1.00; band_c00170=Halaut (British Columbia) 0.60,No. 141 links to different band names: Hal-alt; Hellelt
"Halalt Band, B.C. (No. 141).",1897-1897,1,3,band,Halalt Band,141,,british columbia,band_c00801,Hal-alt,British Columbia,1.0,review_number_conflict,band_c00801=Hal-alt (British Columbia) 1.00; band_c00881=Halalt (British Columbia) 1.00; band_c00170=Halaut (British Columbia) 0.60,No. 141 links to different band names: Hal-alt; Hellelt
"Halalt Band, B.C. (No. 141.)",1896-1896,2,4,band,Halalt Band,141,,british columbia,band_c00801,Hal-alt,British Columbia,1.0,review_number_conflict,band_c00801=Hal-alt (British Columbia) 1.00; band_c00881=Halalt (British Columbia) 1.00; band_c00170=Halaut (British Columbia) 0.60,No. 141 links to different band names: Hal-alt; Hellelt
"Harrison River Band, B.C. (No. 55)",1895-1897,8,19,band,Harrison River Band,55,,british columbia,band_c00077,Nomads Nelson River,British Columbia,0.667,review_below_gate,band_c00077=Nomads Nelson River (British Columbia) 0.67; band_c00315=Harrison Mouth (British Columbia) 0.62; band_c01708=Barrington River (Nova Scotia) 0.71,
"Harrison River Band, B.C. (No. 55).",1893-1894,4,11,band,Harrison River Band,55,,british columbia,band_c00077,Nomads Nelson River,British Columbia,0.667,review_below_gate,band_c00077=Nomads Nelson River (British Columbia) 0.67; band_c00315=Harrison Mouth (British Columbia) 0.62; band_c01708=Barrington River (Nova Scotia) 0.71,
"Hellelt Band, B.C. (No. 141).",1894-1894,2,4,band,Hellelt Band,141,,british columbia,band_c00804,Hellelt,British Columbia,1.0,review_number_conflict,band_c00804=Hellelt (British Columbia) 1.00; band_c00965=Hellelt (British Columbia Inspectorates) 1.00; band_c02294=Hellelt (Ontario) 1.00,No. 141 links to different band names: Hal-alt; Hellelt
"Hellelt Indians, B.C. (No. 141)",1893-1893,2,4,band,Hellelt Indians,141,,british columbia,band_c00804,Hellelt,British Columbia,1.0,review_number_conflict,band_c00804=Hellelt (British Columbia) 1.00; band_c00965=Hellelt (British Columbia Inspectorates) 1.00; band_c02294=Hellelt (Ontario) 1.00,No. 141 links to different band names: Hal-alt; Hellelt
INDIANS OF MANITOBA AND NORTH-WEST TERRITORY,1883-1883,1,9,band,INDIANS OF AND NORTH-WEST TERRITORY,,,manitoba,band_c01364,Northwest Territories,,0.81,review_below_gate,band_c01364=Northwest Territories (None) 0.81; band_c02531=Northwest Territories (North-West Territories) 0.82; band_c01020=Northwest Territories (Grand Recapitulation) 0.81,
"Indians of Big Island Reserve 31c, Treaty 3 (No. 105)",1895-1895,3,8,band,"Indians of Big Island Reserve 31c, Treaty 3",105,,,band_c02168,Big Island,Ontario,0.706,review_below_gate,"band_c02168=Big Island (Ontario) 0.71; band_c01185=Big Island (Manitoba) 0.71; band_c02569=Big Island, eastward (North-West Territories) 0.65",
"Indians of Big Island Reserve 31c, Treaty 3 (No. 105).",1894-1894,2,4,band,"Indians of Big Island Reserve 31c, Treaty 3",105,,,band_c02168,Big Island,Ontario,0.706,review_below_gate,"band_c02168=Big Island (Ontario) 0.71; band_c01185=Big Island (Manitoba) 0.71; band_c02569=Big Island, eastward (North-West Territories) 0.65",
Indians of Eel Ground (No. 103),1894-1894,2,4,band,Indians of Eel Ground,103,,,band_c01314,Eel Ground,New Brunswick,1.0,review_number_conflict,band_c01314=Eel Ground (New Brunswick) 1.00; band_c01962=Indians at Ignace (Ontario) 0.56; band_c02977=Montagnais of Grand Romaine (Quebec) 0.43,No. 103 links to different band names: Eel Ground; Squawtits
"Indians of Eel Ground, N.B. (No. 103)",1895-1895,2,8,band,Indians of Eel Ground,103,,new brunswick,band_c01314,Eel Ground,New Brunswick,1.0,review_number_conflict,band_c01314=Eel Ground (New Brunswick) 1.00; band_c01962=Indians at Ignace (Ontario) 0.56; band_c02977=Montagnais of Grand Romaine (Quebec) 0.43,No. 103 links to different band names: Eel Ground; Squawtits
"Indians of Eel Ground, N.B. (No. 103.)",1896-1896,2,4,band,Indians of Eel Ground,103,,new brunswick,band_c01314,Eel Ground,New Brunswick,1.0,review_number_conflict,band_c01314=Eel Ground (New Brunswick) 1.00; band_c01962=Indians at Ignace (Ontario) 0.56; band_c02977=Montagnais of Grand Romaine (Quebec) 0.43,No. 103 links to different band names: Eel Ground; Squawtits
"Indians of Eel Ground, N.B., (No. 103).",1897-1897,1,16,band,Indians of Eel Ground,103,,new brunswick,band_c01314,Eel Ground,New Brunswick,1.0,review_number_conflict,band_c01314=Eel Ground (New Brunswick) 1.00; band_c01962=Indians at Ignace (Ontario) 0.56; band_c02977=Montagnais of Grand Romaine (Quebec) 0.43,No. 103 links to different band names: Eel Ground; Squawtits
"Indians of Ohiat Reserve, B.C. (No. 172).",1893-1893,1,3,band,Indians of Ohiat Reserve,172,,british columbia,band_c00892,Ohiaht,British Columbia,0.667,review_below_gate,band_c00892=Ohiaht (British Columbia) 0.67; band_c01962=Indians at Ignace (Ontario) 0.65; band_c00919=Ohiet (British Columbia) 0.50,
"Indians of Reserve 38 A, Treaty No. 3 (No. 102.)",1896-1896,2,5,band,"Indians of Reserve 38 A, Treaty No. 3",102,,,band_c02398,"Wahspaton (Sioux, non-treaty)",Saskatchewan,0.75,review_below_gate,"band_c02398=Wahspaton (Sioux, non-treaty) (Saskatchewan) 0.75; band_c02401=Moosejaw (Saskatchewan) 0.75; band_c02411=Fort Nelson (non-treaty Sicannies)1 (North-West Territories) 0.75",
"Indians of Reserve 38 A, Treaty No. 3, (No 102)",1897-1897,2,6,band,"Indians of Reserve 38 A, Treaty No. 3",102,,,band_c02398,"Wahspaton (Sioux, non-treaty)",Saskatchewan,0.75,review_below_gate,"band_c02398=Wahspaton (Sioux, non-treaty) (Saskatchewan) 0.75; band_c02401=Moosejaw (Saskatchewan) 0.75; band_c02411=Fort Nelson (non-treaty Sicannies)1 (North-West Territories) 0.75",
"Indians of Reserve 38a, Treaty 3 (No. 102).",1894-1894,3,7,band,"Indians of Reserve 38a, Treaty 3",102,,,band_c01926,Long Lake (Treaty 9)2,Ontario,0.833,review_below_gate,"band_c01926=Long Lake (Treaty 9)2 (Ontario) 0.83; band_c02398=Wahspaton (Sioux, non-treaty) (Saskatchewan) 0.77; band_c02401=Moosejaw (Saskatchewan) 0.77",
"Indians of Reserve 38a, Treaty No. 3 (No. 102)",1895-1895,3,10,band,"Indians of Reserve 38a, Treaty No. 3",102,,,band_c01926,Long Lake (Treaty 9)2,Ontario,0.833,review_below_gate,"band_c01926=Long Lake (Treaty 9)2 (Ontario) 0.83; band_c02398=Wahspaton (Sioux, non-treaty) (Saskatchewan) 0.77; band_c02401=Moosejaw (Saskatchewan) 0.77",
"Indians of Sumas Lake, B.C. (No. 112)",1897-1897,1,3,band,Indians of Sumas Lake,112,,british columbia,band_c00279,Sumass,British Columbia,0.667,review_below_gate,band_c00279=Sumass (British Columbia) 0.67; band_c00579=Texas Lake (British Columbia) 0.67; band_c00181=Spahamin (British Columbia) 0.60,
"Indians of Sumas Lake, B.C. (No. 112)*",1895-1895,2,7,band,Indians of Sumas Lake,112,,british columbia,band_c00279,Sumass,British Columbia,0.667,review_below_gate,band_c00279=Sumass (British Columbia) 0.67; band_c00579=Texas Lake (British Columbia) 0.67; band_c00181=Spahamin (British Columbia) 0.60,
"Indians of Sumas Lake, B.C. (No. 112).",1894-1894,2,6,band,Indians of Sumas Lake,112,,british columbia,band_c00279,Sumass,British Columbia,0.667,review_below_gate,band_c00279=Sumass (British Columbia) 0.67; band_c00579=Texas Lake (British Columbia) 0.67; band_c00181=Spahamin (British Columbia) 0.60,
"Indians of Sumas Lake, B.C. (No. 112.)",1896-1896,2,7,band,Indians of Sumas Lake,112,,british columbia,band_c00279,Sumass,British Columbia,0.667,review_below_gate,band_c00279=Sumass (British Columbia) 0.67; band_c00579=Texas Lake (British Columbia) 0.67; band_c00181=Spahamin (British Columbia) 0.60,
Indians of Wallabuck Lake (No. 117).,1894-1894,1,3,band,Indians of Wallabuck Lake,117,,,band_c02628,Oak Lake,North-West Territories,0.667,review_below_gate,band_c02628=Oak Lake (North-West Territories) 0.67; band_c00610=Duck Lake (British Columbia) 0.67; band_c02158=Sucker Lake (Ontario) 0.52,
"Indians of Wallabuck Lake, N.S. (No. 117)",1895-1895,2,4,band,Indians of Wallabuck Lake,117,,nova scotia,band_c02628,Oak Lake,North-West Territories,0.667,review_below_gate,band_c02628=Oak Lake (North-West Territories) 0.67; band_c00610=Duck Lake (British Columbia) 0.67; band_c01768=Buck Hill (Nova Scotia) 0.48,
"Indians of Wallabuck Lake, N.S. (No. 117).",1897-1897,1,3,band,Indians of Wallabuck Lake,117,,nova scotia,band_c02628,Oak Lake,North-West Territories,0.667,review_below_gate,band_c02628=Oak Lake (North-West Territories) 0.67; band_c00610=Duck Lake (British Columbia) 0.67; band_c01768=Buck Hill (Nova Scotia) 0.48,
"Indians of Wallabuck Lake, N.S. (No. 117.)",1896-1896,2,4,band,Indians of Wallabuck Lake,117,,nova scotia,band_c02628,Oak Lake,North-West Territories,0.667,review_below_gate,band_c02628=Oak Lake (North-West Territories) 0.67; band_c00610=Duck Lake (British Columbia) 0.67; band_c01768=Buck Hill (Nova Scotia) 0.48,
"Kakawishtahaw's Reserve, N.W.T. (No. 188(t).)",1896-1896,2,5,band,Kakawishtahaw's Reserve,188,,north-west territories,band_c02675,Kahkewistahaw,Saskatchewan,0.696,review_below_gate,band_c02675=Kahkewistahaw (Saskatchewan) 0.70; band_c01378=Ka-ke-wis-ta-haw (None) 0.70; band_c02589=Kah-ke-wis-ta-haw (North-West Territories) 0.58,
"Kakawishtahaw's Reserve, N.W.T. (No. 188).",1897-1897,1,3,band,Kakawishtahaw's Reserve,188,,north-west territories,band_c02675,Kahkewistahaw,Saskatchewan,0.696,review_below_gate,band_c02675=Kahkewistahaw (Saskatchewan) 0.70; band_c01378=Ka-ke-wis-ta-haw (None) 0.70; band_c02589=Kah-ke-wis-ta-haw (North-West Territories) 0.58,
Kakawistahaw's Reserve (No. 188),1895-1895,2,6,band,Kakawistahaw's Reserve,188,,,band_c02675,Kahkewistahaw,Saskatchewan,0.818,review_below_gate,band_c02675=Kahkewistahaw (Saskatchewan) 0.82; band_c01378=Ka-ke-wis-ta-haw (None) 0.82; band_c02589=Kah-ke-wis-ta-haw (North-West Territories) 0.70,
Kakawistahaw's Reserve (No. 188).,1894-1894,2,4,band,Kakawistahaw's Reserve,188,,,band_c02675,Kahkewistahaw,Saskatchewan,0.818,review_below_gate,band_c02675=Kahkewistahaw (Saskatchewan) 0.82; band_c01378=Ka-ke-wis-ta-haw (None) 0.82; band_c02589=Kah-ke-wis-ta-haw (North-West Territories) 0.70,
"Kanaka Band, B.C. (No. 149)",1895-1895,2,4,band,Kanaka Band,149,,british columbia,band_c00514,Kanaka Bar,British Columbia,0.714,review_below_gate,band_c00514=Kanaka Bar (British Columbia) 0.71; band_c00132=Hlukhlukatan (British Columbia) 0.71; band_c00618=Kanaka Flat (British Columbia) 0.61,
"Kanaka Band, B.C. (No. 149).",1894-1897,3,7,band,Kanaka Band,149,,british columbia,band_c00514,Kanaka Bar,British Columbia,0.714,review_below_gate,band_c00514=Kanaka Bar (British Columbia) 0.71; band_c00132=Hlukhlukatan (British Columbia) 0.71; band_c00618=Kanaka Flat (British Columbia) 0.61,
"Kanaka Band, B.C. (No. 149.)",1896-1896,2,4,band,Kanaka Band,149,,british columbia,band_c00514,Kanaka Bar,British Columbia,0.714,review_below_gate,band_c00514=Kanaka Bar (British Columbia) 0.71; band_c00132=Hlukhlukatan (British Columbia) 0.71; band_c00618=Kanaka Flat (British Columbia) 0.61,
"Kanaka Indians, B.C. (No. 149)",1893-1893,1,3,band,Kanaka Indians,149,,british columbia,band_c00514,Kanaka Bar,British Columbia,0.714,review_below_gate,band_c00514=Kanaka Bar (British Columbia) 0.71; band_c00132=Hlukhlukatan (British Columbia) 0.71; band_c00618=Kanaka Flat (British Columbia) 0.61,
Keesickouse Reserve 66 (No. 216).,1895-1895,2,4,band,Keesickouse Reserve 66,216,,,band_c02794,Kisickouse,North-West Territories,0.737,review_below_gate,band_c02794=Kisickouse (North-West Territories) 0.74; band_c02724=Keeseekouse (North-West Territories) 0.70; band_c02452=Kee-see-kouse (North-West Territories) 0.70,
"Keesickouse Reserve, 66 N.W.T. (No. 216).",1897-1897,1,5,band,"Keesickouse Reserve, 66",216,,north-west territories,band_c02794,Kisickouse,North-West Territories,0.737,review_below_gate,band_c02794=Kisickouse (North-West Territories) 0.74; band_c02724=Keeseekouse (North-West Territories) 0.70; band_c02452=Kee-see-kouse (North-West Territories) 0.70,
"Keesickouse Reserve, 66, N.W.T. (No. 216.)",1896-1896,2,6,band,"Keesickouse Reserve, 66",216,,north-west territories,band_c02794,Kisickouse,North-West Territories,0.737,review_below_gate,band_c02794=Kisickouse (North-West Territories) 0.74; band_c02724=Keeseekouse (North-West Territories) 0.70; band_c02452=Kee-see-kouse (North-West Territories) 0.70,
"Little Black Bear's Band, N.W.T. (No. 181)",1897-1897,1,3,band,Little Black Bear's Band,181,,north-west territories,band_c02614,Little Black Bear,Saskatchewan,1.0,review_number_conflict,band_c02614=Little Black Bear (Saskatchewan) 1.00; band_c01372=Little Black Bear (None) 1.00; band_c02576=Montana (Little Bear) (Alberta) 0.80,No. 181 links to different band names: Little Black Bear; Pe-te-qua-key
"Long Sault Reserve, 13, Man. (No. 221).",1897-1897,1,3,band,"Long Sault Reserve, 13",221,,manitoba,band_c01141,Long Sault No. 1,Manitoba,1.0,review_ambiguous,band_c01141=Long Sault No. 1 (Manitoba) 1.00; band_c01142=Long Sault No. 2 (Manitoba) 1.00; band_c02008=Long Sault No. 1 (Ontario) 1.00,
"Long Sault Reserve, 13, Man. (No. 221.)",1896-1896,2,4,band,"Long Sault Reserve, 13",221,,manitoba,band_c01141,Long Sault No. 1,Manitoba,1.0,review_ambiguous,band_c01141=Long Sault No. 1 (Manitoba) 1.00; band_c01142=Long Sault No. 2 (Manitoba) 1.00; band_c02008=Long Sault No. 1 (Ontario) 1.00,
MAGANATTEWAN INDIANS,1883-1883,2,8,band,MAGANATTEWAN INDIANS,,,,band_c01831,Maganatawan (see Manitowaning),Ontario,0.818,review_below_gate,band_c01831=Maganatawan (see Manitowaning) (Ontario) 0.82; band_c01815=Maganatawan (see also Parry Sound Sup't'cy) (Ontario) 0.76; band_c02067=Maganettawan (Ontario) 0.64,
"MAGANATTEWAN INDIANS, in Account Current with the Department of Indian Affairs.",1884-1884,2,4,band,MAGANATTEWAN INDIANS,,,,band_c01831,Maganatawan (see Manitowaning),Ontario,0.818,review_below_gate,band_c01831=Maganatawan (see Manitowaning) (Ontario) 0.82; band_c01815=Maganatawan (see also Parry Sound Sup't'cy) (Ontario) 0.76; band_c02067=Maganettawan (Ontario) 0.64,
MAGANETTEWAN INDIANS,1886-1889,4,8,band,MAGANETTEWAN INDIANS,,,,band_c02067,Maganettawan,Ontario,0.818,review_below_gate,band_c02067=Maganettawan (Ontario) 0.82; band_c02147=Maganetawan (Ontario) 0.76; band_c01831=Maganatawan (see Manitowaning) (Ontario) 0.64,
MAGANETTEWAN INDIANS in Account with the Department of Indian Affairs,1888-1888,2,4,band,MAGANETTEWAN INDIANS,,,,band_c02067,Maganettawan,Ontario,0.818,review_below_gate,band_c02067=Maganettawan (Ontario) 0.82; band_c02147=Maganetawan (Ontario) 0.76; band_c01831=Maganatawan (see Manitowaning) (Ontario) 0.64,
MISSISSAGUAS OF RICE AND MUD LAKES,1882-1882,1,17,band,MISSISSAGUAS OF RICE AND MUD LAKES,,,,band_c01864,Mississaguas of Rice Lake,Ontario,0.842,review_below_gate,band_c01864=Mississaguas of Rice Lake (Ontario) 0.84; band_c01872=Mississaguas of Mud Lake (Ontario) 0.82; band_c01901=Mississaguas Rice Lake (Ontario) 0.78,
MISSISSAUGUAS OF THE CREDIT,1886-1889,4,144,band,MISSISSAUGUAS OF THE CREDIT,,,,band_c01863,Mississaguas of the Credit,Ontario,0.93,review_ambiguous,band_c01863=Mississaguas of the Credit (Ontario) 0.93; band_c01858=Mississaugas (Ontario) 0.92; band_c01845=Mississaguas of New Credit (Ontario) 0.85,
MUSQUEAN BAND OF BRITISH COLUMBIA,1885-1888,4,8,band,MUSQUEAN BAND OF BRITISH COLUMBIA,,,,band_c00074,British Columbia,British Columbia,0.68,review_below_gate,band_c00074=British Columbia (British Columbia) 0.68; band_c01023=British Columbia (Grand Recapitulation) 0.68; band_c02624=British Columbia (North-West Territories) 0.68,
MUSQUEAN BAND OF BRITISH COLUMBIA in Account with the Department of Indian Affairs,1887-1887,2,4,band,MUSQUEAN BAND OF BRITISH COLUMBIA,,,,band_c00074,British Columbia,British Columbia,0.68,review_below_gate,band_c00074=British Columbia (British Columbia) 0.68; band_c01023=British Columbia (Grand Recapitulation) 0.68; band_c02624=British Columbia (North-West Territories) 0.68,
Man-who-took-the-coat's Band (No. 143),1893-1893,1,3,band,-who-took-the-coat's Band,143,,manitoba,band_c01348,The-man-who-took-the-coat or Jack.,,0.684,review_below_gate,"band_c01348=The-man-who-took-the-coat or Jack. (None) 0.68; band_c02418=The-man-who-took-the-coat, or Jack (North-West Territories) 0.68; band_c01476=Thos. Scott (None) 0.42",
Manitoulin Island (Unceded) (No. 15),1893-1895,7,43,band,Manitoulin Island (Unceded),15,,,band_c01897,Wikwemikong (unceded),Ontario,1.0,review_number_conflict,"band_c01897=Wikwemikong (unceded) (Ontario) 1.00; band_c01810=Ojibbewas and Ottawas of Manitoulin and Cockburn Islands, at - (Ontario) 1.00; band_c01870=Manitoulin, Unceded (Ontario) 0.80","No. 15 links to different band names: Manitoulin, Unceded; Wikwemikong (unceded)"
"Manitoulin Island, unceded (No. 15)",1896-1897,5,73,band,"Manitoulin Island, unceded",15,,,band_c01870,"Manitoulin, Unceded",Ontario,1.0,review_number_conflict,"band_c01870=Manitoulin, Unceded (Ontario) 1.00; band_c01810=Ojibbewas and Ottawas of Manitoulin and Cockburn Islands, at - (Ontario) 0.80; band_c01871=Manitoulin Is. Wendell including South Bay. (Ontario) 0.54","No. 15 links to different band names: Manitoulin, Unceded; Wikwemikong (unceded)"
Mississaguas of the Credit (No. 18) - CAPITAL.,1894-1894,1,4,band,Mississaguas of the Credit (No. 18) - CAPITAL,,,,band_c01863,Mississaguas of the Credit,Ontario,0.84,review_below_gate,band_c01863=Mississaguas of the Credit (Ontario) 0.84; band_c01845=Mississaguas of New Credit (Ontario) 0.78; band_c01858=Mississaugas (Ontario) 0.73,
"Montreal Lake Band, N.W.T. (No. 226).",1897-1897,1,6,band,Montreal Lake Band,226,,north-west territories,band_c02445,William Charles (Montreal Lake),Saskatchewan,1.0,review_ambiguous,"band_c02445=William Charles (Montreal Lake) (Saskatchewan) 1.00; band_c03149=Montreal Lake (Saskatchewan Inspectorates) 1.00; band_c02553=Deer Lake, non-treaty (North-West Territories) 0.60",
"Montreal Lake Band, N.W.T. (No. 226.)",1896-1896,2,4,band,Montreal Lake Band,226,,north-west territories,band_c02445,William Charles (Montreal Lake),Saskatchewan,1.0,review_ambiguous,"band_c02445=William Charles (Montreal Lake) (Saskatchewan) 1.00; band_c03149=Montreal Lake (Saskatchewan Inspectorates) 1.00; band_c02553=Deer Lake, non-treaty (North-West Territories) 0.60",
OJIBBEWAS OF LAKE HURON,1882-1888,8,38,collective,OJIBBEWAS OF LAKE HURON,,,,band_c01847,"Ojibbewas of Lake Huron, at -",Ontario,1.0,review_collective,"band_c01847=Ojibbewas of Lake Huron, at - (Ontario) 1.00; band_c01862=Ojibbewas of Lake Superior, at - (Ontario) 0.68; band_c01865=Ojibbewas of Like Superior, at - (Ontario) 0.60",
OJIBBEWAS OF LAKE HURON in Account with the Department of Indian Affairs.,1887-1887,2,6,collective,OJIBBEWAS OF LAKE HURON,,,,band_c01847,"Ojibbewas of Lake Huron, at -",Ontario,1.0,review_collective,"band_c01847=Ojibbewas of Lake Huron, at - (Ontario) 1.00; band_c01862=Ojibbewas of Lake Superior, at - (Ontario) 0.68; band_c01865=Ojibbewas of Like Superior, at - (Ontario) 0.60",
OJIBBEWAS OF LAKE SUPERIOR,1882-1889,9,38,collective,OJIBBEWAS OF LAKE SUPERIOR,,,,band_c01862,"Ojibbewas of Lake Superior, at -",Ontario,0.943,review_collective,"band_c01862=Ojibbewas of Lake Superior, at - (Ontario) 0.94; band_c01865=Ojibbewas of Like Superior, at - (Ontario) 0.87; band_c01847=Ojibbewas of Lake Huron, at - (Ontario) 0.72",
OJIBBEWAS OF LAKE SUPERIOR in Account Current with the Department of Indian Affairs.,1884-1884,1,8,collective,OJIBBEWAS OF LAKE SUPERIOR,,,,band_c01862,"Ojibbewas of Lake Superior, at -",Ontario,0.943,review_collective,"band_c01862=Ojibbewas of Lake Superior, at - (Ontario) 0.94; band_c01865=Ojibbewas of Like Superior, at - (Ontario) 0.87; band_c01847=Ojibbewas of Lake Huron, at - (Ontario) 0.72",
OJIBBEWAS OF MISSISSAGUA RIVER,1885-1886,2,16,band,OJIBBEWAS OF MISSISSAGUA RIVER,,,,band_c01965,Mississagua River,Ontario,0.672,review_below_gate,band_c01965=Mississagua River (Ontario) 0.67; band_c01864=Mississaguas of Rice Lake (Ontario) 0.64; band_c01872=Mississaguas of Mud Lake (Ontario) 0.62,
OJIBBEWAS OF MISSISSAGUA RIVER in Account Current with the Department of Indian Affairs.,1884-1884,1,8,band,OJIBBEWAS OF MISSISSAGUA RIVER,,,,band_c01965,Mississagua River,Ontario,0.672,review_below_gate,band_c01965=Mississagua River (Ontario) 0.67; band_c01864=Mississaguas of Rice Lake (Ontario) 0.64; band_c01872=Mississaguas of Mud Lake (Ontario) 0.62,
OJIBBEWAS OF MISSISSAUGUA RIVER,1887-1889,5,33,band,OJIBBEWAS OF MISSISSAUGUA RIVER,,,,band_c01864,Mississaguas of Rice Lake,Ontario,0.655,review_below_gate,band_c01864=Mississaguas of Rice Lake (Ontario) 0.65; band_c01872=Mississaguas of Mud Lake (Ontario) 0.63; band_c01891=Mississaguas of Scugog (Ontario) 0.62,
OJIBEWAS AND OTTAWAS OF MANITOULIN ISLAND in Account with the Department of Indian Affairs.,1887-1887,1,17,band,OJIBEWAS AND OTTAWAS OF MANITOULIN ISLAND,,,,band_c01810,"Ojibbewas and Ottawas of Manitoulin and Cockburn Islands, at -",Ontario,0.842,review_below_gate,"band_c01810=Ojibbewas and Ottawas of Manitoulin and Cockburn Islands, at - (Ontario) 0.84; band_c01808=Chippewas of Nawash (Ontario) 0.54; band_c01870=Manitoulin, Unceded (Ontario) 0.53",
"Oak Lake Sioux Reserve 50, N.W.T. (No. 219).",1895-1895,2,4,band,Oak Lake Sioux Reserve 50,219,,north-west territories,band_c01130,Oak Lake,Manitoba,1.0,review_ambiguous,band_c01130=Oak Lake (Manitoba) 1.00; band_c02678=Oak Lake (Sioux) (North-West Territories) 1.00; band_c02628=Oak Lake (North-West Territories) 0.67,
"Oak Lake Sioux Reserve, 59, N.W.T. (No. 219).",1897-1897,1,4,band,"Oak Lake Sioux Reserve, 59",219,,north-west territories,band_c01130,Oak Lake,Manitoba,1.0,review_ambiguous,band_c01130=Oak Lake (Manitoba) 1.00; band_c02678=Oak Lake (Sioux) (North-West Territories) 1.00; band_c02628=Oak Lake (North-West Territories) 0.67,
"Oak Lake Sioux Reserve, 59, N.W.T. (No. 219.)",1896-1896,1,5,band,"Oak Lake Sioux Reserve, 59",219,,north-west territories,band_c01130,Oak Lake,Manitoba,1.0,review_ambiguous,band_c01130=Oak Lake (Manitoba) 1.00; band_c02678=Oak Lake (Sioux) (North-West Territories) 1.00; band_c02628=Oak Lake (North-West Territories) 0.67,
Oak River Sioux (No. 170),1895-1895,2,8,band,Oak River Sioux,170,,,band_c02657,Oak River (Sioux),North-West Territories,1.0,review_ambiguous,band_c02657=Oak River (Sioux) (North-West Territories) 1.00; band_c01123=Oak River (Manitoba) 1.00; band_c02226=Oak River (Ontario) 0.73,
Oak River Sioux (No. 170).,1893-1894,3,8,band,Oak River Sioux,170,,,band_c02657,Oak River (Sioux),North-West Territories,1.0,review_ambiguous,band_c02657=Oak River (Sioux) (North-West Territories) 1.00; band_c01123=Oak River (Manitoba) 1.00; band_c02226=Oak River (Ontario) 0.73,
"Oak River Sioux, N.W.T. (No. 170).",1897-1897,1,6,band,Oak River Sioux,170,,north-west territories,band_c02657,Oak River (Sioux),North-West Territories,1.0,review_ambiguous,band_c02657=Oak River (Sioux) (North-West Territories) 1.00; band_c01123=Oak River (Manitoba) 1.00; band_c02226=Oak River (Ontario) 0.73,
"Oak River Sioux, N.W.T. (No. 170.)",1896-1896,2,10,band,Oak River Sioux,170,,north-west territories,band_c02657,Oak River (Sioux),North-West Territories,1.0,review_ambiguous,band_c02657=Oak River (Sioux) (North-West Territories) 1.00; band_c01123=Oak River (Manitoba) 1.00; band_c02226=Oak River (Ontario) 0.73,
"Ohiat Band, B.C. (No 172.)",1896-1896,2,6,band,Ohiat Band,172,,british columbia,band_c00892,Ohiaht,British Columbia,0.667,review_below_gate,band_c00892=Ohiaht (British Columbia) 0.67; band_c00919=Ohiet (British Columbia) 0.50; band_c00161=Niciat No. 6 (British Columbia) 0.44,
"Ohiat Band, B.C. (No. 172).",1897-1897,1,5,band,Ohiat Band,172,,british columbia,band_c00892,Ohiaht,British Columbia,0.667,review_below_gate,band_c00892=Ohiaht (British Columbia) 0.67; band_c00919=Ohiet (British Columbia) 0.50; band_c00161=Niciat No. 6 (British Columbia) 0.44,
"Ohiat Band, B.C., (No. 172)",1895-1895,2,7,band,Ohiat Band,172,,british columbia,band_c00892,Ohiaht,British Columbia,0.667,review_below_gate,band_c00892=Ohiaht (British Columbia) 0.67; band_c00919=Ohiet (British Columbia) 0.50; band_c00161=Niciat No. 6 (British Columbia) 0.44,
"Ohiat Indians, B.C. (No. 172).",1894-1894,1,5,band,Ohiat Indians,172,,british columbia,band_c00892,Ohiaht,British Columbia,0.667,review_below_gate,"band_c00892=Ohiaht (British Columbia) 0.67; band_c00071=Nomadic Indians, about (British Columbia) 0.54; band_c00100=Nomadic Indians (estimated) (British Columbia) 0.54",
Ojibbewas of Lake Huron (No. 26),1895-1896,6,35,collective,Ojibbewas of Lake Huron,26,,,band_c01847,"Ojibbewas of Lake Huron, at -",Ontario,1.0,review_collective,"band_c01847=Ojibbewas of Lake Huron, at - (Ontario) 1.00; band_c01862=Ojibbewas of Lake Superior, at - (Ontario) 0.68; band_c01865=Ojibbewas of Like Superior, at - (Ontario) 0.60",
"Ojibbewas of Lake Huron, Ont. (No. 20).",1897-1897,2,12,collective,Ojibbewas of Lake Huron,20,,ontario,band_c01847,"Ojibbewas of Lake Huron, at -",Ontario,1.0,review_collective,"band_c01847=Ojibbewas of Lake Huron, at - (Ontario) 1.00; band_c01862=Ojibbewas of Lake Superior, at - (Ontario) 0.68; band_c01865=Ojibbewas of Like Superior, at - (Ontario) 0.60",
Ojibbewas of Lake Superior (No. 27),1895-1895,3,15,collective,Ojibbewas of Lake Superior,27,,,band_c01862,"Ojibbewas of Lake Superior, at -",Ontario,0.943,review_collective,"band_c01862=Ojibbewas of Lake Superior, at - (Ontario) 0.94; band_c01865=Ojibbewas of Like Superior, at - (Ontario) 0.87; band_c01847=Ojibbewas of Lake Huron, at - (Ontario) 0.72",
Ojibbewas of Lake Superior (No. 27.),1896-1896,3,16,collective,Ojibbewas of Lake Superior,27,,,band_c01862,"Ojibbewas of Lake Superior, at -",Ontario,0.943,review_collective,"band_c01862=Ojibbewas of Lake Superior, at - (Ontario) 0.94; band_c01865=Ojibbewas of Like Superior, at - (Ontario) 0.87; band_c01847=Ojibbewas of Lake Huron, at - (Ontario) 0.72",
"Ojibbewas of Lake Superior, Ont, (No. 27)",1897-1897,2,10,collective,Ojibbewas of Lake Superior,27,,ontario,band_c01862,"Ojibbewas of Lake Superior, at -",Ontario,0.943,review_collective,"band_c01862=Ojibbewas of Lake Superior, at - (Ontario) 0.94; band_c01865=Ojibbewas of Like Superior, at - (Ontario) 0.87; band_c01847=Ojibbewas of Lake Huron, at - (Ontario) 0.72",
Ojibewas of Lake Huron (No. 26),1893-1894,4,21,collective,Ojibewas of Lake Huron,26,,,band_c01847,"Ojibbewas of Lake Huron, at -",Ontario,0.977,review_collective,"band_c01847=Ojibbewas of Lake Huron, at - (Ontario) 0.98; band_c01862=Ojibbewas of Lake Superior, at - (Ontario) 0.65; band_c01865=Ojibbewas of Like Superior, at - (Ontario) 0.57",
Ojibewas of Lake Superior (No. 27).,1893-1894,4,16,collective,Ojibewas of Lake Superior,27,,,band_c01862,"Ojibbewas of Lake Superior, at -",Ontario,0.923,review_collective,"band_c01862=Ojibbewas of Lake Superior, at - (Ontario) 0.92; band_c01865=Ojibbewas of Like Superior, at - (Ontario) 0.85; band_c01847=Ojibbewas of Lake Huron, at - (Ontario) 0.70",
Okanagan Indians (No. 94).,1894-1894,3,6,band,Okanagan Indians,94,,,band_c00137,Okanagan,British Columbia,1.0,review_ambiguous,band_c00137=Okanagan (British Columbia) 1.00; band_c00251=Okanagan (Keremeus) (British Columbia) 1.00; band_c01895=Nkamaplix (Okanagan Lake) (Ontario) 1.00,
"Okanagan Indians, B.C. (No. 94)",1896-1896,3,7,band,Okanagan Indians,94,,british columbia,band_c00137,Okanagan,British Columbia,1.0,review_ambiguous,band_c00137=Okanagan (British Columbia) 1.00; band_c00251=Okanagan (Keremeus) (British Columbia) 1.00; band_c01895=Nkamaplix (Okanagan Lake) (Ontario) 1.00,
"Okanagan Indians, B.C. (No. 94).",1893-1897,3,8,band,Okanagan Indians,94,,british columbia,band_c00137,Okanagan,British Columbia,1.0,review_ambiguous,band_c00137=Okanagan (British Columbia) 1.00; band_c00251=Okanagan (Keremeus) (British Columbia) 1.00; band_c01895=Nkamaplix (Okanagan Lake) (Ontario) 1.00,
Passpasschase's Reserve (No. 120),1894-1894,2,14,band,Passpasschase's Reserve,120,,,band_c02762,Paspaschase,North-West Territories,0.909,review_number_conflict,band_c02762=Paspaschase (North-West Territories) 0.91; band_c02853=Nipahase (North-West Territories) 0.42; band_c01520=Napahase (None) 0.42,No. 120 links to different band names: Enoch; Paspaschase
"Passpasschase's Reserve, N.W.T. (No. 120)*",1895-1895,3,14,band,Passpasschase's Reserve,120,,north-west territories,band_c02762,Paspaschase,North-West Territories,0.909,review_number_conflict,band_c02762=Paspaschase (North-West Territories) 0.91; band_c02853=Nipahase (North-West Territories) 0.42; band_c01520=Napahase (None) 0.42,No. 120 links to different band names: Enoch; Paspaschase
Petequakey's Reserve (No. 181).,1894-1894,1,2,band,Petequakey's Reserve,181,,,band_c01411,Pe-te-qua-key,,1.0,review_number_conflict,band_c01411=Pe-te-qua-key (None) 1.00; band_c02532=Key (North-West Territories) 1.00; band_c02530=Muskeg Lake (Petaquakey) (Saskatchewan) 0.78,No. 181 links to different band names: Little Black Bear; Pe-te-qua-key
"QUAMICHAN BAND, BRITISH COLUMBIA",1885-1885,2,3,band,"QUAMICHAN BAND, BRITISH COLUMBIA",,,,band_c00074,British Columbia,British Columbia,0.75,review_below_gate,band_c00074=British Columbia (British Columbia) 0.75; band_c01023=British Columbia (Grand Recapitulation) 0.75; band_c02624=British Columbia (North-West Territories) 0.75,
"QUEMICHAN BAND, B.C.",1889-1889,1,3,band,QUEMICHAN BAND,,,british columbia,band_c00556,Quamichan,British Columbia,0.75,review_below_gate,band_c00556=Quamichan (British Columbia) 0.75; band_c02229=Quamichan (Ontario) 0.75; band_c00288=Cowichan Nation:- (British Columbia) 0.53,
"QUEMICHAN, B.C.",1886-1886,2,4,band,QUEMICHAN,,,british columbia,band_c00556,Quamichan,British Columbia,0.75,review_below_gate,band_c00556=Quamichan (British Columbia) 0.75; band_c02229=Quamichan (Ontario) 0.75; band_c00288=Cowichan Nation:- (British Columbia) 0.53,
"Restigouche Band, Que. (No. 92).",1897-1897,2,7,band,Restigouche Band,92,,quebec,band_c03032,Micmacs of Restigouche,Quebec,1.0,review_number_conflict,band_c03032=Micmacs of Restigouche (Quebec) 1.00; band_c01283=Restigouche (New Brunswick) 1.00; band_c03057=Restigouche Agency (Quebec) 0.74,No. 92 links to different band names: Micmacs of Restigouche; Restigouche
Restigouche Indians (No. 92),1894-1894,3,7,band,Restigouche Indians,92,,,band_c01283,Restigouche,New Brunswick,1.0,review_number_conflict,band_c01283=Restigouche (New Brunswick) 1.00; band_c03032=Micmacs of Restigouche (Quebec) 1.00; band_c03057=Restigouche Agency (Quebec) 0.74,No. 92 links to different band names: Micmacs of Restigouche; Restigouche
Restigouche Indians (No. 92).,1893-1893,1,5,band,Restigouche Indians,92,,,band_c01283,Restigouche,New Brunswick,1.0,review_number_conflict,band_c01283=Restigouche (New Brunswick) 1.00; band_c03032=Micmacs of Restigouche (Quebec) 1.00; band_c03057=Restigouche Agency (Quebec) 0.74,No. 92 links to different band names: Micmacs of Restigouche; Restigouche
"Restigouche Indians, Que. (No 92)",1896-1896,3,9,band,Restigouche Indians,92,,quebec,band_c03032,Micmacs of Restigouche,Quebec,1.0,review_number_conflict,band_c03032=Micmacs of Restigouche (Quebec) 1.00; band_c01283=Restigouche (New Brunswick) 1.00; band_c03057=Restigouche Agency (Quebec) 0.74,No. 92 links to different band names: Micmacs of Restigouche; Restigouche
Rolling River Band (No. 178).,1894-1895,3,16,band,Rolling River Band,178,,,band_c02708,Rolling River,North-West Territories,1.0,review_ambiguous,"band_c02708=Rolling River (North-West Territories) 1.00; band_c01160=Rolling River (Manitoba) 1.00; band_c01115=Rolling River, No. 67 (Manitoba) 1.00",
"Rolling River Reserve, Man. (No. 178).",1897-1897,1,3,band,Rolling River Reserve,178,,manitoba,band_c01160,Rolling River,Manitoba,1.0,review_ambiguous,"band_c01160=Rolling River (Manitoba) 1.00; band_c01115=Rolling River, No. 67 (Manitoba) 1.00; band_c02708=Rolling River (North-West Territories) 1.00",
"Rolling River Reserve, Man. (No. 178.)",1896-1896,2,6,band,Rolling River Reserve,178,,manitoba,band_c01160,Rolling River,Manitoba,1.0,review_ambiguous,"band_c01160=Rolling River (Manitoba) 1.00; band_c01115=Rolling River, No. 67 (Manitoba) 1.00; band_c02708=Rolling River (North-West Territories) 1.00",
"SAINT PETER'S BAND, MANITOBA",1889-1889,2,7,band,SAINT PETER'S BAND,,,manitoba,band_c01109,St. Peter's,Manitoba,0.762,review_below_gate,band_c01109=St. Peter's (Manitoba) 0.76; band_c01132=Peter Ballendine (Manitoba) 0.44; band_c03079=Hunter's Point (Quebec) 0.56,
"SONGHEE'S BAND, B.C.",1884-1884,2,6,band,SONGHEE'S BAND,,,british columbia,band_c00764,Songhees,British Columbia,0.8,review_below_gate,band_c00764=Songhees (British Columbia) 0.80; band_c02279=Songhees (Ontario) 0.80; band_c00765=Soughees (British Columbia) 0.53,
SPANISH RIVER INDIANS,1882-1886,4,23,band,SPANISH RIVER INDIANS,,,,band_c01816,Spanish River No. 1,Ontario,1.0,review_ambiguous,band_c01816=Spanish River No. 1 (Ontario) 1.00; band_c01817=Spanish River No. 2 (Ontario) 1.00; band_c01956=Spanish River No. 3 (Ontario) 1.00,
SPANISH RIVER INDIANS in Account Current with the Department of Indian Affairs.,1884-1884,2,9,band,SPANISH RIVER INDIANS,,,,band_c01816,Spanish River No. 1,Ontario,1.0,review_ambiguous,band_c01816=Spanish River No. 1 (Ontario) 1.00; band_c01817=Spanish River No. 2 (Ontario) 1.00; band_c01956=Spanish River No. 3 (Ontario) 1.00,
SPANISH RIVER INDIANS in Account with the Department of Indian Affairs.,1887-1887,2,13,band,SPANISH RIVER INDIANS,,,,band_c01816,Spanish River No. 1,Ontario,1.0,review_ambiguous,band_c01816=Spanish River No. 1 (Ontario) 1.00; band_c01817=Spanish River No. 2 (Ontario) 1.00; band_c01956=Spanish River No. 3 (Ontario) 1.00,
"SPANISH RIVER INDIANS, in Account No. 34",1883-1883,2,10,band,SPANISH RIVER INDIANS,,34,,band_c01816,Spanish River No. 1,Ontario,1.0,review_ambiguous,band_c01816=Spanish River No. 1 (Ontario) 1.00; band_c01817=Spanish River No. 2 (Ontario) 1.00; band_c01956=Spanish River No. 3 (Ontario) 1.00,
SQUAMISH BAND IN BRITISH COLUMBIA,1886-1886,2,5,band,SQUAMISH BAND IN BRITISH COLUMBIA,,,,band_c00074,British Columbia,British Columbia,0.68,review_below_gate,band_c00074=British Columbia (British Columbia) 0.68; band_c01023=British Columbia (Grand Recapitulation) 0.68; band_c02624=British Columbia (North-West Territories) 0.68,
SQUAMISH BAND OF BRITISH COLUMBIA,1885-1885,1,2,band,SQUAMISH BAND OF BRITISH COLUMBIA,,,,band_c00074,British Columbia,British Columbia,0.68,review_below_gate,band_c00074=British Columbia (British Columbia) 0.68; band_c01023=British Columbia (Grand Recapitulation) 0.68; band_c02624=British Columbia (North-West Territories) 0.68,
"Seymour Creek Indians, B.C. (No. 203) - CAPITAL",1895-1895,2,3,band,Seymour Creek Indians (No. 203) - CAPITAL,,,british columbia,band_c00359,Seymour Creek,British Columbia,0.75,review_below_gate,band_c00359=Seymour Creek (British Columbia) 0.75; band_c02077=Seymour Creek (Ontario) 0.75; band_c00307=Canoe Creek (British Columbia) 0.61,
Sharphead's Reserve (No. 202).,1894-1894,2,4,band,Sharphead's Reserve,202,,,band_c01498,Sharphead,,1.0,review_ambiguous,band_c01498=Sharphead (None) 1.00; band_c02493=Sharphead (Chee-pooslequan) (North-West Territories) 1.00; band_c02492=Sharp Head (Cheepoostequan) (North-West Territories) 1.00,
"Sharphead's Reserve, N.W.T. (No. 202)",1895-1897,3,11,band,Sharphead's Reserve,202,,north-west territories,band_c02493,Sharphead (Chee-pooslequan),North-West Territories,1.0,review_ambiguous,band_c02493=Sharphead (Chee-pooslequan) (North-West Territories) 1.00; band_c01498=Sharphead (None) 1.00; band_c02492=Sharp Head (Cheepoostequan) (North-West Territories) 1.00,
"Sharphead's Reserve, N.W.T. (No. 202.)",1896-1896,2,4,band,Sharphead's Reserve,202,,north-west territories,band_c02493,Sharphead (Chee-pooslequan),North-West Territories,1.0,review_ambiguous,band_c02493=Sharphead (Chee-pooslequan) (North-West Territories) 1.00; band_c01498=Sharphead (None) 1.00; band_c02492=Sharp Head (Cheepoostequan) (North-West Territories) 1.00,
"Skwah Indians, B.C. (No. 110)",1895-1897,5,18,band,Skwah Indians,110,,british columbia,band_c00924,Skwah,British Columbia,1.0,review_number_conflict,band_c00924=Skwah (British Columbia) 1.00; band_c02357=Skwah (Ontario) 1.00; band_c00925=Skway (British Columbia) 0.75,No. 110 links to different band names: Skwah; Squah
"Skwamish Indians, B.C. (No. 54).",1897-1897,2,6,band,Skwamish Indians,54,,british columbia,band_c00180,"Skwamish, Howe Sound",British Columbia,1.0,review_number_conflict,"band_c00180=Skwamish, Howe Sound (British Columbia) 1.00; band_c00568=Skwaw-mish (British Columbia) 0.80; band_c00183=Squamish, Howe Sound (British Columbia) 0.57","No. 54 links to different band names: Burrard No. 3 (Squamish); Skwamish, Howe Sound"
"Skwamish Indians, B.C. (No. 54.)",1896-1896,3,7,band,Skwamish Indians,54,,british columbia,band_c00180,"Skwamish, Howe Sound",British Columbia,1.0,review_number_conflict,"band_c00180=Skwamish, Howe Sound (British Columbia) 1.00; band_c00568=Skwaw-mish (British Columbia) 0.80; band_c00183=Squamish, Howe Sound (British Columbia) 0.57","No. 54 links to different band names: Burrard No. 3 (Squamish); Skwamish, Howe Sound"
Spanish River Indians (No. 35).,1893-1893,1,5,band,Spanish River Indians,35,,,band_c01816,Spanish River No. 1,Ontario,1.0,review_ambiguous,band_c01816=Spanish River No. 1 (Ontario) 1.00; band_c01817=Spanish River No. 2 (Ontario) 1.00; band_c01956=Spanish River No. 3 (Ontario) 1.00,
"Spanish River Indians, Ont. (No. 35)",1895-1897,8,112,band,Spanish River Indians,35,,ontario,band_c01816,Spanish River No. 1,Ontario,1.0,review_ambiguous,band_c01816=Spanish River No. 1 (Ontario) 1.00; band_c01817=Spanish River No. 2 (Ontario) 1.00; band_c01956=Spanish River No. 3 (Ontario) 1.00,
"Spellamcheen Indians, B.C. (No. 107)",1895-1895,2,4,band,Spellamcheen Indians,107,,british columbia,band_c00328,Spal-lam-cheen,British Columbia,0.818,review_below_gate,band_c00328=Spal-lam-cheen (British Columbia) 0.82; band_c00086=Spellamcheen - Sushwap Tribe. (British Columbia) 0.82; band_c00487=Spelemcheen (British Columbia) 0.76,
"Spellamcheen Indians, B.C. (No. 107).*",1897-1897,1,3,band,Spellamcheen Indians (No. 107),,,british columbia,band_c00328,Spal-lam-cheen,British Columbia,0.818,review_below_gate,band_c00328=Spal-lam-cheen (British Columbia) 0.82; band_c00086=Spellamcheen - Sushwap Tribe. (British Columbia) 0.82; band_c00487=Spelemcheen (British Columbia) 0.76,
"Spellamcheen Indians, B.C. (No. 107.)",1896-1896,2,4,band,Spellamcheen Indians,107,,british columbia,band_c00328,Spal-lam-cheen,British Columbia,0.818,review_below_gate,band_c00328=Spal-lam-cheen (British Columbia) 0.82; band_c00086=Spellamcheen - Sushwap Tribe. (British Columbia) 0.82; band_c00487=Spelemcheen (British Columbia) 0.76,
"Spellumcheen Indians, B.C. (No. 107)",1894-1894,2,4,band,Spellumcheen Indians,107,,british columbia,band_c00363,Spallumcheen,British Columbia,0.818,review_below_gate,band_c00363=Spallumcheen (British Columbia) 0.82; band_c00024=Spallumcheen (Spallumcheen) (B.C) 0.82; band_c00487=Spelemcheen (British Columbia) 0.76,
"Squah Indians, B.C. (No. 110).",1894-1894,2,6,band,Squah Indians,110,,british columbia,band_c00927,Squah,British Columbia,1.0,review_number_conflict,band_c00927=Squah (British Columbia) 1.00; band_c01532=Pasquah (None) 0.80; band_c02867=Pasquah (Saskatchewan) 0.80,No. 110 links to different band names: Skwah; Squah
"Squamish Indians, B.C. (No. 54)",1894-1895,6,14,band,Squamish Indians,54,,british columbia,band_c00165,Burrard No. 3 (Squamish),British Columbia,1.0,review_number_conflict,"band_c00165=Burrard No. 3 (Squamish) (British Columbia) 1.00; band_c00183=Squamish, Howe Sound (British Columbia) 1.00; band_c00737=Misqueam (British Columbia) 0.71","No. 54 links to different band names: Burrard No. 3 (Squamish); Skwamish, Howe Sound"
"Squamish Indians, B.C. (No. 54).",1893-1893,1,4,band,Squamish Indians,54,,british columbia,band_c00165,Burrard No. 3 (Squamish),British Columbia,1.0,review_number_conflict,"band_c00165=Burrard No. 3 (Squamish) (British Columbia) 1.00; band_c00183=Squamish, Howe Sound (British Columbia) 1.00; band_c00737=Misqueam (British Columbia) 0.71","No. 54 links to different band names: Burrard No. 3 (Squamish); Skwamish, Howe Sound"
"Squawtit's Band, B.C. (No. 103.)",1896-1896,1,4,band,Squawtit's Band,103,,british columbia,band_c00676,Squawtits,British Columbia,0.933,review_number_conflict,band_c00676=Squawtits (British Columbia) 0.93; band_c02237=Squawtits (Ontario) 0.93; band_c00768=Squatits (British Columbia) 0.71,No. 103 links to different band names: Eel Ground; Squawtits
"St. Mary Indians, N.B. (No. 93.)",1896-1896,3,9,band,St. Mary Indians,93,,new brunswick,band_c00258,St. Mary's,British Columbia,1.0,review_province,"band_c00258=St. Mary's (British Columbia) 1.00; band_c01311=St. Mary's (New Brunswick) 0.86; band_c00299=Mission, (St. Mary's) (British Columbia) 0.86",
"St. Marys Band, N.B. (No. 93).",1897-1897,2,5,band,St. Marys Band,93,,new brunswick,band_c00258,St. Mary's,British Columbia,1.0,review_province,"band_c00258=St. Mary's (British Columbia) 1.00; band_c01311=St. Mary's (New Brunswick) 0.80; band_c00299=Mission, (St. Mary's) (British Columbia) 0.80",
Standing Buffalo Band (No. 195),1894-1894,2,4,band,Standing Buffalo Band,195,,,band_c02534,Standing Buffalo (Sioux),Saskatchewan,1.0,review_ambiguous,band_c02534=Standing Buffalo (Sioux) (Saskatchewan) 1.00; band_c01382=Standing Buffalo (None) 1.00; band_c01174=Buffalo Bay (Manitoba) 0.56,
"Standing Buffalo's Band, N.W.T. (No. 195)",1895-1895,1,3,band,Standing Buffalo's Band,195,,north-west territories,band_c02534,Standing Buffalo (Sioux),Saskatchewan,1.0,review_ambiguous,band_c02534=Standing Buffalo (Sioux) (Saskatchewan) 1.00; band_c01382=Standing Buffalo (None) 1.00; band_c01174=Buffalo Bay (Manitoba) 0.59,
"Standing Buffalo's Band, N.W.T. (No. 195).",1897-1897,1,3,band,Standing Buffalo's Band,195,,north-west territories,band_c02534,Standing Buffalo (Sioux),Saskatchewan,1.0,review_ambiguous,band_c02534=Standing Buffalo (Sioux) (Saskatchewan) 1.00; band_c01382=Standing Buffalo (None) 1.00; band_c01174=Buffalo Bay (Manitoba) 0.59,
Standing Buffalo's Band. N.W.T. (No. 195(tt).),1896-1896,2,4,band,Standing Buffalo's Band. (No. 195(tt).),,,north-west territories,band_c02534,Standing Buffalo (Sioux),Saskatchewan,1.0,review_ambiguous,band_c02534=Standing Buffalo (Sioux) (Saskatchewan) 1.00; band_c01382=Standing Buffalo (None) 1.00; band_c01174=Buffalo Bay (Manitoba) 0.59,
Stony Indians (No. 171),1894-1895,4,47,band,Stony Indians,171,,,band_c02434,Stony Reserve,North-West Territories,1.0,review_ambiguous,band_c02434=Stony Reserve (North-West Territories) 1.00; band_c02587=Grizzly Bear (Stony) (North-West Territories) 1.00; band_c03163=Stony (Saskatchewan Inspectorates) 1.00,
"Stony Indians, Bands Nos. 142 - 3 - 4 (No. 171).",1893-1893,1,3,collective,"Stony Indians, Bands Nos. 142 - 3 - 4",171,,,band_c02384,Non-treaty Indians,North-West Territories,0.526,review_collective,band_c02384=Non-treaty Indians (North-West Territories) 0.53; band_c01838=Non-treaty Indians where no agents (Ontario) 0.53; band_c00140=Boston Bar (British Columbia) 0.52,
"Stony Indians, N.W.T. (No. 171)",1896-1897,5,22,band,Stony Indians,171,,north-west territories,band_c02434,Stony Reserve,North-West Territories,1.0,review_ambiguous,band_c02434=Stony Reserve (North-West Territories) 1.00; band_c02587=Grizzly Bear (Stony) (North-West Territories) 1.00; band_c03163=Stony (Saskatchewan Inspectorates) 1.00,
"TOBIQUE INDIANS, NEW BRUNSWICK",1885-1885,2,9,band,"TOBIQUE INDIANS, NEW BRUNSWICK",,,,band_c01323,New Brunswick,New Brunswick,0.75,review_below_gate,band_c01323=New Brunswick (New Brunswick) 0.75; band_c02420=New Brunswick (North-West Territories) 0.75; band_c01026=New Brunswick (Grand Recapitulation) 0.75,
The Brothers Reserve (No. 114).,1894-1894,1,3,band,The Brothers Reserve,114,,,band_c03118,Other,Quebec,0.727,review_below_gate,band_c03118=Other (Quebec) 0.73; band_c01678=Amherst (Nova Scotia) 0.46,
"The Brothers' Reserve, N.B. (No. 114)",1897-1897,1,3,band,The Brothers' Reserve,114,,new brunswick,band_c03118,Other,Quebec,0.727,review_below_gate,band_c03118=Other (Quebec) 0.73; band_c01678=Amherst (Nova Scotia) 0.46,
"The Brothers' Reserve, N.B. (No. 114).",1895-1895,2,4,band,The Brothers' Reserve,114,,new brunswick,band_c03118,Other,Quebec,0.727,review_below_gate,band_c03118=Other (Quebec) 0.73; band_c01678=Amherst (Nova Scotia) 0.46,
"The Brothers' Reserve, N.B. (No. 114.)",1896-1896,2,4,band,The Brothers' Reserve,114,,new brunswick,band_c03118,Other,Quebec,0.727,review_below_gate,band_c03118=Other (Quebec) 0.73; band_c01678=Amherst (Nova Scotia) 0.46,
"The-man-who-took-the-coat Band, N.W.T. (No. 143).",1897-1897,1,3,band,"The- -who-took-the-coat Band, N.W.T",143,,manitoba,band_c01348,The-man-who-took-the-coat or Jack.,,0.714,review_below_gate,"band_c01348=The-man-who-took-the-coat or Jack. (None) 0.71; band_c02418=The-man-who-took-the-coat, or Jack (North-West Territories) 0.71; band_c00390=Kit-wan-cool (British Columbia) 0.41",
"The-man-who-took-the-coat Band, N.W.T. (No. 143.)",1896-1896,2,4,band,"The- -who-took-the-coat Band, N.W.T",143,,manitoba,band_c01348,The-man-who-took-the-coat or Jack.,,0.714,review_below_gate,"band_c01348=The-man-who-took-the-coat or Jack. (None) 0.71; band_c02418=The-man-who-took-the-coat, or Jack (North-West Territories) 0.71; band_c00390=Kit-wan-cool (British Columbia) 0.41",
WHITEFISH BAY INDIANS (Treaty 3) in Account with the Department of Indian Affairs,1887-1887,2,4,band,WHITEFISH BAY INDIANS (Treaty 3),,,,band_c02424,Treaty No. 6,North-West Territories,1.0,review_ambiguous,band_c02424=Treaty No. 6 (North-West Territories) 1.00; band_c02052=Whitefish Bay (Ontario) 1.00; band_c02408=Treaty No. 4 (North-West Territories) 1.00,
WYANDOTTES OF ANDERON,1886-1886,1,19,band,WYANDOTTES OF ANDERON,,,,band_c01908,Wyandottes of Anderdon,Ontario,0.927,review_ambiguous,band_c01908=Wyandottes of Anderdon (Ontario) 0.93; band_c01884=Wyandottes of Anderdon 2. (Ontario) 0.88; band_c01885=Wyandottes of Anderson 1 (Ontario) 0.88,
Wm. Simpson: -,1885-1885,1,4,band,Wm. Simpson: -,,,,band_c00381,Port Simpson,British Columbia,0.7,review_below_gate,band_c00381=Port Simpson (British Columbia) 0.70; band_c02573=Fort Simpson (North-West Territories) 0.70; band_c01075=Fort Simpson (Mackenzie River) 0.70,
