SchoolID,LocID,LocName,LocDesc
1,11,Carcross,"Point is on the site of the third Carcross residential school building (1944-1969) on the property. The building no longer exists. The earlier residential school buildings, 1913-1939 were situated at Latitude 60.176791, Longitude -134.684471, the first school building located on the same property was established in 1903, but the precise location is unknown. "
2,21,Coudert Hall,"Point is on the site of the Coudert Hall school building. The building no longer exists on the site. It was located on the south side of the Christ the King Elementary School in Whitehorse, YT"
3,31,Single Point,"Point is on the approximate location of the Shingle Point school. It was located in the Anglican Mission, situated 100 yards west of the Shingle Point Hudson Bay Post. "
4,41,Whitehorse Baptist,"Point is on the approximate location of the Whitehorse Baptist hostel. It was located between 4th and 5th avenues, between Hawkins and Lowe streets. The precise building where the hostel and the school were located is unknown. "
5,51,Yukon Hall,"Point is on the location of the Yukon Hall building which has been torn down. Yukon Hall was located at 11 Nisutlin Drive, Whitehorse, Yukon."
6,61,Immaculate Conception (Aklavik),Point is on the site of the Immaculate Conception Residential School building that was located in Lot 7. The school building no longer exists on the site. The mission house and church was located nearby in Lot 10. 
7,71,All Saints - Aklavik,Point is on the site of the  All Saints Indian Residential School in Aklavik that was located in Lots 34 and 35. The building no longer exists. 
8,81,Fleming Hall,"Point is on the site of Fleming Hall. Fleming hall opened in 1958 and closed in 1971. The recreation building has replaced the Fleming Hall Building. From 1955 to 1958, the hostel operated out of a private house owned by the Anglican Mission. The Anglican Church/Mission is situated at 67.439333 -134.885668. The Federal Day School (67.437213 -134.884155) that the students attended was across the road from the hostel, next to the RCMP detachment. "
9,91,Sacred Heart - Fort Providence,"Point is on the site of the residential school buildings that were at this location from 1912-1930 and 1930-1960. Prior to 1912 the school/convent was on the same property but not the same location. Some photos in the NCTR online archive show that the original school was attached to the old church. The maps from the 1910s and 1920s indicates that the cemetery was situated at 61.358288, -117.667991."
10,101,St. Joseph's - Fort Resolution,"Point is on the site of the residential school building in Fort Resolution that was used as the school from 1911 to 1957. The building no longer exists on the site. The first building that was used as the boarding school from 1903 to 1911 was located 50 metres southwest. The Roman Catholic cemetery is located at 61.173727, -113.681895. "
11,111,Bompas Hall,Point is on the building that was Bompas Hall (1960 to 1975). The building is now the Bompas Elementary School. Bompas Hall is situated across the road from Lapointe Hall (which has been demolished) and next to Thomas Simpson High School (formerly Fort Simpson Federal Day School).
12,121,Lapointe Hall,"Point is on the site of Lapointe Hall. The building has been torn down. Lapointe Hall was  located next to the Fort Simpson Federal Day School which is now the Thomas Simpson High School, and across the road from Bompas Hall which is now Bompas Elementary School"
13,131,Breynat Hall,Point is on Breynat Hall buildings that were constructed in 1957 and was used as a hostel until 1975. The buildings are now used as student housing for the Thebacha Campus of Aurora College.
14,141,Grandin College,"Point is on the buildings of the Grandin College (administrative building, boy's residence, chapel and recreation) that were opened in 1964. These buildings are now part of the Paul W. Kaeser High School complex. The original Grandin College building opened in 1960 was located 60.006228 -111.890555. In 1964, this building became the girl's residence of Grandin College. This building was torn down after 1988. "
15,151,Hay River,Point is on the Anglican Boarding School building that was opened in 1917 and closed in 1937. The building no longer exists. The original boarding school building was located closer to the church and near the bank of the river. The church is located at 60.857827 -115.723977. 
16,161,Grollier Hall,"Point is on the site of Grollier Hall. The building was torn down in 1998. It is on the same block as Stringer Hall and the Sir Alexander Mackenzie Federal School (Latitude 68.357371, Longitude -133.719193)."
17,171,Stringer Hall,"Point is on the site of Stringer Hall. The building no longer exists. It is in the same block as Grollier Hall and Sir Alexander Mackenzie Federal School (Latitude 68.357371, Longitude -133.719193)."
18,181,Akaitcho Hall,Point is on the site of Akaitcho Hall. The building has been torn down. It was situated on the south side of Sir John Franklin High School (former Federal School) which was constructed at the same time as Akaitcho Hall.
19,191,Chesterfield Inlet,"Point is situated on the site of Turquetil Hall, the hostel building in Chesterfield Inlet. The site is now the location of the Community Complex. The Sir Joseph Bernier School (former federal day school) was situated across the road at 63.340176, -90.700350. The school buildings are now used as a hotel. "
20,201,Federal Tent Hostel at Coppermine,"Point is on the site of the former Federal School in Kugluktuk (Coppermine) and the tent hostel that surrounded the school. The school was situated on former Lot 7, NW corner of Samuel Herne and Hikok Drive. "
21,211,Federal Hostel at Baker Lake,"Point is on one of the hostel buildings in Baker Laker (Building #20) and this building still exists. The other hostel building, which has been torn down, was located 40 metres north (Building #19). The Federal school was situated at 64.318507 -96.020349. "
22,221,Federal Hostel at Belcher Islands,"Point is on site of the former Federal School in South Camp, Belcher Islands. The hostels buildings were adjacent to the school."
23,231,Federal Hostel at Broughton Island,"Point is on the site of the former Federal School in Qikiqtarjuak (Broughton Island). There were three small hostel buildings constructed nearby the school, but the location of the hostels are unknown. "
24,241,Federal Hostel at Cambridge Bay,"Point is on the building known as the ""old hostel"" in Cambridge Bay. The old hostel was one of the hostel buildings associated with the schools in Cambridge Bay. The schools and other hostels were located in the same property and block. "
25,251,Federal Hostel at Cape Dorset,Point is on the site of one of the three hostel buildings. The other two hostels and the federal school buildings were within 50 metres this point. The site now houses the Peter Pisteolak Elementary School and the health centre.
26,261,Federal Hostel at Eskimo Point,Point is on the site of the former federal school building. The hostel was located in the same block on the east side of the school building. The Arviat Health Centre is on the site of the federal school and the Glad Tidings Church is on the site of the hostel.
27,271,Federal Hostel at Frobisher Bay,"Point is on the Ukkivik (Nunatta) Residence ""Old Res"" buildings that was the Federal Hostel buildings in Iqaluit from 1971 to 1992. The students attended the Gordon Robertson Education Centre which was renamed Inuksuk High School. Inuksuk High School is located at Latitude 63.749247, Longitude -68.514322. "
28,281,Federal Hostels at Igloolik,"Point is on the site of the two former hostel buildings in Igloolik. The Federal Day School was located next to the Hamlet Offices along the main road at 69.376605, -81.797168."
29,291,Federal Hostel at Lake Harbour,Point is on the site of the former federal school in Lake Harbour (Kimmirut). The hostel was adjacent to the school building. The day care is now located where the hostel was situated. 
30,301,Federal Hostel at Pangnirtung,Point is on the site of the former federal school building. The hostel was located in the SE corner of the same block. The Attagoyuk Ilisavik School (High School) is now located in the same block. 
31,311,Federal Hostel at Pond Inlet ,Point is on the site of the former hostel buildings. The buildings are still present. The federal school was located 100 metres north east of the hostels. The Ulaajuk School Elementary School is on the same site as the former federal school.
32,321,Ahousaht,Point is on the site of the Ahousaht Indian Residential School building that closed in 1940. The main school building no longer exists. The property is situated south of the community of Marktosis.
33,331,Alberni,Point is on the site of Alberni Residential School dormitory building that was built in 1939 and demolished in 1983. 
34,341,Cariboo ,"Point is on the site of the Cariboo Residential School building that opened in 1955 and closed in 1988. The school was on the grounds of the St. Joseph's Mission. There were several school builidings on the property throughout the history of the school. Most of the buildings that were used by the school have been torn down, with the exception of the barn and couple of houses. The cemetery is located 52.061647 -121.952022. The church was located on the north side of the cemetery. "
35,351,Christie (First Location),Point is on the site of the main building at the first location of the Christie Residential School in the Kakawis area. The school was located 1.6 kilometres north of community of Opisat. 
35,352,Christie (Second Location),Point is on the main building of the second location of the Christie Residential School. The school buildings no longer exists. The school property is now part of the Tin Wis First Nation and houses a hotel and the offices of the First Nation. 
36,361,Coqualeetza ,"Point is on the site of the main building of Coqualeetza Residential School building that was built in 1924 and used until the school closed in 1940. The main school building no longer exists on the site. The previous building (1894-1924) was located on the east side of the building that was opened in 1924. The site and buildings were used by the Coqualeetza Indian Hospital from 1941 to 1969. In the early 1970s, the Stolo Nation took control of the land and the buildings. The Coqualeetza Cultural Education Centre is now on the site of the former residential school."
37,371,Cranbrook ,Point is on the Cranbrooke (St. Eugene's) Residential School building that was built in 1912. The residential school was built at St. Eugene Mission on the St. Mary's Indian Reserve. The original school building and lands are now used as the St. Eugene Golf Resort and Casino. The mission cemetery is located 100 metres southwest of the school building and the church is located 200 east of the school building.
38,381,Kamloops,Point is on the Kamloops Residential School building that was constructed in the 1920s and opened in 1929. The building is now used as an administrative building for the Tk’emlúps the Secwépemc First Nation. The original school buildings (1890-1925) were located about 100 metres northwest of the school building that opened in 1925.
39,391,Kitimaat ,"Point is on the site of the Elizabeth Long Memorial School building (Kitimaat Residential School), which was built in 1908 and closed in 1941. The building has since been torn down. The original boarding school building (1894-1906) was on the same site. "
40,401,Kuper Island,Point is on the site of the Kuper Island Residential school building that was built in mid 1910s and closed in 1975. The building is no longer present on the site. The original school buildings (1890 to 1913) were located about 150 metres south along the shore.
41,411,Lejac (Stuart Lake Location),"Point is on the site of one of the buildings at Stuart Lake Mission school, in Fort St. James. The school was at this location from 1917 to 1992. The largest building was the boy's residence. Next to that is the classroom building and the adjoining girls' residence. The school is located between the church and the cemetery."
41,412,Lejac (Fraser Lake),Point is on the site of the main building of the Lejac Residential School. The building was constructed in 1922 and closed in 1976. The building no longer exists. There is a graveyard on the property located at 54.06421 -124.760289.
42,421,Lower Post,"Point is on the site of the main building of the Lower Post Residential School (1951-1975). Most of the school building has been torn down. As of 2017, one part of the school building remains and is being used by the Daylu Dena Council."
43,431,Port Simpson (Crosby Home for Girls'),Point is on the location of the Crosby Home for Girls (1892-1948). The property was acquired in 1890 and the original school was built in 1891 and burnt down in 1921. In 1923 a new school/dormitory was built on the same site. From 1878 to 1892 the Crosby Home for Girls was located in the Methodist Mission lot. Across the street from the Church and adjacent to what later became the Port Simpson Home for Boys.
43,432,Port Simpson (Crosby Home for Boys'),"Point is on the site of the Methodist Mission in Port Simpson. On this block/lot was the Boy's Home on the south side (1902-1914), mission house (central part of lot) and the Crosby Home for Girls (1879 until 1892)."
44,441,St. George's ,"Point is on the site of the main residential school building that was constructed in 1927 and burnt down in 1982. The church is the only building that remains from the school. The first school and chapel, 1901 to 1926, were located nearby at 50.260579, -121.592429."
45,451,"St. Mary's (Mission, 1st and 2nd Location)","Point is on the site of the St. Mary's Indian Residential School (1884-1961), specifically the three story building that was used as the mission house, boy's dormitory, chapel and a classroom. The girls dormitory, built in 1884, was located 100 metres north-east of the mission house. Numerous farm and workshop building were constructed in 1880s. From 1863 to 1884, the mission and school was located below the hill from the cemetery along the river at approximately 49.13816 -122.281571. "
45,453,"St. Mary's (Mission, 3rd Location)","Point is on the site of the St. Mary's Indian Residential School building from 1961 to 1984. In 2005, the land and buildings were returned to the Sto:lo Nation and the land regained its Sto:lo name, Pekw'xe:Yles. "
46,461,St. Michael's - Alert Bay,"Point is on the main residential school building that was constructed in 1929 and used as a school until 1974. A ceremony was held in February 2015 to mark the demolition of the school building. Prior to 1927, there was a boy's residential building and girl's residential building on the same site. "
47,471,Sechelt,"Point is on the site of the main building of the Sechelt Residential School. It was constructed in 1922 and torn down in the mid 1970s. The school property was situated in Lot 74 on 4 acres of land. The first school built in 1904 and burnt down in 1917 and the temporary buildings (1917-1923) were situated on the same site. The House of héwhiwus, government, education and cultural centre are now located on the site. "
48,481,St. Paul's - North Vancouver,Point is on the site of the main building of the St. Paul's Indian Residential School (Squamish Indian Residential School). The school building was demolished in the late 1950s or early 1960s.
49,491,Assumption,"Point is on the site of the school building of the Assumption Indian Residential School. The building has been demolished. The school property is situated in Chateh, AB on Lot 1, north of Sousa creek. "
50,501,Blue Quills (First Location),Point is on the site of the first location of the Blue Quill's Indian Residential School (Saddle Lake-Blue Quill's Mission). The mission was situated 6 miles southwest of Saddle Lake and one mile north of the river. The point is on the site of the mission church. The cemetery is situated 300 metres north. 
50,502,Blue Quills (Second Location),Point is on the site of the main building of the Blue Quills indian Residential School. This site was the second location of the Blue Quills school. The buildings are now the Blue Quills First Nation's College. 
51,512,Crowfoot (Second Location),"Point is on the site of the main building of the Crowfoot Indian Residential School that was opened in 1912 and closed in 1968, and has since been torn down. This was the second location of the Crowfoot Indian Residential School."
51,511,Crowfoot (First Location),"Point is on the approximate site of the first location of the Crowfoot Indian Residential school. The school site was located at Blackfoot Crossing, on the north side of the Bow River. "
52,521,Desmarais,Point is on the site of the main building of the Desmarais Indian Residential School. The building has been demolished. The site is now the location of the Northern Lakes College Wabasca Campus.
53,531,Edmonton ,Point is on the site of the main building of the Edmonton Indian Residential School. The building no longer exists. The property of the school now contains the St. Albert's Catholic Cemetery and Poundmaker's Lodge Treatment Centre 
54,541,Ermineskin,Point is on the site of the main building (1956-1968) of the Ermineskin Indian Residential School. The second residential school building (1939-1956) on this property was located at 52.839355000 -113.4593280000. The location of the original school buildings (1898-1939) was 50 metres north of the second location. 
55,551,Fort Vermilion ,Point is on the site of the convent building that was used as the St. Henri Residential School. It was on River Road between 45th Street and 47th Street in Fort Vermillion. 
56,561,Grouard,"Point is on the building that was used as the boys' residence of the Grouard Residential School. Currently the building is part of the North Lakes College, Grouard Campus. The school was located on the grounds of the Grouard Roman Catholic Mission. The church is still stands and the girls' residence (convent) located on the south side of the church has been torn down. "
57,571,Holy Angels,"Point is on the site of the building that was used as the Holy Angels Indian Residential School. The building has been torn down. The school property was part of the Roman Catholic Mission site, formerly Lot 36, currently lot 2A. "
58,581,Joussard,Point is on the site of the convent building that was part of the Joussard Indian Residential School. All of the school buildings have been torn down. The school site is located on the east side of Mission Creek. Imagery in Google Maps and Google Earth show a cemetery located in the NW corner of the property. 
59,591,Lac La Biche,Point is on the site of the convent building that was used as the Lac La Biche school. The convent is located on the Lac La Biche Mission property. 
60,601,Lesser Slave Lake," Point is on the Lesser Slave Lake residential school site. The school was located on the south end of Lot 64, Section 13, Township 76, Range 15, about 300m west of the Kapawe'no No. 150C reserve boundary."
61,611,Morley,Point is on the site of the main building of the Morley Indian Residential school buildings that were torn down in 1976. The Morley Community School (Secondary School) is situated on the same location as the residential school building.
62,623,Old Sun (Second Location),Point is on the residential school building that was constructed in 1928. The building is currently (2018) one of the buildings at the Old Sun Community College. The school building from 1912-1928 was located on the north side of the current building.
62,622,White Eagle (Branch location of Old Sun),"Point is on the approximate location of the White Eagle school. The school was located on the east side of a bend in the Bow River and south of the ridge, about a 1.0 miles west of the first location of the Crowfoot School. Location point is the approximate location of the school. On Air photo A10426-200, there is a building on the site and a boat landing at 50.8013889, -112.9187778. The White Eagle school merged with the Old Sun school in 1901. "
62,621,Old Sun (First Location),"Point is on the approximate location of the first site of the Old Suns' school (1886-1912). It was located on the east bank of the Bow River to the south of the irrigation channel and to the west of the ridge. Air photo A10449-413 shows a building at the location, foundations of at least four buildings, and a row trees. "
63,631,Sacred Heart - Piikani,"Point is on the site of the main school building of the Sacred Heart (Peigan) Indian Residential School. The building was demolished 1963. The school property was located at SW Section 7, Township 7, Range 27, West 4th Meridian. "
64,641,St. Albert,Point is on the site of the Youviille (St. Albert) residential school building that was built in 1920s. The building was demolished in the 1950s or 1960s. Today (2018) the Covenant Health Youville Home is located on the site. 
65,651,St. Augustine,Point is on the site of the St. Augustine residential school building. It was located to the eastside of the church. The cemetery and church are present on the site and part of the mission site now the Peace River Correctional Institute.
66,663,St. Cyprian's (Third Location of St. Cyprian's),Point is on the site of the main school building of Peigan/St. Cyprian Indian Residential School. The buildings no longer exist on the property. 
66,662,Queen Victoria Jubillee Home (Second Location of St. Cyprian's),Point is on the site of the Queen Victoria Jubilee Home (Peigan School). There is a monument in the field that marks the location of the school. This was the second location of the school that became St. Cyprian's. 
66,661,St. Peter's (First Location of St. Cyprian's),"Point is on the approximate location of the St. Peter's Mission School, the first location of the Peigan/St. Cyprian School. St. Peter's Mission was located near the mouth of Olsen Creek and about a mile to the east of the Agency buildings. "
67,671,St. Joseph's - Dunbow,"Point is on the site of the St. Joseph's Residential School. The school was located on the west bank of High River, 1.8km SW of its confluence with the Bow River. The precise location of the buildings are not known, but are within 100 metres of this point."
68,682,St. Mary's -  Kainai (First Location),"Point is on the site of St. Mary's Mission Site, the first location of St. Mary's (Blood Roman Catholic) Indian Residential School. The school and mission was located to the west of the Standoff on the south side of the river. There were several school building on this site. "
68,681,St. Mary's - Kanai (Second Location),"Point is on the second site of St. Mary's (Blood Roman Catholic) Residential School, specifically the main school building that opened in 1926 and closed in 1988. The buildings were recently used as the Red Crow Community College and the building burnt down in 2015. "
69,691,St. Paul's - Kainai (First Location),"Point is on the site of first location of the St. Paul's (Blood Church of England) Indian Residential School, that was at this location from 1893-1925. The school grounds were located on an island opposite from the Blood Agency. "
69,692,St. Paul's - Kainai (Second Location),"Point is on the main school building of the St. Paul's Residential School, that was at this site from 1925 to 1975. The residential school was located on Section 23, Township 3, Range 26, 4th Meridian. The building and property currently (2018) houses the St. Paul's Treatment Centre. "
70,701,Sacree,Point is on the site of the main building of the Sacree Indian Residential School. The building has been torn down. The school grounds are north of Old Agency Road to the east of the Anglican Church. 
71,711,Sturgeon Lake,"Point is on the site of the convent building of Sturgeon Lake (St-Francois-Xavier) Residential School. The building no longer exists. The convent/school was located south of St. Francis Xavier church, on the north side of the road. "
72,721,Wabasca,Point is on the site of the school building of the Wabasca Indian Residential School. The school was situated near St. Theresa School on Neewatin Drive in Wabasca. The original buildings no longer exist on the site.
73,731,Whitefish Lake,"Point is on the site of the Whitefish Lake Indian Residential School grounds, which was in lot 4 of the Atikameg Settlement. The site is located between Imugumuk road and the shoreline. None of the original buildings remain on the property. There is a cemetery located on the west side of Imugumuk road."
74,742,Île à la Crosse,Point on the site of school building that was used as the Ile à la Crosse Residential school until 1906. The school moved to Beauval in 1906. The Ile à la Crosse school reopened as a Métis Residential School in 1917. The building burnt down in the early 1920s. After 1920s there were several school buildings built on this same site and used as a Metis residential school until the 1970s. 
74,741,Beauval,"Point is on the site of the second residential school building on the property (1932-1994). The original residential school building on this property was opened in 1906 and burnt down in 1927. It was located approximately 100 metres southeast, along Blec road near the landing. Early air photos indicate there is a graveyard located at 55.156038, -107.578898. "
75,751,Crowstand,Point is on the site of the former residential school property. The exact location of the school buildings is unknown. The school site is now a farmstead.
76,761,File Hills,Point is on the site of the former residential school building. The main school building and other buildings were demolished in the 1950s. The school site is now a subdivision of the Okanese First Nations.
77,772,Gordon's (First Location),Point is on the site of the original Gordon's boarding school building. It operated from 1876 to 1922.
77,771,Gordon's (Second Location),Point is on the site of the residential school building that was built in 1929 and torn down in 1996. The original school building on the site built in 1922 and burnt down in 1929 was situated 50 metres north of this point.
78,781,Lebret,"Point is on the site of the main school and residential building that was built in 1935 and demolished in 1999. This was the third residential school building that was on this property. The location of the first industrial school building, built in 1884 to burnt down in 1904, is within 50 metres of the third school building. The second school building built in 1906 and burnt down in 1932 at the same spot as the third school building. "
79,791,Marieval,"Point is on the site of the original residential school building that was built in 1898 and torn down in 1999. At present (2018), there are five buildings on the site that were part of the original school complex. "
80,801,Muscowequan,Point is on the main school building. 
81,811,"Prince Albert (formerly All Saints, St. Albans and St. Barnabas)","Point is on the main classroom building that was part of the Prince Albert Residential School. In 1982 the school lands was transferred to the Opawakoscikan Indian Reserve and the reserve was renamed the Chief Joseph Custer Reserve. Numerous buildings that were used by the residential school have been converted into housing, services, and offices for the community."
81,814,St. Barnabas (First Location),Point is on the site of the school building that was part of the St. Barnabas (Church of England) Mission. This was the first location of the St. Barnabas Residential School.
81,813,St. Barnabas (Second Location),"Point is on site of the main building of the second location of St. Barnabas Residential School, which operated at this location from 1926 to 1943. The school building burnt down in 1948. None of the original buildings remain on the site. The tree lined lane leading to the school is present, as well as the path down to the lake. "
81,812,St. Alban's (Formerly St. Barnabas),"Point is on the site of the St. Alban's residential school building in Prince Albert. The St. Alban's Residential School operated in this building from 1944 until 1951. In 1951, the school closed and amalgamated with Prince Albert Residential School. The building was originally the St. Alban's Ladies College and built in the 1890s. In the 1930s, the building was used as the St. George's School for Boys. "
81,815,All Saints - Lac La Ronge,"Point is on the site of the main school building of the All Saints Residential School (La Ronge School). The school building was constructed in 1922 and burnt down in 1947. All that remains is part of a stone fence or foundation. The original school building (1906 to 1920) was on the same property, although closer to the lake shore."
82,821,Regina,"Point is on the site of the former residential building that burnt down in 1948. The only feature of the school that remains is the cemetery at 50.468522, -104.709420. The site is now the Paul Dojack Youth Detention Centre"
83,831,Round Lake,Point is on the site of the former residential school building that is no longer present. The principal's house and the original barn remain on the property. 
84,841,St. Anthony's (First Location),"Point is on the site of the first location (building) of Anthony's school, which operated at this location from 1894 to 1927. The building is no longer present."
84,842,St. Anthony's (Second Location),Point is on the site of the main building of the second location St. Anthony's Residential School near Onion Lake. The building is no longer present. The semi-circle driveway is still present.
85,851,St. Michael's - Duck Lake,"Point is on the site of the main school building of St. Michael's Indian Residential School (Duck Lake) that was built in 1925 and closed in 1996. The original school building, 1894-1925, was located about 1 km west, along the road of the south half of the SW Quarter, Section 4, Township 44, Range 2, W3M. "
86,861,St. Philip's ,Point is on the site of the main building of the St. Philip's Residential School. The building no longer exists but the remains of the foundation are still present. 
87,871,Sturgeon Landing ,Point is on the site of the main school building of the Sturgeon Landing Indian Residential School. The building burnt down in 1953. The school was on the west side of the river next to rapids and east of the trail.
88,881,Thunderchild,Point is on the site of the Thunderchild (St.Henri) Residential school building. The school burnt down in 1948.
89,891,Assiniboia ,"Point is on the classroom building that was part of the Assinboine Residential School. The main school and residential building was situated at 49.875060, -97.200326 and has been torn down. The Assiniboine Residential School was located on 621 Academy Road, Winnipeg, Manitoba. The remaining building is now used by the Canadian Centre for Child Protection and the west part of the property is used by the RCMP."
90,901,Birtle (First Location),Point is on the approximate site of the first location of the Birtle Indian Residential School. The site may be adjacent or underneath the highway.
90,903,Birtle (Third Location),Point is on the main school building of the third location of the Birtle Indian Residential School. The ruins of the building remain on the site as of 2018. 
90,902,Birtle (Second Location),"Point is on the second site of the Birtle Residential School, specifically the site of the main school building that was opened in 1893 and closed in 1931. "
91,911,Brandon,Point is on the site of the main residential school building. The building has been demolished.
92,921,Churchill ,Point is on the site of the Churchill Vocational Centre (CVC) building. The CVC was the school that was attended by the students living in the hostel. The hostel was located 50 metres to the east at 58.755906000 -94.0722990000. The school buildings and hostel buildings were located in a former military complex on the north side of the Churchill Airport. The buildings no longer exist.
93,931,"Cross Lake (Jack River Annex, 1930-1940, 1943-1960","Point is on the site of the main building of the Jack River Annex of the Cross Lake Residential School. The building were used by the Cross Lake Residential School from 1930-1940, 1943-1960 (Jack River Annex). From 1960-1967, the dormitory building became the Notre Dame Hostel. The original mission buildings were located at the same site and were used as the Norway House/Cross Lake Roman Catholic Residential school from 1914-1916."
93,932,Cross Lake (Cross Lake Location 1940-1968),Point is on the site of the main residential school building of the Cross Lake Residential School that was opened in the 1940s and was ceased to be used as a school in 1969. The original school building (1914-1930) was located adjacent to this point. 
93,932,Cross Lake (Cross Lake Location 1914-1930),Point is on the site of the main residential school building that was opened in 1914 and burnt down in 1930. 
93,931,"Cross Lake (Norway House Roman Catholic Mission Location, 1911-1914) ",Point is the site of the main school buildings of the Norway House Roman Catholic Mission/Jack River Annex. The original mission buildings were located at the same site and were used as the Norway House/Cross Lake Roman Catholic Residential school from 1914-1916.
93,933,"Cross Lake (Cross Lake Mission Location, 1930-1940)","Point is on the approximate location of the Cross Lake Mission, which was within 500 metres of this point. Part of the Cross Lake School was located at this mission from 1930-1940. The other part was located in Jack River. There is limited documentation available about the precise location of the mission. Local knowledge is required to confirm the location."
94,941,McKay (First Location),"Point is on the site of main building of the first location of the Mackay Indian Residential School. The building opened in 1914 and burnt down in 1933. The school grounds were located Fisher Island, Opaskawaya Cree Nation 21F. The school was re-established in Dauphin in 1957."
94,942,McKay (Second Location),Point is on the main building that was used by the Mackay Indian Residential School from 1957 to 1988. The school complex is on the west side of Ida Street between Whitmore Avenue and Pioneer Avenues. The buildings and property are owned by Dauphin Church of Christ and is now called Parkland Crossing.
95,951,Elkhorn,"Point is on the site of the Elkhorn residential school building. It was located on the west side of Elkhorn Manitoba, north of Richhill Avenue, south west of Hopps Avenue. The ruins of the school building are present on the site and several of the original buildings still stand on the former school property."
96,961,Fort Alexander,Point is on the site of the Fort Alexander residential school building that was demolished in 1972. The school building and adjacent buildings were located on Lot 60A on the Fort Alexander Reserve. The school was located between Highway 11 and the Winnipeg River. The cemetery is located at 50.617099000 -96.3084080000.
97,971,Fort Pelly,Point is on the site of the Fort Pelly Boarding School building which was located on the north side of the St. Philip's Church. The school closed in 1913. The building no longer exists.
98,981,Guy Hill (First Location),"Point is on the site of the convent building that was used as the Girl's dormitory, dining hall, kitchen, and laundry facilities for the Guy Indian Residential School. The school moved to this location from Sturgeon Landing in 1952. The school used several buildings on the Roman Catholic church property in the Pas from 1952 to 1958."
98,982,Guy Hill (Second Location),Point is on the site of the main building of the second location of the Guy Hill Residential School. The building is no longer present.
99,991,Norway House,"Point is on the site of the third residential school building that was opened in 1954 and closed in 1967. This school building was constructed directly over the foundation of the second residential school building. The second school was opened in 1914 and burnt down in 1946. The first school building, constructed in 1899 and burnt down in 1913 was located approximately 50 metres east from the second/third location. "
100,1001,Pine Creek,"Point is on the site of the main building of the Pine Creek Residential School. The building opened in 1899 and was used until 1969. The building no longer stands. To the north of the school is the church (which still stands), and to north of the church is the cemetery. According to early plans the original boarding school building (1894-1899) was on the south side of the cemetery near the road. "
101,1011,Portage la Prairie (Second Location,"Point is on the main residential school building of the Portage La Prairie Residential School. The building was built in 1915 and used by the school until 1975. Building is now called the Rufus Prince Building which is home of the Dakota Ojibway Police Services, Long Plain First Nation Trust, LPFN Gaming Commission, and the Brandon University Teacher Education Program."
101,1012,Portage la Prairie (First Location),Point is on the approximate site of the first location of the Portage La Prairie Residential School. The school buildings were in use from 1891 until 1915. The property was east of the original post office near the edge of the town limits. 
102,1021,Sandy Bay,Point is on the site of the main residential school building of the Sandy Bay Residential School. The building was constructed in 1904 and torn down after the 1970s.
103,1031,Bishop Horden Hall,"Point is on the site of Horden Hall, the Moose Factory Residential School building that was on this site from 1953 to 1976. Today, the Ministik Public School is on the same site of Horden Hall. On the same property, the school building (1937-1953) was located 50 meters south at 51.249336, -80.613483. From 1912 to 1937, the school was located at 51.250402, -80.612444 . The first location of the school (1905-1911) was in the Bishop's Residence. "
104,1041,Shoal Lake (First Location of Cecilia Jeffrey),Point is on the site of the Shoal Lake Residential school building. The school was at this site from 1902 to 1929. This was the first location of what would become the Cecilia Jeffrey Residential School. The school moved to Kenora in 1929.
104,1042,Cecilia Jeffrey (Second Location of Cecilia Jeffrey),Point is on the site of the Cecilia Jeffrey Residential School building in Kenora. This was the second location of the school. The school opened in 1929 and closed in 1976. The buildings have been torn down. 
105,1051,Chapleau (First Location),Point is on the approximate site of the first location of the Chapleau (St. John's) Residential School. The building is located within 50 metres of this point. The school was on the east of Chapleau on the east side of Nebskwashi River.
105,1052,Chapleau (Second Location),Point is on the site of the second location of the Chapleau Residential School. The building opened in 1920 and the school closed in 1948. The building was torn down in the early 1950s. 
106,1061,Fort Frances,Point is on the site of main school building of the Fort Frances Residential School. The school was established in 1906 and closed in 1974. The residential school building is no longer present. The original church building and cemetery are on the site. 
107,1072,Fort William (Second Location),Point is on the site of the St. Joseph's (Fort William) Residential School that was located on the north west corner of Franklin and Albert in Thunder Bay. This was the second location of the Fort William School. The building is no longer present.
107,1071,Fort William (First Location),Point is on approximate site of the Roman Catholic Mission that was the site of the first location of the St. Joseph's (Fort William) Residential School. It was located on the south shore of the Kaministiquia River east of Darrel Avenue. Land was sold to the CPR in 1906.
108,1081,McIntosh,"Point is on the site of the main residential school building of the McIntosh Residential School. The building was constructed in the 1920s and burnt down in 1965. There were several buildings built on the property from 1932 until the late 1960s. From 1965 until the school closed in 1969, the classroom block was used as the residence building."
109,1091,Mohawk Institute,"Point is on the main residential school building of the Mohawk institute. The building is now used by the Woodland Cultural Centre, located at 184 Mohawk St, in Brantford."
110,1101,Mount Elgin,Point is on the site of the main building of the Mt. Elgin Institute that was constructed in 1890s and was torn down in the 1950s. The only building that remains on the site is one of the barns. The Mount Elgin Institute was located a couple of kilometres south of Muncey on the Chippewas of the Thames First Nation No. 42. 
111,1111,Pelican Lake ,Point is on the site of the main school building of the Sioux Lookout / Pelican Lake Residential School. The building has been demolished. The school buildings were located on a point jutting out into the lake. Today it is property of the Pelican Falls First Nations High School.
112,1121,Poplar Hill,Point is on the site of the main residence building of the Pelican Lake Residential School. There were up to 13 buildings on the school campus. All of the buildings have been torn down. The school was located on a point of land along the Berens River on the opposite shore of the First Nation's community of Poplar Hill.
113,1131,St. Anne's (First Location),"Point is on the site of the Fort Albany Roman Catholic Mission, the first location of the Ste. Anne's Residential School. The mission was on the east side of the Fort Albany HBC Post on Albany Island. Location of the school buildings and church are within 50 metres of this point. The school was at this location from 1906 to 1932."
113,1132,St. Anne's (Second Location),Point is on the site of the main residential school buildings of the Ste. Anne's Residential School that were in use from 1932 until 1976. The first school building was constructed in 1932 and burnt down in 1939. The second residential school building was constructed in 1945 and was used as the school until 1976. The building has since been torn down. 
114,1141,St. Mary's - Kenora,Point is on the site of the main school building that was part of the St. Mary's Residential School. 
115,1151,Shingwauk ,"Point is on Shingwauk Hall, one of the main buildings of the Shingwauk Residential School. The campus and building are now part of Algoma University."
116,1161,"Wikwemikong Industrial School, Boys (First Location)",Point on the site of the convent/mission building that was used as the dormitories for the Boys' school from 1879 until 1913. The foundation of the building is still on the site. The Boys' school is on the same property as the Girls' school.
116,1162,Spanish Boys School (Second Location),Point on the site of the main school building of the Spanish Boys' School (Garnier). The building has been demolished.
117,1171,"Wikwemikong Industrial School, Girls (First Location)","Point is on the site of the two frame buildings used by the Girls' School mid 1880s until 1911. The school burnt down in 1911. It school was located further up the hill from church, convent, and cemetery. Girls' School is on the same property as the Boys' school."
117,1172,Spanish Girls School (Second Location) ,Point is on the main building of the Spanish Girls' School (St. Joseph's). The ruins of the building are still present on the site. 
118,1181,Amos ,"Point is on the site of the main building of the Amos Residential School. The school was located south of St-Marc-Figuery, near the south-east corner of Route 111 and Chemin des Riverains. T"
119,1191,Pointe Bleue,"Point is on the building that was used as the dormitories of the Pointe-Bleue Residential School, that is located in the centre of the community of Mashteuastsh (Pointe-Bleue). The classroom building was located on the north side of the building. Both buildings still stand."
120,1201,La Tuque,"Point is on the classroom building of the La Tuque Residential School, which was located on rue Brown in the town of La Tuque. In 2018, the building was used as a day care centre. Adjacent are the buildings that were formerly the staff residences and the principal's house. The dormitory building and chapel no longer exist. "
121,1211,Fort George Church of England,Point is on the site of the classroom building of the Fort-George Church of England Residential School. The classroom building was built in 1959 and was torn down in the early 1980s. The building was located 150 metres east of the Anglican Church. To the west of the point was the site of the first school building and subsequent dormitory building that was built in 1963. The mission and community moved to the Chisasibi town site in 1981.
122,1221,Fort George Roman Catholic,Point is on the site of the original school and dormitory buildings of the Ste-Therese/Fort-George Roman Catholic Residential School. All of the buildings were torn down by the early 1980s. The mission and community was moved to Chisasibi in 1981.
123,1231,Sept-Îles,"Point is on the site of the main residential school building that housed the dormitories, classrooms, and common spaces of the Sept-Iles Residential School. The building was demolished in the 1970s. The site is now used for the Innu-Nikamu Festival. It is located in the Innu community of Maliotenam."
124,1241,Federal Hostel at George River,Point is on the site of the community hall building in Kangirsualujjuaq (George River). The community hall building was used as the school when the hostel was in operation. The hostel was located in tents next to the community hall building. 
125,1251,Federal Hostel at Great Whale River ,"Point is on one of the buildings used as the hostel in Kuujjuarpik (Great Whale). In the 1960s, the two adjacent buildings were also used as hostels. The original school building still exists and is at 55.279371, -77.756286. "
126,1261,Federal Hostel at Payne Bay,Point is on the Northern Store in Kangirsuk (Payne Bay). The precise location of the hostel and the associated federal school is unknown. 
127,1271,Federal Hostel at Port Harrison ,"Point is on the site of the former Federal Day School. In 1962, one of the teachers residences located adjacent (west side) to the school was used as a hostel. The teacher's residence and school are on the air photos from 1964."
128,1281,Shubenacadie,Point is on the site of the main building of the Shubenacadie Residential School. The school building has been torn down. The three houses that were part of the grounds of the school are still on the site. 
129,1291,Notre Dame Hostel,"Point is on the site of the main building of the Jack River Annex of the Cross Lake Residential School. The buildings were used by the Cross Lake Residential School from 1930-1940, 1943-1960 (Jack River Annex). From 1960-1967, the dormitory building became the Notre Dame Hostel. The original mission buildings were located at the same site and were used as the Norway House/Cross Lake Roman Catholic Residential school from 1914-1916."
130,1301,Federal Hostel at Fort Franklin,Point is on the site of the hostel building that was opened in September 1967. The school building was located one block east at 65.185521 -123.418152.
131,1311,St. Paul's Hostel ,Point is on the site of the building that was the St. Paul Hostel from 1923 to 1950. The building was originally used as the Good Samaritan Hospital and it was located between Third and Fourth avenue on the south side of Church Street. The location of the original hostel building (1920-1923) is unknown.
132,1321,Anahim Lake Dormitory ,"Point is on the site of the Anahim Lake Federal Day school, which was the school for the Anahim Lake Dormitory. The dormitory was located on the same property. "
133,1331,Cote Improved Federal Day School ,"Point is on the approximate location (within 50 metres) of the Cote Improved Federal Day School. It was located west of the main north/south road in Badgerville. A cemetery is located nearby at 51.647972, -101.907111."
134,1341,Battleford Industrial School ,"Point is on the site of the Battleford Industrial School Building, that was in use as a school from 1883 to 1914. The ruins of the building are still present on the site. Prior to 1883 the building was the Government House of the Northwest Territories. After 1914 it was used by the Seventh Day Adventist Church, followed by the Oblates of Mary Immaculate. The building burnt down in 2003. The original property of the school was quite large encompassing a large portion of Battleford and agricultural lands nearby. There are several cemetery sites on the property."
135,1351,Fort George Hostels,"Point is on the approximate site of the Fort-George Hostels, that were located on the Anglican Church property. The buildings were 200 metres south of the school, which correlates with the buildings in survey plan 59966 CLSR QC. "
136,1361,Wawanosh Home for Girls,"Point is on the predicted location of the Wawanosh Home for Girls. According the Algoma Missionary News, the Wawanosh school was located 2.5 miles away from the Shingwauk school, easily located by the Northern Road. According to one source, ""History of the St. Luke's Parish"", the 1877-78, the Wawanosh Indian Residential School for Girls was built on the property now occupied by the Royal Canadian Legion and Willowgrove United Church"". The legion and church are next to the Great Northern Road and Willoughby Street. "
137,1371,Stirland Lake High School ,Point is on the site of the Stirland Lake High School campus. The Stirland Lake High School was a residential school that was located here from 1971 to 1991. Many of the buildings remain on the site.
138,1381,Cristal Lake High School,"Point is on the site of the Cristal Lake High School, which was located on the shore of Cristal Lake from 1976 to 1986. According to recent aerial imagery of the site, there are buildings present on the west side of the lake."
139,1391,Mistassini Hostels,"Point is on the site of the Federal School in Mistissini that was attended by the students. There were three residence (hostel) houses in the community the exact locations are unknown. In 2018, there is a school building present on the site. "
140,1401,Calgary Industrial School,"Point is on the site of the residential school building of the Calgary Industrial School. The school was located in the NE Quarter, Section 35, Township 23, Range 1, West 5th Meridian. There were several buildings on this site that were part of the school. After the school closed the buildings were used as a military facility. Today"
141,1411,Red Deer Industrial,"Point is on the site of the Red Deer Industrial School, that was situated in the southeast corner of Section 14 SE, Township 38, Range 28, West of the 4th Meridian. The property is now a privately owned farm. The school buildings were within 100 metres of this point. "
142,1421,McDougall Orphanage and Residential School (First Location),"Point is on the site of the Mission House that was used as the first site of the McDougall orphanage and school. The McDougall mission house was located below the ridge to the east of the McDougall Church, north of the river and west of the creek."
142,1422,McDougall Orphanage and Residential School (Second Location),"Point is on the site of the building that was second location of the McDougall Orphanage/School, which was in the McDougall Settlement. The school grounds were located between the north side of the Bow River Trail, south of the escarpment (ridge) and east of the property line of Lot 8 (Range Road 63A). "
143,1431,Rupert's Land Industrial School,"Point is on the site of the Rupert's Land Industrial School building that partially burnt down in 1908 and was transformed into a old folks home in 1910. The building is no longer on the site. Today, the property of the industrial school lands consists of the property of the Middle Church seniors residence, the properties to the east of the church, and hay lands on Lot 18 west of the highway. "
144,1442,St. Boniface Industrial School - Girl's Residence and School,Point is on the Grey Nuns' convent building that was used as the St. Boniface Industrial School for Girls and orphanage from 1889 until 1897. The school was merged with the Boy's school in 1897. The building was used as the mother house of the Grey Nuns and now is the Le Musée de Saint-Boniface Museum.
144,1441,St. Boniface Industrial School,Point is on the site of the St. Boniface Industrial School that opened in 1890 as a boy's residence of the school. It became a school for boys and girls school in 1897. The Industrial School closed in 1905. The building was used as the St. Famille Juniorat from 1905 to 1911 and it burnt down in 1911. 
145,1451,All Hallows' School for Girls,"Point is on the site of the All Hallows School for Girls'. It was in Lot 12 and Lot 13, next to the Pioneer cemetery. When the school closed the indigenous children were transferred to St. George's in Lytton."
