year,page,type,n_titles_on_page,heading_as_printed,chunk
1896,632,,0,,chunk_00_p632-637.txt
1896,633,,0,,chunk_00_p632-637.txt
1896,634,,0,,chunk_00_p632-637.txt
1896,635,,0,,chunk_00_p632-637.txt
1896,636,,0,,chunk_00_p632-637.txt
1896,637,,0,,chunk_00_p632-637.txt
1896,638,,0,,chunk_01_p638-643.txt
1896,639,,0,,chunk_01_p638-643.txt
1896,640,,0,,chunk_01_p638-643.txt
1896,641,,0,,chunk_01_p638-643.txt
1896,642,,0,,chunk_01_p638-643.txt
1896,643,,0,,chunk_01_p638-643.txt
1896,644,,0,,chunk_02_p644-649.txt
1896,645,,0,,chunk_02_p644-649.txt
1896,646,,0,,chunk_02_p644-649.txt
1896,647,,0,,chunk_02_p644-649.txt
1896,648,,0,,chunk_02_p644-649.txt
1896,649,,0,,chunk_02_p644-649.txt
1896,650,,0,,chunk_03_p650-655.txt
1896,651,,0,,chunk_03_p650-655.txt
1896,652,,0,,chunk_03_p650-655.txt
1896,653,,0,,chunk_03_p650-655.txt
1896,654,,0,,chunk_03_p650-655.txt
1896,655,,0,,chunk_03_p650-655.txt
1896,657,boarding,1,[header] School.     District  Teacher Denomination Salary                                       STANDARDS.,chunk_04_p657-660.txt
1896,658,boarding,0,,chunk_04_p657-660.txt
1896,659,boarding,0,,chunk_04_p657-660.txt
1896,660,end,1,[end] SUMMARY OF SCHOOL STATEMENT.,chunk_04_p657-660.txt
1896,666,,0,,chunk_05_p666-666.txt
1896,703,,0,,chunk_06_p703-703.txt
1896,705,,0,,chunk_07_p705-705.txt
1896,707,,0,,chunk_08_p707-707.txt
1896,709,,0,,chunk_09_p709-709.txt
1897,534,,0,,chunk_00_p534-539.txt
1897,535,,0,,chunk_00_p534-539.txt
1897,536,,0,,chunk_00_p534-539.txt
1897,537,,0,,chunk_00_p534-539.txt
1897,538,,0,,chunk_00_p534-539.txt
1897,539,,0,,chunk_00_p534-539.txt
1897,540,,0,,chunk_01_p540-542.txt
1897,541,,0,,chunk_01_p540-542.txt
1897,542,,0,,chunk_01_p540-542.txt
1897,543,,0,,chunk_02_p542-547.txt
1897,544,,0,,chunk_02_p542-547.txt
1897,545,,0,,chunk_02_p542-547.txt
1897,546,,0,,chunk_02_p542-547.txt
1897,547,,0,,chunk_02_p542-547.txt
1897,548,,0,,chunk_03_p548-548.txt
1897,549,,0,,chunk_04_p548-553.txt
1897,550,,0,,chunk_04_p548-553.txt
1897,551,,0,,chunk_04_p548-553.txt
1897,552,,0,,chunk_04_p548-553.txt
1897,553,,0,,chunk_04_p548-553.txt
1897,554,,0,,chunk_05_p554-559.txt
1897,555,,0,,chunk_05_p554-559.txt
1897,556,,0,,chunk_05_p554-559.txt
1897,557,,0,,chunk_05_p554-559.txt
1897,558,,0,,chunk_05_p554-559.txt
1897,559,,0,,chunk_05_p554-559.txt
1897,560,boarding,1,[header] School         District    Teacher     Denomination for Salary or                                        STANDA,chunk_06_p560-563.txt
1897,561,boarding,0,,chunk_06_p560-563.txt
1897,562,boarding,0,,chunk_06_p560-563.txt
1897,563,end,1,[end] SUMMARY OF SCHOOL STATEMENT.,chunk_06_p560-563.txt
1897,568,,0,,chunk_07_p568-569.txt
1897,569,,0,,chunk_07_p568-569.txt
1897,628,,0,,chunk_08_p628-632.txt
1897,629,,0,,chunk_08_p628-632.txt
1897,630,,0,,chunk_08_p628-632.txt
1897,631,,0,,chunk_08_p628-632.txt
1897,632,,0,,chunk_08_p628-632.txt
1897,633,,0,,chunk_09_p633-633.txt
1897,686,,0,,chunk_10_p686-688.txt
1897,687,,0,,chunk_10_p686-688.txt
1897,688,,0,,chunk_10_p686-688.txt
1897,690,,0,,chunk_12_p690-690.txt
1897,692,,0,,chunk_13_p692-692.txt
1897,694,,0,,chunk_14_p694-694.txt
1897,697,,0,,chunk_15_p697-697.txt
1897,699,,0,,chunk_16_p699-699.txt
1897,701,,0,,chunk_17_p701-701.txt
1897,703,,0,,chunk_18_p703-703.txt
1897,729,,0,,chunk_19_p729-731.txt
1897,730,,0,,chunk_19_p729-731.txt
1897,731,,0,,chunk_19_p729-731.txt
1897,798,,0,,chunk_20_p798-799.txt
1897,799,,0,,chunk_20_p798-799.txt
1898,598,day,1,"SHOWING the Condition of Indian Day Schools in the Dominion (from which Returns have been received), for the Year ended ",chunk_00_p598-603.txt
1898,599,day,0,,chunk_00_p598-603.txt
1898,600,day,0,,chunk_00_p598-603.txt
1898,601,day,0,,chunk_00_p598-603.txt
1898,602,day,0,,chunk_00_p598-603.txt
1898,603,day,0,,chunk_00_p598-603.txt
1898,604,day,0,,chunk_01_p604-609.txt
1898,605,day,0,,chunk_01_p604-609.txt
1898,606,day,0,,chunk_01_p604-609.txt
1898,607,day,0,,chunk_01_p604-609.txt
1898,608,day,0,,chunk_01_p604-609.txt
1898,609,day,0,,chunk_01_p604-609.txt
1898,610,day,0,,chunk_02_p610-615.txt
1898,611,day,0,,chunk_02_p610-615.txt
1898,612,day,0,,chunk_02_p610-615.txt
1898,613,day,0,,chunk_02_p610-615.txt
1898,614,day,0,,chunk_02_p610-615.txt
1898,615,day,0,,chunk_02_p610-615.txt
1898,616,day,0,,chunk_03_p616-621.txt
1898,617,day,0,,chunk_03_p616-621.txt
1898,618,day,0,,chunk_03_p616-621.txt
1898,619,boarding,1,[header] School.      District.   Teacher. Denomination. for Salary or Fund                                   STANDARD. ,chunk_03_p616-621.txt
1898,620,boarding,0,,chunk_03_p616-621.txt
1898,621,mixed,2,"SHOWING the Condition of Indian Boarding Schools, for the Year ended 30th June, 1898. || [header] School.       Situatio",chunk_03_p616-621.txt
1898,622,industrial,0,,chunk_04_p622-626.txt
1898,623,industrial,0,,chunk_04_p622-626.txt
1898,624,industrial,0,,chunk_04_p622-626.txt
1898,625,industrial,0,,chunk_04_p622-626.txt
1898,626,industrial,1,[header] School.    Situation. Principal. Denomination. Grant.                            STANDARD.                  Sch,chunk_04_p622-626.txt
1898,628,industrial,2,"SHOWING the Condition of Indian Industrial Schools in the Dominion for the Year ended 30th June, 1898.",chunk_05_p628-632.txt
1898,629,industrial,0,,chunk_05_p628-632.txt
1898,630,industrial,0,,chunk_05_p628-632.txt
1898,631,industrial,0,,chunk_05_p628-632.txt
1898,632,end,1,[end] SUMMARY OF SCHOOL STATEMENT.,chunk_05_p628-632.txt
1898,685,,0,,chunk_06_p685-690.txt
1898,686,,0,,chunk_06_p685-690.txt
1898,687,,0,,chunk_06_p685-690.txt
1898,688,,0,,chunk_06_p685-690.txt
1898,689,,0,,chunk_06_p685-690.txt
1898,690,,0,,chunk_06_p685-690.txt
1898,691,,0,,chunk_07_p691-696.txt
1898,692,,0,,chunk_07_p691-696.txt
1898,693,,0,,chunk_07_p691-696.txt
1898,694,,0,,chunk_07_p691-696.txt
1898,695,,0,,chunk_07_p691-696.txt
1898,696,,0,,chunk_07_p691-696.txt
1898,697,,0,,chunk_08_p697-698.txt
1898,698,,0,,chunk_08_p697-698.txt
1898,699,,0,,chunk_09_p698-703.txt
1898,700,,0,,chunk_09_p698-703.txt
1898,701,,0,,chunk_09_p698-703.txt
1898,702,,0,,chunk_09_p698-703.txt
1898,703,,0,,chunk_09_p698-703.txt
1898,704,,0,,chunk_10_p704-709.txt
1898,705,,0,,chunk_10_p704-709.txt
1898,706,,0,,chunk_10_p704-709.txt
1898,707,,0,,chunk_10_p704-709.txt
1898,708,,0,,chunk_10_p704-709.txt
1898,709,,0,,chunk_10_p704-709.txt
1898,710,,0,,chunk_11_p710-711.txt
1898,711,,0,,chunk_11_p710-711.txt
1898,759,,0,,chunk_12_p759-762.txt
1898,760,,0,,chunk_12_p759-762.txt
1898,761,,0,,chunk_12_p759-762.txt
1898,762,,0,,chunk_12_p759-762.txt
1898,763,,0,,chunk_13_p762-764.txt
1898,764,,0,,chunk_13_p762-764.txt
1898,766,,0,,chunk_14_p766-768.txt
1898,767,,0,,chunk_14_p766-768.txt
1898,768,,0,,chunk_14_p766-768.txt
1898,769,,0,,chunk_15_p769-771.txt
1898,770,,0,,chunk_15_p769-771.txt
1898,771,,0,,chunk_15_p769-771.txt
1898,772,,0,,chunk_16_p772-774.txt
1898,773,,0,,chunk_16_p772-774.txt
1898,774,,0,,chunk_16_p772-774.txt
1898,776,,0,,chunk_17_p776-778.txt
1898,777,,0,,chunk_17_p776-778.txt
1898,778,,0,,chunk_17_p776-778.txt
1898,784,,0,,chunk_18_p784-785.txt
1898,785,,0,,chunk_18_p784-785.txt
1898,788,,0,,chunk_19_p788-790.txt
1898,789,,0,,chunk_19_p788-790.txt
1898,790,,0,,chunk_19_p788-790.txt
1898,796,,0,,chunk_20_p796-798.txt
1898,797,,0,,chunk_20_p796-798.txt
1898,798,,0,,chunk_20_p796-798.txt
1898,868,,0,,chunk_21_p868-868.txt
1898,897,,0,,chunk_22_p897-897.txt
1898,898,,0,,chunk_23_p898-898.txt
1898,899,,0,,chunk_24_p898-899.txt
1898,900,,0,,chunk_25_p900-900.txt
1899,681,day,1,SHOWING the Condition of Indian Day Schools in the Dominion (from which Reports have been received) for,chunk_00_p681-685.txt
1899,682,day,0,,chunk_00_p681-685.txt
1899,683,day,0,,chunk_00_p681-685.txt
1899,684,day,0,,chunk_00_p681-685.txt
1899,685,day,0,,chunk_00_p681-685.txt
1899,686,day,0,,chunk_01_p685-689.txt
1899,687,day,0,,chunk_01_p685-689.txt
1899,688,day,0,,chunk_01_p685-689.txt
1899,689,day,0,,chunk_01_p685-689.txt
1899,690,day,0,,chunk_04_p689-691.txt
1899,691,day,0,,chunk_04_p689-691.txt
1899,692,day,0,,chunk_05_p691-693.txt
1899,693,day,0,,chunk_05_p691-693.txt
1899,694,day,0,,chunk_06_p693-697.txt
1899,695,day,0,,chunk_06_p693-697.txt
1899,696,day,0,,chunk_06_p693-697.txt
1899,697,day,0,,chunk_06_p693-697.txt
1899,698,day,0,,chunk_07_p697-701.txt
1899,699,day,0,,chunk_07_p697-701.txt
1899,700,day,0,,chunk_07_p697-701.txt
1899,701,mixed,2,"SHOWING the Condition of Indian Boarding Schools in the Dominion, for the year ended June 30, 1899. || [header] School. ",chunk_07_p697-701.txt
1899,702,industrial,0,,chunk_09_p701-706.txt
1899,703,industrial,0,,chunk_09_p701-706.txt
1899,704,industrial,0,,chunk_09_p701-706.txt
1899,705,industrial,1,[header] School.                   Situation.                                  Principal.            Denomination.,chunk_09_p701-706.txt
1899,706,industrial,0,,chunk_09_p701-706.txt
1899,707,industrial,0,,chunk_10_p707-707.txt
1899,708,industrial,0,,chunk_11_p707-712.txt
1899,709,industrial,0,,chunk_11_p707-712.txt
1899,710,industrial,0,,chunk_11_p707-712.txt
1899,711,end,1,[end] SUMMARY OF SCHOOL STATEMENT.,chunk_11_p707-712.txt
1899,712,end,0,,chunk_11_p707-712.txt
1899,716,,0,,chunk_12_p716-717.txt
1899,717,,0,,chunk_12_p716-717.txt
1899,805,,0,,chunk_13_p805-805.txt
1899,965,,0,,chunk_14_p965-966.txt
1899,966,,0,,chunk_14_p965-966.txt
1899,979,,0,,chunk_15_p979-979.txt
1899,985,,0,,chunk_16_p985-985.txt
1899,1016,,0,,chunk_17_p1016-1018.txt
1899,1017,,0,,chunk_17_p1016-1018.txt
1899,1018,,0,,chunk_17_p1016-1018.txt
1899,1019,,0,,chunk_18_p1018-1020.txt
1899,1020,,0,,chunk_18_p1018-1020.txt
1900,739,day,1,Showing the Condition of Indian Day Schools in the Dominion (from which Returns have been received) for the Year,chunk_00_p739-744.txt
1900,740,day,0,,chunk_00_p739-744.txt
1900,741,day,0,,chunk_00_p739-744.txt
1900,742,day,0,,chunk_00_p739-744.txt
1900,743,day,0,,chunk_00_p739-744.txt
1900,744,day,0,,chunk_00_p739-744.txt
1900,745,day,0,,chunk_02_p744-745.txt
1900,746,day,0,,chunk_03_p745-748.txt
1900,747,day,0,,chunk_03_p745-748.txt
1900,748,day,0,,chunk_03_p745-748.txt
1900,749,day,0,,chunk_05_p748-752.txt
1900,750,day,0,,chunk_05_p748-752.txt
1900,751,day,0,,chunk_05_p748-752.txt
1900,752,day,0,,chunk_05_p748-752.txt
1900,753,day,0,,chunk_06_p752-757.txt
1900,754,day,0,,chunk_06_p752-757.txt
1900,755,day,0,,chunk_06_p752-757.txt
1900,756,day,0,,chunk_06_p752-757.txt
1900,757,day,0,,chunk_06_p752-757.txt
1900,758,day,0,,chunk_07_p757-762.txt
1900,759,day,0,,chunk_07_p757-762.txt
1900,760,day,0,,chunk_07_p757-762.txt
1900,761,boarding,1,[header] School.                      District.                              Teacher.             Denomination.,chunk_07_p757-762.txt
1900,762,boarding,0,,chunk_07_p757-762.txt
1900,763,boarding,0,,chunk_08_p763-763.txt
1900,764,boarding,0,,chunk_09_p763-768.txt
1900,765,boarding,0,,chunk_09_p763-768.txt
1900,766,boarding,0,,chunk_09_p763-768.txt
1900,767,boarding,1,[header] School.                   District.                                    Teacher.             Denomination.,chunk_09_p763-768.txt
1900,768,boarding,0,,chunk_09_p763-768.txt
1900,769,boarding,0,,chunk_10_p769-769.txt
1900,770,boarding,0,,chunk_11_p769-774.txt
1900,771,boarding,0,,chunk_11_p769-774.txt
1900,772,boarding,0,,chunk_11_p769-774.txt
1900,773,end,1,[end] SUMMARY OF SCHOOL STATEMENT.,chunk_11_p769-774.txt
1900,774,end,0,,chunk_11_p769-774.txt
1900,778,,0,,chunk_12_p778-779.txt
1900,779,,0,,chunk_12_p778-779.txt
1900,977,,0,,chunk_13_p977-982.txt
1900,978,,0,,chunk_13_p977-982.txt
1900,979,,0,,chunk_13_p977-982.txt
1900,980,,0,,chunk_13_p977-982.txt
1900,981,,0,,chunk_13_p977-982.txt
1900,982,,0,,chunk_13_p977-982.txt
1900,1006,,0,,chunk_14_p1006-1006.txt
1900,1018,,0,,chunk_15_p1018-1018.txt
1900,1030,,0,,chunk_16_p1030-1030.txt
1900,1043,,0,,chunk_17_p1043-1043.txt
1900,1056,,0,,chunk_18_p1056-1056.txt
1900,1070,,0,,chunk_19_p1070-1070.txt
1900,1082,,0,,chunk_20_p1082-1083.txt
1900,1083,,0,,chunk_20_p1082-1083.txt
1900,1092,,0,,chunk_21_p1092-1093.txt
1900,1093,,0,,chunk_21_p1092-1093.txt
1900,1100,,0,,chunk_22_p1100-1102.txt
1900,1101,,0,,chunk_22_p1100-1102.txt
1900,1102,,0,,chunk_22_p1100-1102.txt
1900,1104,,0,,chunk_23_p1104-1104.txt
1900,1113,,0,,chunk_24_p1113-1113.txt
1900,1118,,0,,chunk_25_p1118-1120.txt
1900,1119,,0,,chunk_25_p1118-1120.txt
1900,1120,,0,,chunk_25_p1118-1120.txt
1900,1124,,0,,chunk_26_p1124-1126.txt
1900,1125,,0,,chunk_26_p1124-1126.txt
1900,1126,,0,,chunk_26_p1124-1126.txt
1900,1170,,0,,chunk_27_p1170-1171.txt
1900,1171,,0,,chunk_27_p1170-1171.txt
1900,1172,,0,,chunk_28_p1171-1172.txt
1900,1173,,0,,chunk_29_p1173-1173.txt
1901,703,day,1,SHOWING the Condition of Indian Day Schools in the Dominion (from which Returns have been received) for,chunk_00_p703-708.txt
1901,704,day,0,,chunk_00_p703-708.txt
1901,705,day,0,,chunk_00_p703-708.txt
1901,706,day,0,,chunk_00_p703-708.txt
1901,707,day,0,,chunk_00_p703-708.txt
1901,708,day,0,,chunk_00_p703-708.txt
1901,709,day,0,,chunk_01_p709-710.txt
1901,710,day,0,,chunk_01_p709-710.txt
1901,711,day,0,,chunk_04_p710-711.txt
1901,712,day,0,,chunk_05_p711-712.txt
1901,714,,0,,chunk_06_p714-716.txt
1901,715,,0,,chunk_06_p714-716.txt
1901,716,,0,,chunk_06_p714-716.txt
1901,717,,0,,chunk_07_p716-721.txt
1901,718,,0,,chunk_07_p716-721.txt
1901,719,,0,,chunk_07_p716-721.txt
1901,720,,0,,chunk_07_p716-721.txt
1901,721,,0,,chunk_07_p716-721.txt
1901,722,,0,,chunk_08_p722-726.txt
1901,723,,0,,chunk_08_p722-726.txt
1901,724,boarding,1,[header] School                       District                                     Teacher             Denomination,chunk_08_p722-726.txt
1901,725,boarding,0,,chunk_08_p722-726.txt
1901,726,mixed,2,"SHOWING the Condition of Indian Boarding Schools in the Dominion for the Year ended June 30, 1901. || [header] School.  ",chunk_08_p722-726.txt
1901,727,industrial,0,,chunk_10_p726-731.txt
1901,728,industrial,0,,chunk_10_p726-731.txt
1901,729,industrial,0,,chunk_10_p726-731.txt
1901,730,industrial,1,[header] School.                  Situation.                                     Principal.          Denomination.,chunk_10_p726-731.txt
1901,731,industrial,0,,chunk_10_p726-731.txt
1901,732,industrial,2,"SHOWING the Condition of Indian Industrial Schools in the Dominion for the Year ended June 30, 1901.",chunk_11_p732-732.txt
1901,733,industrial,0,,chunk_14_p732-734.txt
1901,734,industrial,0,,chunk_14_p732-734.txt
1901,742,,0,,chunk_15_p742-742.txt
1901,922,,0,,chunk_16_p922-922.txt
1901,951,,0,,chunk_17_p951-951.txt
1901,1061,,0,,chunk_18_p1061-1063.txt
1901,1062,,0,,chunk_18_p1061-1063.txt
1901,1063,,0,,chunk_18_p1061-1063.txt
1901,1064,,0,,chunk_19_p1063-1064.txt
1902,529,,0,,chunk_00_p529-532.txt
1902,530,,0,,chunk_00_p529-532.txt
1902,531,day,1,Statement of Day Schools in the Dominion (from which Returns,chunk_00_p529-532.txt
1902,532,day,0,,chunk_00_p529-532.txt
1902,533,day,1,Statement of Day Schools in the Dominion (from which Returns,chunk_01_p533-536.txt
1902,534,day,0,,chunk_01_p533-536.txt
1902,535,day,1,Statement of Day Schools in the Dominion (from which Returns,chunk_01_p533-536.txt
1902,536,day,0,,chunk_01_p533-536.txt
1902,537,day,1,Statement of Day Schools in the Domiaion (from which Returns,chunk_02_p537-540.txt
1902,538,day,0,,chunk_02_p537-540.txt
1902,539,mixed,2,Statement of Day Schools in the Dominion (from which || [header] School.                               District.        ,chunk_02_p537-540.txt
1902,540,boarding,0,,chunk_02_p537-540.txt
1902,541,mixed,2,Statement of Boarding Schools || [header] School.                                Situation.                             ,chunk_03_p541-544.txt
1902,542,industrial,1,[province restart] Ontario.,chunk_03_p541-544.txt
1902,543,mixed,2,Statement of Boarding Schools || [header] School.                           Situation.                                  ,chunk_03_p541-544.txt
1902,544,industrial,0,,chunk_03_p541-544.txt
1902,545,industrial,0,,chunk_04_p545-548.txt
1902,546,industrial,0,,chunk_04_p545-548.txt
1902,547,industrial,0,,chunk_04_p545-548.txt
1902,548,industrial,0,,chunk_04_p545-548.txt
1903,859,day,1,"STATEMENT of Day Schools in the Dominion (from which Returns have been received) for the Year ended June 30, 1903.",chunk_00_p859-864.txt
1903,860,day,0,,chunk_00_p859-864.txt
1903,861,day,0,,chunk_00_p859-864.txt
1903,862,day,0,,chunk_00_p859-864.txt
1903,863,day,0,,chunk_00_p859-864.txt
1903,864,day,0,,chunk_00_p859-864.txt
1903,865,day,0,,chunk_01_p865-870.txt
1903,866,day,0,,chunk_01_p865-870.txt
1903,867,day,0,,chunk_01_p865-870.txt
1903,868,day,0,,chunk_01_p865-870.txt
1903,869,day,0,,chunk_01_p865-870.txt
1903,870,day,0,,chunk_01_p865-870.txt
1903,871,day,0,,chunk_02_p871-876.txt
1903,872,day,0,,chunk_02_p871-876.txt
1903,873,day,0,,chunk_02_p871-876.txt
1903,874,day,0,,chunk_02_p871-876.txt
1903,875,day,0,,chunk_02_p871-876.txt
1903,876,day,0,,chunk_02_p871-876.txt
1903,877,day,0,,chunk_03_p877-882.txt
1903,878,mixed,2,"STATEMENT of Day Schools in the Dominion (from which Returns have been Received) for the Year ended June 30, 1902. || [h",chunk_03_p877-882.txt
1903,879,boarding,0,,chunk_03_p877-882.txt
1903,880,mixed,2,"STATEMENT of Boarding Schools in the Dominion for the year ended June 30, 1903. || [header] School      Situation    Pri",chunk_03_p877-882.txt
1903,881,industrial,0,,chunk_03_p877-882.txt
1903,882,industrial,0,,chunk_03_p877-882.txt
1903,883,industrial,0,,chunk_04_p883-888.txt
1903,884,industrial,1,[header] School          Situation        Principal     Denomination Grant                                   STANDARD   ,chunk_04_p883-888.txt
1903,885,industrial,0,,chunk_04_p883-888.txt
1903,886,industrial,0,,chunk_04_p883-888.txt
1903,887,industrial,0,,chunk_04_p883-888.txt
1903,888,industrial,2,"STATEMENT of Industrial Schools in the Dominion for the Year ended June 30, 1903.",chunk_04_p883-888.txt
1903,889,industrial,0,,chunk_05_p889-892.txt
1903,890,industrial,0,,chunk_05_p889-892.txt
1903,891,industrial,0,,chunk_05_p889-892.txt
1903,892,end,1,[end] SUMMARY OF SCHOOL STATEMENT,chunk_05_p889-892.txt
1903,898,,0,,chunk_06_p898-900.txt
1903,899,,0,,chunk_06_p898-900.txt
1903,900,,0,,chunk_06_p898-900.txt
1903,1049,,0,,chunk_07_p1049-1053.txt
1903,1050,,0,,chunk_07_p1049-1053.txt
1903,1051,,0,,chunk_07_p1049-1053.txt
1903,1052,,0,,chunk_07_p1049-1053.txt
1903,1053,,0,,chunk_07_p1049-1053.txt
1904,792,day,1,STATEMENT of Day Schools in the Dominion (from which Returns have been received) for the Year ended,chunk_00_p792-797.txt
1904,793,day,0,,chunk_00_p792-797.txt
1904,794,day,0,,chunk_00_p792-797.txt
1904,795,day,0,,chunk_00_p792-797.txt
1904,796,day,0,,chunk_00_p792-797.txt
1904,797,day,0,,chunk_00_p792-797.txt
1904,798,day,0,,chunk_01_p798-803.txt
1904,799,day,0,,chunk_01_p798-803.txt
1904,800,day,0,,chunk_01_p798-803.txt
1904,801,day,0,,chunk_01_p798-803.txt
1904,802,day,0,,chunk_01_p798-803.txt
1904,803,day,0,,chunk_01_p798-803.txt
1904,804,day,0,,chunk_02_p804-809.txt
1904,805,day,0,,chunk_02_p804-809.txt
1904,806,day,0,,chunk_02_p804-809.txt
1904,807,day,0,,chunk_02_p804-809.txt
1904,808,day,0,,chunk_02_p804-809.txt
1904,809,day,0,,chunk_02_p804-809.txt
1904,810,day,0,,chunk_07_p810-815.txt
1904,811,day,0,,chunk_07_p810-815.txt
1904,812,day,0,,chunk_07_p810-815.txt
1904,813,day,0,,chunk_07_p810-815.txt
1904,814,day,0,,chunk_07_p810-815.txt
1904,815,boarding,1,[header] School.                      District.                              Teacher.             Denomination.,chunk_07_p810-815.txt
1904,816,boarding,0,,chunk_08_p816-816.txt
1904,817,mixed,2,"STATEMENT of Boarding Schools in the Dominion for the Year ended June 30, 1904. || [header] School.            Situation",chunk_09_p817-822.txt
1904,818,industrial,0,,chunk_09_p817-822.txt
1904,819,industrial,0,,chunk_09_p817-822.txt
1904,820,industrial,0,,chunk_09_p817-822.txt
1904,821,industrial,1,[header] School.                    Situation.                                        Principal.              Denominati,chunk_09_p817-822.txt
1904,822,industrial,0,,chunk_09_p817-822.txt
1904,824,industrial,2,"STATEMENT of Industrial Schools in the Dominion for the Year ended June 30, 1904.",chunk_10_p824-827.txt
1904,825,industrial,0,,chunk_10_p824-827.txt
1904,826,industrial,0,,chunk_10_p824-827.txt
1904,827,industrial,0,,chunk_10_p824-827.txt
1904,834,,0,,chunk_03_p834-835.txt
1904,835,,0,,chunk_03_p834-835.txt
1904,836,,0,,chunk_04_p836-840.txt
1904,837,,0,,chunk_04_p836-840.txt
1904,838,,0,,chunk_04_p836-840.txt
1904,839,,0,,chunk_04_p836-840.txt
1904,840,,0,,chunk_04_p836-840.txt
1904,865,,0,,chunk_05_p865-870.txt
1904,866,,0,,chunk_05_p865-870.txt
1904,867,,0,,chunk_05_p865-870.txt
1904,868,,0,,chunk_05_p865-870.txt
1904,869,,0,,chunk_05_p865-870.txt
1904,870,,0,,chunk_05_p865-870.txt
1904,871,,0,,chunk_06_p871-876.txt
1904,872,,0,,chunk_06_p871-876.txt
1904,873,,0,,chunk_06_p871-876.txt
1904,874,,0,,chunk_06_p871-876.txt
1904,875,,0,,chunk_06_p871-876.txt
1904,876,,0,,chunk_06_p871-876.txt
1905,802,day,1,"STATEMENT of Day Schools in the Dominion (from which Returns have been received) for the Year ended June 30, 1905.",chunk_00_p802-807.txt
1905,803,day,0,,chunk_00_p802-807.txt
1905,804,day,0,,chunk_00_p802-807.txt
1905,805,day,0,,chunk_00_p802-807.txt
1905,806,day,0,,chunk_00_p802-807.txt
1905,807,day,0,,chunk_00_p802-807.txt
1905,808,day,0,,chunk_01_p808-813.txt
1905,809,day,0,,chunk_01_p808-813.txt
1905,810,day,0,,chunk_01_p808-813.txt
1905,811,day,0,,chunk_01_p808-813.txt
1905,812,day,0,,chunk_01_p808-813.txt
1905,813,day,0,,chunk_01_p808-813.txt
1905,814,day,0,,chunk_02_p814-819.txt
1905,815,day,0,,chunk_02_p814-819.txt
1905,816,day,0,,chunk_02_p814-819.txt
1905,817,day,0,,chunk_02_p814-819.txt
1905,818,day,0,,chunk_02_p814-819.txt
1905,819,day,0,,chunk_02_p814-819.txt
1905,820,day,0,,chunk_03_p820-825.txt
1905,821,day,0,,chunk_03_p820-825.txt
1905,822,day,0,,chunk_03_p820-825.txt
1905,823,day,0,,chunk_03_p820-825.txt
1905,824,boarding,1,[header] School.    District.   Teacher. Denomination. for Salary or                                    STANDARD.       ,chunk_03_p820-825.txt
1905,825,boarding,0,,chunk_03_p820-825.txt
1905,826,mixed,2,"STATEMENT of Boarding Schools in the Dominion (from which Returns have been received) for the Year ended June 30, 1905. ",chunk_04_p826-831.txt
1905,827,industrial,0,,chunk_04_p826-831.txt
1905,828,industrial,0,,chunk_04_p826-831.txt
1905,829,industrial,0,,chunk_04_p826-831.txt
1905,830,industrial,1,[header] School.         Situation.       Principal.   Denomination. Grant.                                      STANDAR,chunk_04_p826-831.txt
1905,831,industrial,0,,chunk_04_p826-831.txt
1905,832,industrial,0,,chunk_05_p832-837.txt
1905,833,industrial,0,,chunk_05_p832-837.txt
1905,834,industrial,2,"STATEMENT of Industrial Schools in the Dominion for the Year ended June 30, 1905.",chunk_05_p832-837.txt
1905,835,industrial,0,,chunk_05_p832-837.txt
1905,836,industrial,0,,chunk_05_p832-837.txt
1905,837,industrial,0,,chunk_05_p832-837.txt
1905,838,end,1,[end] SUMMARY OF SCHOOL STATEMENT,chunk_06_p838-838.txt
1905,844,,0,,chunk_07_p844-848.txt
1905,845,,0,,chunk_07_p844-848.txt
1905,846,,0,,chunk_07_p844-848.txt
1905,847,,0,,chunk_07_p844-848.txt
1905,848,,0,,chunk_07_p844-848.txt
1905,886,,0,,chunk_08_p886-887.txt
1905,887,,0,,chunk_08_p886-887.txt
1905,987,,0,,chunk_09_p987-988.txt
1905,988,,0,,chunk_09_p987-988.txt
1905,990,,0,,chunk_10_p990-990.txt
1905,993,,0,,chunk_11_p993-993.txt
1906,803,day,1,"STATEMENT of Day Schools in the Dominion (from which Returns have been received) for the Year ended June 30,",chunk_00_p803-804.txt
1906,804,day,0,,chunk_00_p803-804.txt
1906,805,day,0,,chunk_01_p805-805.txt
1906,806,day,0,,chunk_10_p806-811.txt
1906,807,day,0,,chunk_10_p806-811.txt
1906,808,day,0,,chunk_10_p806-811.txt
1906,809,day,0,,chunk_10_p806-811.txt
1906,810,day,0,,chunk_10_p806-811.txt
1906,811,day,0,,chunk_10_p806-811.txt
1906,812,day,0,,chunk_11_p812-817.txt
1906,813,day,0,,chunk_11_p812-817.txt
1906,814,day,0,,chunk_11_p812-817.txt
1906,815,day,0,,chunk_11_p812-817.txt
1906,816,day,0,,chunk_11_p812-817.txt
1906,817,day,0,,chunk_11_p812-817.txt
1906,818,day,0,,chunk_12_p818-823.txt
1906,819,day,0,,chunk_12_p818-823.txt
1906,820,day,0,,chunk_12_p818-823.txt
1906,821,day,0,,chunk_12_p818-823.txt
1906,822,day,0,,chunk_12_p818-823.txt
1906,823,day,0,,chunk_12_p818-823.txt
1906,824,day,0,,chunk_13_p824-829.txt
1906,825,day,0,,chunk_13_p824-829.txt
1906,826,day,0,,chunk_13_p824-829.txt
1906,827,day,0,,chunk_13_p824-829.txt
1906,828,day,0,,chunk_13_p824-829.txt
1906,829,day,0,,chunk_13_p824-829.txt
1906,830,boarding,1,[header] School.                   District.                                                    Teacher.       Denominat,chunk_14_p830-831.txt
1906,831,boarding,0,,chunk_14_p830-831.txt
1906,832,industrial,1,[header] School.               Situation.                                          Principal.               Denomination,chunk_15_p832-837.txt
1906,833,industrial,0,,chunk_15_p832-837.txt
1906,834,industrial,0,,chunk_15_p832-837.txt
1906,835,industrial,0,,chunk_15_p832-837.txt
1906,836,industrial,1,[header] School.               Situation.                                        Principal.               Denomination.,chunk_15_p832-837.txt
1906,837,industrial,0,,chunk_15_p832-837.txt
1906,838,industrial,0,,chunk_16_p838-838.txt
1906,839,industrial,1,[header] School.               Situation.                                Principal.           Denomination. Grant.,chunk_17_p839-844.txt
1906,840,industrial,0,,chunk_17_p839-844.txt
1906,841,industrial,1,[header] School.             Situation.                           Principal.     Denomination.     Grant.,chunk_17_p839-844.txt
1906,842,industrial,0,,chunk_17_p839-844.txt
1906,843,industrial,0,,chunk_17_p839-844.txt
1906,844,industrial,0,,chunk_17_p839-844.txt
1906,851,,0,,chunk_02_p851-856.txt
1906,852,,0,,chunk_02_p851-856.txt
1906,853,,0,,chunk_02_p851-856.txt
1906,854,,0,,chunk_02_p851-856.txt
1906,855,,0,,chunk_02_p851-856.txt
1906,856,,0,,chunk_02_p851-856.txt
1906,891,,0,,chunk_03_p891-896.txt
1906,892,,0,,chunk_03_p891-896.txt
1906,893,,0,,chunk_03_p891-896.txt
1906,894,,0,,chunk_03_p891-896.txt
1906,895,,0,,chunk_03_p891-896.txt
1906,896,,0,,chunk_03_p891-896.txt
1906,897,,0,,chunk_04_p897-897.txt
1906,898,,0,,chunk_05_p897-899.txt
1906,899,,0,,chunk_05_p897-899.txt
1906,1000,,0,,chunk_06_p1000-1001.txt
1906,1001,,0,,chunk_06_p1000-1001.txt
1906,1002,,0,,chunk_07_p1001-1002.txt
1906,1003,,0,,chunk_08_p1003-1004.txt
1906,1004,,0,,chunk_08_p1003-1004.txt
1906,1005,,0,,chunk_09_p1005-1006.txt
1906,1006,,0,,chunk_09_p1005-1006.txt
1907,757,day,1,"STATEMENT of Day Schools in the Dominion (from which Returns have been received) for the Fiscal Year ended March 31, 190",chunk_00_p757-762.txt
1907,758,day,0,,chunk_00_p757-762.txt
1907,759,day,0,,chunk_00_p757-762.txt
1907,760,day,0,,chunk_00_p757-762.txt
1907,761,day,0,,chunk_00_p757-762.txt
1907,762,day,0,,chunk_00_p757-762.txt
1907,763,day,0,,chunk_01_p763-768.txt
1907,764,day,0,,chunk_01_p763-768.txt
1907,765,day,0,,chunk_01_p763-768.txt
1907,766,day,0,,chunk_01_p763-768.txt
1907,767,day,0,,chunk_01_p763-768.txt
1907,768,day,0,,chunk_01_p763-768.txt
1907,769,day,0,,chunk_02_p769-774.txt
1907,770,day,0,,chunk_02_p769-774.txt
1907,771,day,0,,chunk_02_p769-774.txt
1907,772,day,0,,chunk_02_p769-774.txt
1907,773,day,0,,chunk_02_p769-774.txt
1907,774,day,0,,chunk_02_p769-774.txt
1907,775,day,0,,chunk_03_p775-780.txt
1907,776,day,0,,chunk_03_p775-780.txt
1907,777,day,0,,chunk_03_p775-780.txt
1907,778,day,0,,chunk_03_p775-780.txt
1907,779,day,0,,chunk_03_p775-780.txt
1907,780,day,0,,chunk_03_p775-780.txt
1907,781,mixed,2,STATEMENT of Day Schools in the Dominion (from which returns have been received) for the Fiscal Year ended || [header] S,chunk_04_p781-786.txt
1907,782,boarding,0,,chunk_04_p781-786.txt
1907,783,mixed,2,STATEMENT of Boarding Schools in the Dominion (from which returns have been received) for the fiscal year ended March 31,chunk_04_p781-786.txt
1907,784,industrial,0,,chunk_04_p781-786.txt
1907,785,industrial,0,,chunk_04_p781-786.txt
1907,786,industrial,0,,chunk_04_p781-786.txt
1907,787,industrial,1,[header] School.            Situation.       Principal.   Denomination. Grant                                           ,chunk_05_p787-789.txt
1907,788,industrial,0,,chunk_05_p787-789.txt
1907,789,industrial,0,,chunk_05_p787-789.txt
1907,791,mixed,2,STATEMENT of Boarding Schools in the Dominion (From which returns have been received) for the fiscal year ended March 31,chunk_06_p791-796.txt
1907,792,industrial,0,,chunk_06_p791-796.txt
1907,793,industrial,0,,chunk_06_p791-796.txt
1907,794,industrial,2,"STATEMENT of Industrial Schools in the Dominion for the fiscal Year ended March 31, 1907.",chunk_06_p791-796.txt
1907,795,industrial,0,,chunk_06_p791-796.txt
1907,796,industrial,0,,chunk_06_p791-796.txt
1907,797,industrial,0,,chunk_07_p797-799.txt
1907,798,end,1,[end] SUMMARY OF SCHOOL STATEMENT,chunk_07_p797-799.txt
1907,799,end,0,,chunk_07_p797-799.txt
1907,804,,0,,chunk_08_p804-805.txt
1907,805,,0,,chunk_08_p804-805.txt
1907,850,,0,,chunk_09_p850-852.txt
1907,851,,0,,chunk_09_p850-852.txt
1907,852,,0,,chunk_09_p850-852.txt
1907,953,,0,,chunk_10_p953-953.txt
1907,954,,0,,chunk_11_p953-955.txt
1907,955,,0,,chunk_11_p953-955.txt
1907,956,,0,,chunk_12_p955-956.txt
1907,957,,0,,chunk_13_p957-959.txt
1907,958,,0,,chunk_13_p957-959.txt
1907,959,,0,,chunk_13_p957-959.txt
1908,818,day,1,STATEMENT of Day Schools in the Dominion (from which Returns have been received) for the Fiscal Year,chunk_00_p818-823.txt
1908,819,day,0,,chunk_00_p818-823.txt
1908,820,day,0,,chunk_00_p818-823.txt
1908,821,day,0,,chunk_00_p818-823.txt
1908,822,day,0,,chunk_00_p818-823.txt
1908,823,day,0,,chunk_00_p818-823.txt
1908,824,day,0,,chunk_01_p824-829.txt
1908,825,day,0,,chunk_01_p824-829.txt
1908,826,day,0,,chunk_01_p824-829.txt
1908,827,day,0,,chunk_01_p824-829.txt
1908,828,day,0,,chunk_01_p824-829.txt
1908,829,day,0,,chunk_01_p824-829.txt
1908,830,day,0,,chunk_02_p830-835.txt
1908,831,day,0,,chunk_02_p830-835.txt
1908,832,day,0,,chunk_02_p830-835.txt
1908,833,day,0,,chunk_02_p830-835.txt
1908,834,day,0,,chunk_02_p830-835.txt
1908,835,day,0,,chunk_02_p830-835.txt
1908,836,day,0,,chunk_03_p836-841.txt
1908,837,day,0,,chunk_03_p836-841.txt
1908,838,day,0,,chunk_03_p836-841.txt
1908,839,day,0,,chunk_03_p836-841.txt
1908,840,day,0,,chunk_03_p836-841.txt
1908,841,day,0,,chunk_03_p836-841.txt
1908,842,day,0,,chunk_04_p842-847.txt
1908,843,boarding,1,[header] School.      District.    Teacher.   Denomination. Grant.                                            STANDARD. ,chunk_04_p842-847.txt
1908,844,boarding,0,,chunk_04_p842-847.txt
1908,845,mixed,2,STATEMENT of Boarding Schools in the Dominion (from which Returns have been received) for the Fiscal Year ended March 31,chunk_04_p842-847.txt
1908,846,industrial,0,,chunk_04_p842-847.txt
1908,847,industrial,0,,chunk_04_p842-847.txt
1908,848,industrial,0,,chunk_05_p848-853.txt
1908,849,industrial,1,[header] School.            Situation.       Principal.    Denomination. Grant.                                         ,chunk_05_p848-853.txt
1908,850,industrial,0,,chunk_05_p848-853.txt
1908,851,industrial,0,,chunk_05_p848-853.txt
1908,852,industrial,0,,chunk_05_p848-853.txt
1908,853,industrial,1,[header] School.           Situation.   Principal. Denomination. Grant.                                       STANDARD. ,chunk_05_p848-853.txt
1908,854,industrial,0,,chunk_06_p854-859.txt
1908,855,industrial,0,,chunk_06_p854-859.txt
1908,856,industrial,2,"STATEMENT Of Industrial Schools in the Dominion for the Fiscal Year ended March 31, 1908.",chunk_06_p854-859.txt
1908,857,industrial,0,,chunk_06_p854-859.txt
1908,858,industrial,0,,chunk_06_p854-859.txt
1908,859,industrial,0,,chunk_06_p854-859.txt
1908,860,end,1,[end] SUMMARY OF SCHOOL STATEMENT.,chunk_07_p860-861.txt
1908,861,end,0,,chunk_07_p860-861.txt
1908,866,,0,,chunk_08_p866-871.txt
1908,867,,0,,chunk_08_p866-871.txt
1908,868,,0,,chunk_08_p866-871.txt
1908,869,,0,,chunk_08_p866-871.txt
1908,870,,0,,chunk_08_p866-871.txt
1908,871,,0,,chunk_08_p866-871.txt
1908,1006,,0,,chunk_09_p1006-1007.txt
1908,1007,,0,,chunk_09_p1006-1007.txt
1908,1009,,0,,chunk_10_p1009-1010.txt
1908,1010,,0,,chunk_10_p1009-1010.txt
1908,1012,,0,,chunk_11_p1012-1012.txt
1909,723,day,1,"STATEMENT of Day Schools in the Dominion (from which Returns have been received) for the Fiscal Year ended March 31,1909",chunk_00_p723-728.txt
1909,724,day,0,,chunk_00_p723-728.txt
1909,725,day,0,,chunk_00_p723-728.txt
1909,726,day,0,,chunk_00_p723-728.txt
1909,727,day,0,,chunk_00_p723-728.txt
1909,728,day,0,,chunk_00_p723-728.txt
1909,729,day,0,,chunk_01_p729-734.txt
1909,730,day,0,,chunk_01_p729-734.txt
1909,731,day,0,,chunk_01_p729-734.txt
1909,732,day,0,,chunk_01_p729-734.txt
1909,733,day,0,,chunk_01_p729-734.txt
1909,734,day,0,,chunk_01_p729-734.txt
1909,735,day,0,,chunk_02_p735-740.txt
1909,736,day,0,,chunk_02_p735-740.txt
1909,737,day,0,,chunk_02_p735-740.txt
1909,738,day,0,,chunk_02_p735-740.txt
1909,739,day,0,,chunk_02_p735-740.txt
1909,740,day,0,,chunk_02_p735-740.txt
1909,741,day,0,,chunk_03_p741-746.txt
1909,742,day,0,,chunk_03_p741-746.txt
1909,743,day,0,,chunk_03_p741-746.txt
1909,744,day,0,,chunk_03_p741-746.txt
1909,745,day,0,,chunk_03_p741-746.txt
1909,746,day,0,,chunk_03_p741-746.txt
1909,747,day,0,,chunk_04_p747-752.txt
1909,748,boarding,1,[header] School.     District.    Teacher.    Denomination.                                    STANDARD.                ,chunk_04_p747-752.txt
1909,749,boarding,0,,chunk_04_p747-752.txt
1909,750,mixed,2,STATEMENT of Boarding Schools in the Dominion (from which Returns have been received) for the Fiscal Year ended March 31,chunk_04_p747-752.txt
1909,751,industrial,0,,chunk_04_p747-752.txt
1909,752,industrial,0,,chunk_04_p747-752.txt
1909,753,industrial,0,,chunk_05_p753-754.txt
1909,754,industrial,1,[header] School.              Situation.       Principal.   Denomination. ROLL.                                         ,chunk_05_p753-754.txt
1909,755,industrial,0,,chunk_06_p754-759.txt
1909,756,industrial,0,,chunk_06_p754-759.txt
1909,757,industrial,0,,chunk_06_p754-759.txt
1909,758,industrial,2,"STATEMENT of Industrial Schools in the Dominion for the Fiscal Year ended March 31, 1909.",chunk_06_p754-759.txt
1909,759,industrial,0,,chunk_06_p754-759.txt
1909,760,industrial,0,,chunk_07_p760-762.txt
1909,761,end,1,[end] SUMMARY OF SCHOOL STATEMENT.,chunk_07_p760-762.txt
1909,762,end,0,,chunk_07_p760-762.txt
1909,767,,0,,chunk_08_p767-771.txt
1909,768,,0,,chunk_08_p767-771.txt
1909,769,,0,,chunk_08_p767-771.txt
1909,770,,0,,chunk_08_p767-771.txt
1909,771,,0,,chunk_08_p767-771.txt
1909,776,,0,,chunk_09_p776-777.txt
1909,777,,0,,chunk_09_p776-777.txt
1909,803,,0,,chunk_10_p803-803.txt
1909,810,,0,,chunk_11_p810-811.txt
1909,811,,0,,chunk_11_p810-811.txt
1909,898,,0,,chunk_12_p898-899.txt
1909,899,,0,,chunk_12_p898-899.txt
1909,900,,0,,chunk_13_p900-901.txt
1909,901,,0,,chunk_13_p900-901.txt
1909,902,,0,,chunk_14_p902-902.txt
1909,904,,0,,chunk_15_p904-904.txt
1910,530,day,1,STATEMENT of Day Schools in the Dominion (from which returns have been received) for the Fiscal Year,chunk_00_p530-531.txt
1910,531,day,0,,chunk_00_p530-531.txt
1910,532,day,1,"Statement of Day Schools in the Dominion (from which returns) for the Fiscal Year ended March 31, 1910.",chunk_01_p532-537.txt
1910,533,day,0,,chunk_01_p532-537.txt
1910,534,day,0,,chunk_01_p532-537.txt
1910,535,day,0,,chunk_01_p532-537.txt
1910,536,day,0,,chunk_01_p532-537.txt
1910,537,day,0,,chunk_01_p532-537.txt
1910,538,day,0,,chunk_02_p538-543.txt
1910,539,day,0,,chunk_02_p538-543.txt
1910,540,day,0,,chunk_02_p538-543.txt
1910,541,day,0,,chunk_02_p538-543.txt
1910,542,day,0,,chunk_02_p538-543.txt
1910,543,day,0,,chunk_02_p538-543.txt
1910,544,day,0,,chunk_03_p544-549.txt
1910,545,day,0,,chunk_03_p544-549.txt
1910,546,day,0,,chunk_03_p544-549.txt
1910,547,day,0,,chunk_03_p544-549.txt
1910,548,day,0,,chunk_03_p544-549.txt
1910,549,day,0,,chunk_03_p544-549.txt
1910,550,day,0,,chunk_04_p550-555.txt
1910,551,day,0,,chunk_04_p550-555.txt
1910,552,day,0,,chunk_04_p550-555.txt
1910,553,boarding,1,[header] School.                  District.                                Teacher.,chunk_04_p550-555.txt
1910,554,boarding,0,,chunk_04_p550-555.txt
1910,555,boarding,1,"STATEMENT of Indian Boarding Schools in the Dominion for the Fiscal Year ended March 31, 1910.",chunk_04_p550-555.txt
1910,556,boarding,0,,chunk_05_p556-561.txt
1910,557,boarding,1,"STATEMENT of Indian Boarding Schools in the Dominion for the Fiscal Year ended March 31, 1910.",chunk_05_p556-561.txt
1910,558,boarding,0,,chunk_05_p556-561.txt
1910,559,boarding,0,,chunk_05_p556-561.txt
1910,560,boarding,0,,chunk_05_p556-561.txt
1910,561,boarding,1,"STATEMENT of Indian Boarding Schools in the Dominion for the Fiscal Year ended March 31, 1910.",chunk_05_p556-561.txt
1910,562,boarding,0,,chunk_06_p562-567.txt
1910,563,industrial,2,"STATEMENT of Indian Industrial Schools in the Dominion for the Fiscal Year ended March 31, 1910.",chunk_06_p562-567.txt
1910,564,industrial,0,,chunk_06_p562-567.txt
1910,565,industrial,1,"STATEMENT of Indian Industrial Schools in the Dominion for the Fiscal Year ended March 31, 1910.",chunk_06_p562-567.txt
1910,566,industrial,0,,chunk_06_p562-567.txt
1910,567,boarding,1,BOARDING SCHOOLS,chunk_06_p562-567.txt
1910,568,industrial,1,INDUSTRIAL SCHOOLS,chunk_07_p568-573.txt
1910,569,mixed,3,DAY SCHOOLS || BOARDING SCHOOLS. || INDUSTRIAL SCHOOLS.,chunk_07_p568-573.txt
1910,570,industrial,0,,chunk_07_p568-573.txt
1910,571,end,1,[end] SUMMARY OF SCHOOL STATEMENT,chunk_07_p568-573.txt
1910,572,end,1,[end] SUMMARY OF SCHOOL STATEMENT,chunk_07_p568-573.txt
1910,573,end,0,,chunk_07_p568-573.txt
1911,559,day,1,STATEMENT Of Indian Day Schools in the Dominion (from which returns have been received) for the Fiscal,chunk_00_p559-564.txt
1911,560,day,0,,chunk_00_p559-564.txt
1911,561,day,0,,chunk_00_p559-564.txt
1911,562,day,0,,chunk_00_p559-564.txt
1911,563,day,0,,chunk_00_p559-564.txt
1911,564,day,0,,chunk_00_p559-564.txt
1911,565,day,0,,chunk_01_p565-570.txt
1911,566,day,0,,chunk_01_p565-570.txt
1911,567,day,0,,chunk_01_p565-570.txt
1911,568,day,0,,chunk_01_p565-570.txt
1911,569,day,0,,chunk_01_p565-570.txt
1911,570,day,0,,chunk_01_p565-570.txt
1911,571,day,0,,chunk_02_p571-576.txt
1911,572,day,0,,chunk_02_p571-576.txt
1911,573,day,0,,chunk_02_p571-576.txt
1911,574,day,0,,chunk_02_p571-576.txt
1911,575,day,0,,chunk_02_p571-576.txt
1911,576,day,0,,chunk_02_p571-576.txt
1911,577,day,0,,chunk_03_p577-582.txt
1911,578,day,0,,chunk_03_p577-582.txt
1911,579,day,0,,chunk_03_p577-582.txt
1911,580,day,0,,chunk_03_p577-582.txt
1911,581,day,0,,chunk_03_p577-582.txt
1911,582,day,0,,chunk_03_p577-582.txt
1911,583,day,0,,chunk_04_p583-588.txt
1911,584,boarding,1,[header] School.                District.                                 Teacher.,chunk_04_p583-588.txt
1911,585,boarding,0,,chunk_04_p583-588.txt
1911,586,boarding,1,"STATEMENT of Indian Boarding Schools in the Dominion for the Fiscal Year ended March, 31, 1911.",chunk_04_p583-588.txt
1911,587,boarding,0,,chunk_04_p583-588.txt
1911,588,boarding,0,,chunk_04_p583-588.txt
1911,589,boarding,0,,chunk_05_p589-591.txt
1911,590,boarding,0,,chunk_05_p589-591.txt
1911,591,boarding,0,,chunk_05_p589-591.txt
1911,592,boarding,0,,chunk_06_p591-596.txt
1911,593,industrial,2,"STATEMENT of Indian Industrial Schools in the Dominion for the Fiscal Year ended March 31, 1911.",chunk_06_p591-596.txt
1911,594,industrial,0,,chunk_06_p591-596.txt
1911,595,industrial,0,,chunk_06_p591-596.txt
1911,596,mixed,2,DAY SCHOOLS. || BOARDING SCHOOLS.,chunk_06_p591-596.txt
1911,597,industrial,1,INDUSTRIAL SCHOOLS.,chunk_07_p597-602.txt
1911,598,industrial,0,,chunk_07_p597-602.txt
1911,599,industrial,0,,chunk_07_p597-602.txt
1911,600,end,1,[end] SUMMARY OF SCHOOL STATEMENT.,chunk_07_p597-602.txt
1911,601,end,0,,chunk_07_p597-602.txt
1911,602,end,0,,chunk_07_p597-602.txt
1912,609,day,1,STATEMENT of Indian Day Schools in the Dominion (from which returns have been received) for the Fiscal,chunk_00_p609-614.txt
1912,610,day,0,,chunk_00_p609-614.txt
1912,611,day,0,,chunk_00_p609-614.txt
1912,612,day,0,,chunk_00_p609-614.txt
1912,613,day,0,,chunk_00_p609-614.txt
1912,614,day,0,,chunk_00_p609-614.txt
1912,615,day,0,,chunk_01_p615-620.txt
1912,616,day,0,,chunk_01_p615-620.txt
1912,617,day,0,,chunk_01_p615-620.txt
1912,618,day,0,,chunk_01_p615-620.txt
1912,619,day,0,,chunk_01_p615-620.txt
1912,620,day,0,,chunk_01_p615-620.txt
1912,621,day,0,,chunk_02_p621-626.txt
1912,622,day,0,,chunk_02_p621-626.txt
1912,623,day,0,,chunk_02_p621-626.txt
1912,624,day,0,,chunk_02_p621-626.txt
1912,625,day,0,,chunk_02_p621-626.txt
1912,626,day,0,,chunk_02_p621-626.txt
1912,627,day,0,,chunk_03_p627-632.txt
1912,628,day,0,,chunk_03_p627-632.txt
1912,629,day,0,,chunk_03_p627-632.txt
1912,630,day,0,,chunk_03_p627-632.txt
1912,631,day,0,,chunk_03_p627-632.txt
1912,632,day,0,,chunk_03_p627-632.txt
1912,633,day,0,,chunk_04_p633-638.txt
1912,634,day,0,,chunk_04_p633-638.txt
1912,635,day,0,,chunk_04_p633-638.txt
1912,636,day,0,,chunk_04_p633-638.txt
1912,637,boarding,1,"STATEMENT Of Indian Boarding Schools in the Dominion for the Fiscal Year ended March 31, 1912.",chunk_04_p633-638.txt
1912,638,boarding,0,,chunk_04_p633-638.txt
1912,639,boarding,0,,chunk_05_p639-644.txt
1912,640,boarding,0,,chunk_05_p639-644.txt
1912,641,boarding,0,,chunk_05_p639-644.txt
1912,642,boarding,0,,chunk_05_p639-644.txt
1912,643,boarding,0,,chunk_05_p639-644.txt
1912,644,industrial,2,"STATEMENT of Indian Industrial Schools in the Dominion for the Fiscal Year ended March 31, 1912.",chunk_05_p639-644.txt
1912,645,industrial,0,,chunk_06_p645-650.txt
1912,646,industrial,0,,chunk_06_p645-650.txt
1912,647,mixed,2,DAY SCHOOLS || BOARDING SCHOOLS,chunk_06_p645-650.txt
1912,648,industrial,1,INDUSTRIAL SCHOOLS,chunk_06_p645-650.txt
1912,649,mixed,3,DAY SCHOOLS || BOARDING SCHOOLS || INDUSTRIAL SCHOOLS,chunk_06_p645-650.txt
1912,650,industrial,0,,chunk_06_p645-650.txt
1912,651,end,1,[end] SUMMARY OF SCHOOL STATEMENT,chunk_07_p651-656.txt
1912,652,end,0,,chunk_07_p651-656.txt
1912,653,end,0,,chunk_07_p651-656.txt
1912,654,end,0,,chunk_07_p651-656.txt
1912,655,end,0,,chunk_07_p651-656.txt
1912,656,end,0,,chunk_07_p651-656.txt
1912,657,end,0,,chunk_08_p657-662.txt
1912,658,end,0,,chunk_08_p657-662.txt
1912,659,end,0,,chunk_08_p657-662.txt
1912,660,end,0,,chunk_08_p657-662.txt
1912,661,end,0,,chunk_08_p657-662.txt
1912,662,end,0,,chunk_08_p657-662.txt
1912,663,end,0,,chunk_09_p663-663.txt
1912,669,,0,,chunk_10_p669-671.txt
1912,670,,0,,chunk_10_p669-671.txt
1912,671,,0,,chunk_10_p669-671.txt
1913,651,day,1,STATEMENT of Indian Day Schools in the Dominion (from which returns have been received) for the Fiscal,chunk_00_p651-652.txt
1913,652,day,0,,chunk_00_p651-652.txt
1913,653,day,1,STATEMENT of Indian Day Schools in the Dominion (from which returns have been received) for the Fiscal,chunk_01_p653-658.txt
1913,654,day,0,,chunk_01_p653-658.txt
1913,655,day,0,,chunk_01_p653-658.txt
1913,656,day,0,,chunk_01_p653-658.txt
1913,657,day,0,,chunk_01_p653-658.txt
1913,658,day,1,STATEMENT of Indian Day Schools in the Dominion (from which returns have been received) for the Fiscal,chunk_01_p653-658.txt
1913,659,day,0,,chunk_02_p659-664.txt
1913,660,day,1,STATEMENT of Indian Day Schools in the Dominion (from which returns have been received) for the Fiscal,chunk_02_p659-664.txt
1913,661,day,0,,chunk_02_p659-664.txt
1913,662,day,0,,chunk_02_p659-664.txt
1913,663,day,0,,chunk_02_p659-664.txt
1913,664,day,0,,chunk_02_p659-664.txt
1913,665,day,0,,chunk_03_p665-670.txt
1913,666,day,0,,chunk_03_p665-670.txt
1913,667,day,0,,chunk_03_p665-670.txt
1913,668,day,0,,chunk_03_p665-670.txt
1913,669,day,0,,chunk_03_p665-670.txt
1913,670,day,0,,chunk_03_p665-670.txt
1913,671,day,0,,chunk_04_p671-676.txt
1913,672,day,0,,chunk_04_p671-676.txt
1913,673,day,0,,chunk_04_p671-676.txt
1913,674,day,0,,chunk_04_p671-676.txt
1913,675,day,0,,chunk_04_p671-676.txt
1913,676,day,0,,chunk_04_p671-676.txt
1913,677,day,0,,chunk_05_p677-681.txt
1913,678,day,0,,chunk_05_p677-681.txt
1913,679,boarding,1,"STATEMENT of Indian Boarding Schools in the Dominion for the Fiscal Year ended March 31, 1913.",chunk_05_p677-681.txt
1913,680,boarding,1,"STATEMENT of Indian Boarding Schools in the Dominion for the Fiscal Year ended March 31, 1913.",chunk_05_p677-681.txt
1913,681,boarding,0,,chunk_05_p677-681.txt
1913,682,boarding,0,,chunk_06_p681-686.txt
1913,683,boarding,0,,chunk_06_p681-686.txt
1913,684,boarding,0,,chunk_06_p681-686.txt
1913,685,boarding,0,,chunk_06_p681-686.txt
1913,686,boarding,0,,chunk_06_p681-686.txt
1913,687,boarding,0,,chunk_07_p687-692.txt
1913,688,industrial,1,[header] School.             Situation.                                           Principal.       Denomination.,chunk_07_p687-692.txt
1913,689,industrial,0,,chunk_07_p687-692.txt
1913,690,industrial,0,,chunk_07_p687-692.txt
1913,691,mixed,3,DAY SCHOOLS || BOARDING SCHOOLS || INDUSTRIAL SCHOOLS,chunk_07_p687-692.txt
1913,692,industrial,0,,chunk_07_p687-692.txt
1913,693,mixed,3,DAY SCHOOLS || BOARDING SCHOOLS. || INDUSTRIAL SCHOOLS.,chunk_08_p693-698.txt
1913,694,industrial,0,,chunk_08_p693-698.txt
1913,695,end,1,[end] SUMMARY OF SCHOOL STATEMENT,chunk_08_p693-698.txt
1913,696,end,1,[end] SUMMARY OF SCHOOL STATEMENT,chunk_08_p693-698.txt
1913,697,end,0,,chunk_08_p693-698.txt
1913,698,end,0,,chunk_08_p693-698.txt
1913,699,end,0,,chunk_09_p699-704.txt
1913,700,end,0,,chunk_09_p699-704.txt
1913,701,end,0,,chunk_09_p699-704.txt
1913,702,end,0,,chunk_09_p699-704.txt
1913,703,end,0,,chunk_09_p699-704.txt
1913,704,end,0,,chunk_09_p699-704.txt
1913,705,end,0,,chunk_10_p705-708.txt
1913,706,end,0,,chunk_10_p705-708.txt
1913,707,end,0,,chunk_10_p705-708.txt
1913,708,end,0,,chunk_10_p705-708.txt
1914,215,,0,,chunk_00_p215-220.txt
1914,216,,0,,chunk_00_p215-220.txt
1914,217,,0,,chunk_00_p215-220.txt
1914,218,,0,,chunk_00_p215-220.txt
1914,219,,0,,chunk_00_p215-220.txt
1914,220,,0,,chunk_00_p215-220.txt
1914,221,,0,,chunk_01_p221-226.txt
1914,222,,0,,chunk_01_p221-226.txt
1914,223,,0,,chunk_01_p221-226.txt
1914,224,,0,,chunk_01_p221-226.txt
1914,225,,0,,chunk_01_p221-226.txt
1914,226,,0,,chunk_01_p221-226.txt
1914,227,,0,,chunk_02_p227-232.txt
1914,228,,0,,chunk_02_p227-232.txt
1914,229,,0,,chunk_02_p227-232.txt
1914,230,,0,,chunk_02_p227-232.txt
1914,231,,0,,chunk_02_p227-232.txt
1914,232,,0,,chunk_02_p227-232.txt
1914,233,,0,,chunk_03_p233-238.txt
1914,234,,0,,chunk_03_p233-238.txt
1914,235,,0,,chunk_03_p233-238.txt
1914,236,,0,,chunk_03_p233-238.txt
1914,237,,0,,chunk_03_p233-238.txt
1914,238,,0,,chunk_03_p233-238.txt
1914,239,,0,,chunk_04_p239-244.txt
1914,240,,0,,chunk_04_p239-244.txt
1914,241,,0,,chunk_04_p239-244.txt
1914,242,,0,,chunk_04_p239-244.txt
1914,243,,0,,chunk_04_p239-244.txt
1914,244,boarding,1,"STATEMENT of Indian Boarding Schools in the Dominion for the Fiscal Year ended March 31, 1914.",chunk_04_p239-244.txt
1914,245,boarding,0,,chunk_05_p245-250.txt
1914,246,boarding,0,,chunk_05_p245-250.txt
1914,247,boarding,0,,chunk_05_p245-250.txt
1914,248,boarding,0,,chunk_05_p245-250.txt
1914,249,boarding,0,,chunk_05_p245-250.txt
1914,250,boarding,0,,chunk_05_p245-250.txt
1914,251,boarding,0,,chunk_06_p251-255.txt
1914,252,boarding,0,,chunk_06_p251-255.txt
1914,253,boarding,0,,chunk_06_p251-255.txt
1914,254,boarding,0,,chunk_06_p251-255.txt
1914,255,boarding,0,,chunk_06_p251-255.txt
1914,256,industrial,1,[header] School.             Situation.      Principal.    Denomination.                                                ,chunk_07_p256-261.txt
1914,257,industrial,0,,chunk_07_p256-261.txt
1914,258,industrial,0,,chunk_07_p256-261.txt
1914,259,mixed,2,DAY SCHOOLS || BOARDING SCHOOLS,chunk_07_p256-261.txt
1914,260,industrial,1,INDUSTRIAL SCHOOLS,chunk_07_p256-261.txt
1914,261,industrial,0,,chunk_07_p256-261.txt
1915,223,day,1,STATEMENT of Indian Day Schools in the Dominion (from which returns have been received) for the Fiscal Year ended March ,chunk_00_p223-228.txt
1915,224,day,0,,chunk_00_p223-228.txt
1915,225,day,0,,chunk_00_p223-228.txt
1915,226,day,0,,chunk_00_p223-228.txt
1915,227,day,0,,chunk_00_p223-228.txt
1915,228,day,0,,chunk_00_p223-228.txt
1915,229,day,0,,chunk_01_p229-234.txt
1915,230,day,0,,chunk_01_p229-234.txt
1915,231,day,0,,chunk_01_p229-234.txt
1915,232,day,0,,chunk_01_p229-234.txt
1915,233,day,0,,chunk_01_p229-234.txt
1915,234,day,0,,chunk_01_p229-234.txt
1915,235,day,0,,chunk_02_p235-240.txt
1915,236,day,0,,chunk_02_p235-240.txt
1915,237,day,0,,chunk_02_p235-240.txt
1915,238,day,0,,chunk_02_p235-240.txt
1915,239,day,0,,chunk_02_p235-240.txt
1915,240,day,0,,chunk_02_p235-240.txt
1915,241,day,0,,chunk_03_p241-246.txt
1915,242,day,0,,chunk_03_p241-246.txt
1915,243,day,0,,chunk_03_p241-246.txt
1915,244,day,0,,chunk_03_p241-246.txt
1915,245,day,0,,chunk_03_p241-246.txt
1915,246,day,0,,chunk_03_p241-246.txt
1915,247,day,0,,chunk_04_p247-252.txt
1915,248,day,0,,chunk_04_p247-252.txt
1915,249,day,0,,chunk_04_p247-252.txt
1915,250,day,0,,chunk_04_p247-252.txt
1915,251,day,0,,chunk_04_p247-252.txt
1915,252,day,0,,chunk_04_p247-252.txt
1915,253,boarding,1,STATEMENT of Indian Boarding Schools in the Dominion (from which returns have been received) for the Fiscal Year ended M,chunk_05_p253-258.txt
1915,254,boarding,0,,chunk_05_p253-258.txt
1915,255,boarding,0,,chunk_05_p253-258.txt
1915,256,boarding,1,"STATEMENT of Indian Boarding Schools in the Dominion for the Fiscal Year ended March 1, 1915.",chunk_05_p253-258.txt
1915,257,boarding,0,,chunk_05_p253-258.txt
1915,258,boarding,0,,chunk_05_p253-258.txt
1915,259,boarding,0,,chunk_06_p259-264.txt
1915,260,boarding,0,,chunk_06_p259-264.txt
1915,261,boarding,0,,chunk_06_p259-264.txt
1915,262,boarding,0,,chunk_06_p259-264.txt
1915,263,boarding,0,,chunk_06_p259-264.txt
1915,264,industrial,2,"STATEMENT of Indian Industrial Schools in the Dominion for the Fiscal Year ended March 31, 1915.",chunk_06_p259-264.txt
1915,265,industrial,0,,chunk_07_p265-267.txt
1915,266,industrial,0,,chunk_07_p265-267.txt
1915,267,industrial,0,,chunk_07_p265-267.txt
1916,227,day,1,STATEMENT OF Indian Day Schools in the Dominion (from which returns have been received) for the Fiscal Year ended March ,chunk_00_p227-232.txt
1916,228,day,0,,chunk_00_p227-232.txt
1916,229,day,0,,chunk_00_p227-232.txt
1916,230,day,0,,chunk_00_p227-232.txt
1916,231,day,0,,chunk_00_p227-232.txt
1916,232,day,0,,chunk_00_p227-232.txt
1916,233,day,0,,chunk_01_p233-238.txt
1916,234,day,0,,chunk_01_p233-238.txt
1916,235,day,0,,chunk_01_p233-238.txt
1916,236,day,0,,chunk_01_p233-238.txt
1916,237,day,0,,chunk_01_p233-238.txt
1916,238,day,0,,chunk_01_p233-238.txt
1916,239,day,0,,chunk_02_p239-244.txt
1916,240,day,0,,chunk_02_p239-244.txt
1916,241,day,0,,chunk_02_p239-244.txt
1916,242,day,0,,chunk_02_p239-244.txt
1916,243,day,0,,chunk_02_p239-244.txt
1916,244,day,0,,chunk_02_p239-244.txt
1916,245,day,0,,chunk_03_p245-250.txt
1916,246,day,0,,chunk_03_p245-250.txt
1916,247,day,0,,chunk_03_p245-250.txt
1916,248,day,0,,chunk_03_p245-250.txt
1916,249,day,0,,chunk_03_p245-250.txt
1916,250,day,0,,chunk_03_p245-250.txt
1916,251,day,0,,chunk_04_p251-256.txt
1916,252,day,0,,chunk_04_p251-256.txt
1916,253,day,0,,chunk_04_p251-256.txt
1916,254,day,0,,chunk_04_p251-256.txt
1916,255,day,0,,chunk_04_p251-256.txt
1916,256,day,0,,chunk_04_p251-256.txt
1916,257,boarding,1,"STATEMENT of Indian Boarding Schools in the Dominion for the Fiscal Year ended March 31, 1915.",chunk_05_p257-262.txt
1916,258,boarding,0,,chunk_05_p257-262.txt
1916,259,boarding,0,,chunk_05_p257-262.txt
1916,260,boarding,1,"STATEMENT of Indian Boarding Schools in the Dominion for the Fiscal Year ended March 31, 1916.",chunk_05_p257-262.txt
1916,261,boarding,0,,chunk_05_p257-262.txt
1916,262,boarding,0,,chunk_05_p257-262.txt
1916,263,boarding,0,,chunk_06_p263-268.txt
1916,264,boarding,0,,chunk_06_p263-268.txt
1916,265,industrial,1,[header] School.             Situation.     Principal.    Denomination.                                                 ,chunk_06_p263-268.txt
1916,266,industrial,0,,chunk_06_p263-268.txt
1916,267,industrial,0,,chunk_06_p263-268.txt
1916,268,mixed,2,DAY SCHOOLS. || BOARDING SCHOOLS.,chunk_06_p263-268.txt
1916,287,,0,,chunk_07_p287-290.txt
1916,288,,0,,chunk_07_p287-290.txt
1916,289,,0,,chunk_07_p287-290.txt
1916,290,,0,,chunk_07_p287-290.txt
1916,315,,0,,chunk_08_p315-315.txt
1916,318,,0,,chunk_09_p318-319.txt
1916,319,,0,,chunk_09_p318-319.txt
1916,321,,0,,chunk_10_p321-321.txt
1916,324,,0,,chunk_11_p324-324.txt
1916,325,,0,,chunk_12_p325-327.txt
1916,326,,0,,chunk_12_p325-327.txt
1916,327,,0,,chunk_12_p325-327.txt
1916,329,,0,,chunk_13_p329-329.txt
1916,336,,0,,chunk_15_p336-337.txt
1916,337,,0,,chunk_15_p336-337.txt
1916,338,,0,,chunk_16_p338-339.txt
1916,339,,0,,chunk_16_p338-339.txt
1916,344,,0,,chunk_17_p344-344.txt
1916,361,,0,,chunk_18_p361-361.txt
1916,372,,0,,chunk_19_p372-372.txt
1916,378,,0,,chunk_20_p378-378.txt
1916,396,,0,,chunk_21_p396-397.txt
1916,397,,0,,chunk_21_p396-397.txt
1916,400,,0,,chunk_22_p400-400.txt
1916,403,,0,,chunk_23_p403-408.txt
1916,404,,0,,chunk_23_p403-408.txt
1916,405,,0,,chunk_23_p403-408.txt
1916,406,,0,,chunk_23_p403-408.txt
1916,407,,0,,chunk_23_p403-408.txt
1916,408,,0,,chunk_23_p403-408.txt
1916,409,,0,,chunk_24_p409-414.txt
1916,410,,0,,chunk_24_p409-414.txt
1916,411,,0,,chunk_24_p409-414.txt
1916,412,,0,,chunk_24_p409-414.txt
1916,413,,0,,chunk_24_p409-414.txt
1916,414,,0,,chunk_24_p409-414.txt
1916,415,,0,,chunk_25_p415-416.txt
1916,416,,0,,chunk_25_p415-416.txt
1916,488,,0,,chunk_26_p488-488.txt
1917,136,day,1,STATEMENT of Indian Day Schools in the Dominion (from which returns have been received) for the Fiscal Year ended March ,chunk_00_p136-141.txt
1917,137,day,0,,chunk_00_p136-141.txt
1917,138,day,0,,chunk_00_p136-141.txt
1917,139,day,0,,chunk_00_p136-141.txt
1917,140,day,0,,chunk_00_p136-141.txt
1917,141,day,0,,chunk_00_p136-141.txt
1917,142,day,0,,chunk_01_p142-147.txt
1917,143,day,0,,chunk_01_p142-147.txt
1917,144,day,0,,chunk_01_p142-147.txt
1917,145,day,0,,chunk_01_p142-147.txt
1917,146,day,0,,chunk_01_p142-147.txt
1917,147,day,0,,chunk_01_p142-147.txt
1917,148,day,0,,chunk_02_p148-153.txt
1917,149,day,0,,chunk_02_p148-153.txt
1917,150,day,0,,chunk_02_p148-153.txt
1917,151,day,0,,chunk_02_p148-153.txt
1917,152,day,0,,chunk_02_p148-153.txt
1917,153,day,0,,chunk_02_p148-153.txt
1917,154,day,0,,chunk_03_p154-159.txt
1917,155,day,0,,chunk_03_p154-159.txt
1917,156,day,0,,chunk_03_p154-159.txt
1917,157,day,0,,chunk_03_p154-159.txt
1917,158,day,0,,chunk_03_p154-159.txt
1917,159,day,0,,chunk_03_p154-159.txt
1917,160,day,0,,chunk_04_p160-165.txt
1917,161,day,0,,chunk_04_p160-165.txt
1917,162,day,0,,chunk_04_p160-165.txt
1917,163,day,0,,chunk_04_p160-165.txt
1917,164,boarding,1,"STATEMENT of the Indian Boarding Schools in the Dominion for the Fiscal Year ended March 31, 1917.",chunk_04_p160-165.txt
1917,165,boarding,0,,chunk_04_p160-165.txt
1917,166,boarding,0,,chunk_05_p166-171.txt
1917,167,boarding,0,,chunk_05_p166-171.txt
1917,168,boarding,0,,chunk_05_p166-171.txt
1917,169,boarding,0,,chunk_05_p166-171.txt
1917,170,boarding,0,,chunk_05_p166-171.txt
1917,171,boarding,0,,chunk_05_p166-171.txt
1917,172,industrial,1,[header] School.              Situation.     Principal.   Denomination.    Number on Roll                   Standard.   ,chunk_06_p172-175.txt
1917,173,industrial,0,,chunk_06_p172-175.txt
1917,174,industrial,0,,chunk_06_p172-175.txt
1917,175,industrial,0,,chunk_06_p172-175.txt
1918,101,day,1,Statement of Indian Day Schools in the Dominion (from which returns have been received) for the Fiscal Year ended March ,chunk_00_p101-106.txt
1918,102,day,0,,chunk_00_p101-106.txt
1918,103,day,0,,chunk_00_p101-106.txt
1918,104,day,0,,chunk_00_p101-106.txt
1918,105,day,0,,chunk_00_p101-106.txt
1918,106,day,0,,chunk_00_p101-106.txt
1918,107,day,0,,chunk_01_p107-112.txt
1918,108,day,0,,chunk_01_p107-112.txt
1918,109,day,0,,chunk_01_p107-112.txt
1918,110,day,0,,chunk_01_p107-112.txt
1918,111,day,0,,chunk_01_p107-112.txt
1918,112,day,0,,chunk_01_p107-112.txt
1918,113,day,0,,chunk_02_p113-118.txt
1918,114,day,0,,chunk_02_p113-118.txt
1918,115,day,0,,chunk_02_p113-118.txt
1918,116,day,0,,chunk_02_p113-118.txt
1918,117,day,0,,chunk_02_p113-118.txt
1918,118,day,0,,chunk_02_p113-118.txt
1918,119,day,0,,chunk_03_p119-124.txt
1918,120,day,0,,chunk_03_p119-124.txt
1918,121,day,0,,chunk_03_p119-124.txt
1918,122,day,0,,chunk_03_p119-124.txt
1918,123,day,0,,chunk_03_p119-124.txt
1918,124,day,0,,chunk_03_p119-124.txt
1918,125,day,0,,chunk_04_p125-130.txt
1918,126,day,0,,chunk_04_p125-130.txt
1918,127,boarding,1,Statement of Indian Boarding Schools in the Dominion (from which returns have been received) for the Fiscal Year ended M,chunk_04_p125-130.txt
1918,128,boarding,0,,chunk_04_p125-130.txt
1918,129,boarding,0,,chunk_04_p125-130.txt
1918,130,boarding,0,,chunk_04_p125-130.txt
1918,131,boarding,0,,chunk_05_p131-136.txt
1918,132,boarding,0,,chunk_05_p131-136.txt
1918,133,boarding,0,,chunk_05_p131-136.txt
1918,134,boarding,0,,chunk_05_p131-136.txt
1918,135,industrial,2,"Statement of Indian Industrial Schools in the Dominion for the Fiscal Year ended March 31, 1918.",chunk_05_p131-136.txt
1918,136,industrial,0,,chunk_05_p131-136.txt
1918,137,industrial,0,,chunk_06_p137-138.txt
1918,138,industrial,0,,chunk_06_p137-138.txt
1919,110,day,1,STATEMENT Of Indian Day Schools in the Dominion (from which returns have been received) for the Fiscal Year ended March ,chunk_00_p110-115.txt
1919,111,day,0,,chunk_00_p110-115.txt
1919,112,day,0,,chunk_00_p110-115.txt
1919,113,day,0,,chunk_00_p110-115.txt
1919,114,day,0,,chunk_00_p110-115.txt
1919,115,day,0,,chunk_00_p110-115.txt
1919,116,day,0,,chunk_01_p116-121.txt
1919,117,day,0,,chunk_01_p116-121.txt
1919,118,day,0,,chunk_01_p116-121.txt
1919,119,day,0,,chunk_01_p116-121.txt
1919,120,day,0,,chunk_01_p116-121.txt
1919,121,day,0,,chunk_01_p116-121.txt
1919,122,day,0,,chunk_02_p122-127.txt
1919,123,day,0,,chunk_02_p122-127.txt
1919,124,day,0,,chunk_02_p122-127.txt
1919,125,day,0,,chunk_02_p122-127.txt
1919,126,day,0,,chunk_02_p122-127.txt
1919,127,day,0,,chunk_02_p122-127.txt
1919,128,day,0,,chunk_03_p128-133.txt
1919,129,day,0,,chunk_03_p128-133.txt
1919,130,day,0,,chunk_03_p128-133.txt
1919,131,boarding,1,[province restart] ONTARIO.,chunk_03_p128-133.txt
1919,132,boarding,0,,chunk_03_p128-133.txt
1919,133,boarding,0,,chunk_03_p128-133.txt
1919,134,boarding,0,,chunk_04_p134-139.txt
1919,135,boarding,0,,chunk_04_p134-139.txt
1919,136,industrial,1,[header] School.             Situation.    Principal.   Denomination.             ...    ...                Standard. ..,chunk_04_p134-139.txt
1919,137,industrial,0,,chunk_04_p134-139.txt
1919,138,industrial,1,[header] School.    Situation. Principal. Denomination. Number on Roll.                   Standard.               Indust,chunk_04_p134-139.txt
1919,139,industrial,0,,chunk_04_p134-139.txt
1920,77,day,1,STATEMENT of Indian Day Schools in the Dominion (from which returns have been received) for the Fiscal Year ending,chunk_00_p77-82.txt
1920,78,day,0,,chunk_00_p77-82.txt
1920,79,day,0,,chunk_00_p77-82.txt
1920,80,day,0,,chunk_00_p77-82.txt
1920,81,day,0,,chunk_00_p77-82.txt
1920,82,day,0,,chunk_00_p77-82.txt
1920,83,day,0,,chunk_01_p83-88.txt
1920,84,day,0,,chunk_01_p83-88.txt
1920,85,day,0,,chunk_01_p83-88.txt
1920,86,day,0,,chunk_01_p83-88.txt
1920,87,day,0,,chunk_01_p83-88.txt
1920,88,day,0,,chunk_01_p83-88.txt
1920,89,day,0,,chunk_02_p89-94.txt
1920,90,day,0,,chunk_02_p89-94.txt
1920,91,day,0,,chunk_02_p89-94.txt
1920,92,day,0,,chunk_02_p89-94.txt
1920,93,day,0,,chunk_02_p89-94.txt
1920,94,day,0,,chunk_02_p89-94.txt
1920,95,day,0,,chunk_03_p95-100.txt
1920,96,day,0,,chunk_03_p95-100.txt
1920,97,day,0,,chunk_03_p95-100.txt
1920,98,boarding,1,STATEMENT of Indian Boarding Schools in the Dominion (from which returns have been received) for the Fiscal Year ending ,chunk_03_p95-100.txt
1920,99,boarding,0,,chunk_03_p95-100.txt
1920,100,boarding,0,,chunk_03_p95-100.txt
1920,101,boarding,0,,chunk_04_p101-105.txt
1920,102,boarding,0,,chunk_04_p101-105.txt
1920,103,industrial,2,"STATEMENT of Indian Industrial Schools in the Dominion for the Fiscal Year ended March 31, 1919.",chunk_04_p101-105.txt
1920,104,industrial,0,,chunk_04_p101-105.txt
1920,105,industrial,1,[header] School.     Situation.            Principal.   Denominations. Number on Roll.                   Standard.,chunk_04_p101-105.txt
1921,97,day,1,STATEMENT of Indian Day Schools in the Dominion (from which returns have been received) for the Fiscal Year ended,chunk_00_p97-102.txt
1921,98,day,0,,chunk_00_p97-102.txt
1921,99,day,0,,chunk_00_p97-102.txt
1921,100,day,0,,chunk_00_p97-102.txt
1921,101,day,0,,chunk_00_p97-102.txt
1921,102,day,0,,chunk_00_p97-102.txt
1921,103,day,0,,chunk_01_p103-108.txt
1921,104,day,0,,chunk_01_p103-108.txt
1921,105,day,0,,chunk_01_p103-108.txt
1921,106,day,0,,chunk_01_p103-108.txt
1921,107,day,0,,chunk_01_p103-108.txt
1921,108,day,0,,chunk_01_p103-108.txt
1921,109,day,0,,chunk_02_p109-114.txt
1921,110,day,0,,chunk_02_p109-114.txt
1921,111,day,0,,chunk_02_p109-114.txt
1921,112,day,0,,chunk_02_p109-114.txt
1921,113,day,0,,chunk_02_p109-114.txt
1921,114,day,0,,chunk_02_p109-114.txt
1921,115,day,0,,chunk_03_p115-120.txt
1921,116,day,0,,chunk_03_p115-120.txt
1921,117,day,0,,chunk_03_p115-120.txt
1921,118,day,0,,chunk_03_p115-120.txt
1921,119,boarding,1,[province restart] ONTARIO              ...             ...            ...              ...            ...  ...   ...   ,chunk_03_p115-120.txt
1921,120,boarding,0,,chunk_03_p115-120.txt
1921,121,boarding,0,,chunk_04_p121-125.txt
1921,122,boarding,0,,chunk_04_p121-125.txt
1921,123,boarding,0,,chunk_04_p121-125.txt
1921,124,industrial,2,"STATEMENT of Indian Industrial Schools in the Dominion for the Fiscal Year ended March 31, 1921.",chunk_04_p121-125.txt
1921,125,industrial,0,,chunk_04_p121-125.txt
1922,77,,0,,chunk_00_p77-77.txt
1923,66,day,1,[header] School           Reserve        Agency            Teacher     Denomination,chunk_00_p66-70.txt
1923,67,day,0,,chunk_00_p66-70.txt
1923,68,day,1,[header] School       Reserve     Agency       Teacher       Denomination,chunk_00_p66-70.txt
1923,69,day,0,,chunk_00_p66-70.txt
1923,70,day,0,,chunk_00_p66-70.txt
1923,71,day,2,"STATEMENT of Indian Day Schools in the Dominion for the Fiscal Year ended March 31, 1923 - Continued",chunk_01_p71-76.txt
1923,72,day,0,,chunk_01_p71-76.txt
1923,73,day,1,[header] School       Reserve     Agency      Teacher     Denomination,chunk_01_p71-76.txt
1923,74,day,0,,chunk_01_p71-76.txt
1923,75,day,0,,chunk_01_p71-76.txt
1923,76,day,1,[header] School         Reserve        Agency         Teacher      Denomination,chunk_01_p71-76.txt
1923,77,day,0,,chunk_02_p77-82.txt
1923,78,day,0,,chunk_02_p77-82.txt
1923,79,day,1,[header] School            Reserve        Agency        Teacher     Denomination,chunk_02_p77-82.txt
1923,80,day,0,,chunk_02_p77-82.txt
1923,81,day,0,,chunk_02_p77-82.txt
1923,82,day,1,[header] School         Reserve       Agency      Teacher     Denomination,chunk_02_p77-82.txt
1923,83,day,0,,chunk_03_p83-88.txt
1923,84,day,1,[header] School        Reserve        Agency Teacher      Denomination,chunk_03_p83-88.txt
1923,85,residential,1,"STATEMENT of Indian Residential Schools in the Dominion for the Fiscal Year ended March 31, 1923.",chunk_03_p83-88.txt
1923,86,residential,0,,chunk_03_p83-88.txt
1923,87,residential,0,,chunk_03_p83-88.txt
1923,88,residential,0,,chunk_03_p83-88.txt
1923,89,residential,0,,chunk_04_p89-90.txt
1923,90,residential,0,,chunk_04_p89-90.txt
1923,91,day,1,"[combined public] STATEMENT of combined Public and Indian Schools in the Dominion, at which Indian children attend, for ",chunk_05_p91-91.txt
1923,92,mixed,3,[end] STATEMENT showing the enrolment by Provinces in the different classes of schools for the Fiscal Year ended March 3,chunk_06_p92-94.txt
1923,93,day,1,[combined public] COMBINED PUBLIC AND INDIAN SCHOOLS,chunk_06_p92-94.txt
1923,94,end,1,[end] SUMMARY OF SCHOOL STATEMENT,chunk_06_p92-94.txt
1924,125,day,2,"STATEMENT of Indian Day Schools in the Dominion for the Fiscal Year ended March 31, 1924.",chunk_00_p125-130.txt
1924,126,day,0,,chunk_00_p125-130.txt
1924,127,day,1,[header] School      Reserve     Agency       Teacher     Denomination,chunk_00_p125-130.txt
1924,128,day,0,,chunk_00_p125-130.txt
1924,129,day,0,,chunk_00_p125-130.txt
1924,130,day,1,[header] School         Reserve        Agency         Teacher      Denomination,chunk_00_p125-130.txt
1924,131,day,0,,chunk_01_p131-136.txt
1924,132,day,1,[header] School         Reserve       Agency      Teacher     Denomination,chunk_01_p131-136.txt
1924,133,day,0,,chunk_01_p131-136.txt
1924,134,day,0,,chunk_01_p131-136.txt
1924,135,day,1,[header] School                Reserve        Agency         Teacher       Denomination,chunk_01_p131-136.txt
1924,136,day,0,,chunk_01_p131-136.txt
1924,137,day,1,[header] School          Reserve        Agency       Teacher      Denomination,chunk_02_p137-142.txt
1924,138,day,0,,chunk_02_p137-142.txt
1924,139,day,1,[header] School         Reserve       Agency        Teacher     Denomination,chunk_02_p137-142.txt
1924,140,day,0,,chunk_02_p137-142.txt
1924,141,day,0,,chunk_02_p137-142.txt
1924,142,day,1,[header] School     Reserve     Agency   Teacher    Denomination,chunk_02_p137-142.txt
1924,143,residential,1,"STATEMENT of Indian Residential Schools in the Dominion for the Fiscal Year ended March 31, 1924.",chunk_03_p143-148.txt
1924,144,residential,0,,chunk_03_p143-148.txt
1924,145,residential,0,,chunk_03_p143-148.txt
1924,146,residential,0,,chunk_03_p143-148.txt
1924,147,residential,0,,chunk_03_p143-148.txt
1924,148,residential,0,,chunk_03_p143-148.txt
1924,149,day,1,"[combined public] STATEMENT of combined Public and Indian Day Schools in the Dominion, at which Indian children attend,",chunk_04_p149-149.txt
1924,150,mixed,2,[end] STATEMENT showing the enrolment by Provinces in the different classes of schools for the Fiscal Year ended March 3,chunk_05_p149-153.txt
1924,151,day,0,,chunk_05_p149-153.txt
1924,152,end,1,[end] SUMMARY OF SCHOOL STATEMENT,chunk_05_p149-153.txt
1924,153,end,0,,chunk_05_p149-153.txt
1925,76,day,2,"STATEMENT of Indian Day Schools in the Dominion for the Fiscal Year ended March 31, 1925",chunk_00_p76-81.txt
1925,77,day,0,,chunk_00_p76-81.txt
1925,78,day,1,[header] School         Reserve    Agency     Teacher     Denomination,chunk_00_p76-81.txt
1925,79,day,0,,chunk_00_p76-81.txt
1925,80,day,0,,chunk_00_p76-81.txt
1925,81,day,1,[header] School          Reserve        Agency        Teacher     Denomination,chunk_00_p76-81.txt
1925,82,day,0,,chunk_01_p82-87.txt
1925,83,day,0,,chunk_01_p82-87.txt
1925,84,day,1,[header] School         Reserve        Agency       Teacher       Denomination,chunk_01_p82-87.txt
1925,85,day,0,,chunk_01_p82-87.txt
1925,86,day,0,,chunk_01_p82-87.txt
1925,87,day,1,[header] School         Reserve        Agency         Teacher    Denomination,chunk_01_p82-87.txt
1925,88,day,0,,chunk_02_p88-93.txt
1925,89,day,0,,chunk_02_p88-93.txt
1925,90,day,1,[header] School            Reserve        Agency        Teacher        Denomination,chunk_02_p88-93.txt
1925,91,day,0,,chunk_02_p88-93.txt
1925,92,day,0,,chunk_02_p88-93.txt
1925,93,day,1,[header] School         Reserve       Agency        Teacher     Denomination,chunk_02_p88-93.txt
1925,94,day,0,,chunk_03_p94-96.txt
1925,95,day,0,,chunk_03_p94-96.txt
1925,96,day,1,[header] School        Reserve      Agency      Teacher      Denomination,chunk_03_p94-96.txt
1925,97,residential,1,"STATEMENT of Indian Residential Schools in the Dominion for the Fiscal Year ended March 31, 1925",chunk_04_p97-102.txt
1925,98,residential,0,,chunk_04_p97-102.txt
1925,99,residential,0,,chunk_04_p97-102.txt
1925,100,residential,0,,chunk_04_p97-102.txt
1925,101,residential,0,,chunk_04_p97-102.txt
1925,102,residential,0,,chunk_04_p97-102.txt
1925,103,day,1,[combined public] STATEMENT of combined Public and Indian Day Schools in the Dominion for the Fiscal Year ended March,chunk_05_p103-103.txt
1925,104,mixed,3,[end] STATEMENT showing the enrolment by Provinces in the different classes of schools for the Fiscal Year ended March 3,chunk_06_p104-106.txt
1925,105,day,1,[combined public] COMBINED PUBLIC AND INDUSTRIAL SCHOOLS,chunk_06_p104-106.txt
1925,106,end,1,[end] SUMMARY OF SCHOOL STATEMENT,chunk_06_p104-106.txt
1926,79,day,2,"STATEMENT of Indian Day Schools in the Dominion for the Fiscal Year ended March 31, 1926",chunk_00_p79-84.txt
1926,80,day,0,,chunk_00_p79-84.txt
1926,81,day,1,[header] School         Reserve       Agency        Teacher,chunk_00_p79-84.txt
1926,82,day,0,,chunk_00_p79-84.txt
1926,83,day,0,,chunk_00_p79-84.txt
1926,84,day,1,[header] School           Reserve            Agency         Teacher,chunk_00_p79-84.txt
1926,85,day,0,,chunk_01_p85-90.txt
1926,86,day,0,,chunk_01_p85-90.txt
1926,87,day,1,[header] School         Reserve        Agency        Teacher,chunk_01_p85-90.txt
1926,88,day,0,,chunk_01_p85-90.txt
1926,89,day,0,,chunk_01_p85-90.txt
1926,90,day,1,[header] School            Reserve        Agency         Teacher,chunk_01_p85-90.txt
1926,91,day,0,,chunk_02_p91-96.txt
1926,92,day,1,[header] School              Reserve        Agency        Teacher,chunk_02_p91-96.txt
1926,93,day,0,,chunk_02_p91-96.txt
1926,94,day,0,,chunk_02_p91-96.txt
1926,95,day,1,[header] School           Reserve      Agency        Teacher,chunk_02_p91-96.txt
1926,96,day,0,,chunk_02_p91-96.txt
1926,97,mixed,2,[header] School             Reserve            Agency        Teacher || STATEMENT of Indian Residential Schools in the D,chunk_03_p97-102.txt
1926,98,residential,0,,chunk_03_p97-102.txt
1926,99,residential,0,,chunk_03_p97-102.txt
1926,100,residential,0,,chunk_03_p97-102.txt
1926,101,residential,0,,chunk_03_p97-102.txt
1926,102,residential,0,,chunk_03_p97-102.txt
1926,103,day,1,"[combined public] STATEMENT of Combined Public and Indian Day Schools in the Dominion, at which Indian children attend,",chunk_04_p103-103.txt
1927,73,day,2,"STATEMENT of Indian Day Schools in the Dominion for the Fiscal Year Ended March 31, 1927",chunk_00_p73-78.txt
1927,74,day,0,,chunk_00_p73-78.txt
1927,75,day,1,[header] School         Reserve     Agency         Teacher           Number on Roll              Standard,chunk_00_p73-78.txt
1927,76,day,0,,chunk_00_p73-78.txt
1927,77,day,0,,chunk_00_p73-78.txt
1927,78,day,1,[header] School           Reserve            Agency      Teacher         Number on Roll               Standard,chunk_00_p73-78.txt
1927,79,day,0,,chunk_01_p79-84.txt
1927,80,day,1,[header] School               Reserve        Agency        Teacher      Number on Roll               Standard,chunk_01_p79-84.txt
1927,81,day,0,,chunk_01_p79-84.txt
1927,82,day,0,,chunk_01_p79-84.txt
1927,83,day,1,[header] School            Reserve        Agency         Teacher         Number on Roll               Standard,chunk_01_p79-84.txt
1927,84,day,0,,chunk_01_p79-84.txt
1927,85,day,1,[header] School              Reserve        Agency        Teacher      Number on Roll               Standard,chunk_02_p85-90.txt
1927,86,day,0,,chunk_02_p85-90.txt
1927,87,day,1,[header] School           Reserve     Agency        Teacher           Number on Roll                 Standard,chunk_02_p85-90.txt
1927,88,day,0,,chunk_02_p85-90.txt
1927,89,mixed,2,[header] School                    Reserve               Agency      Teacher        Number on Roll                      ,chunk_02_p85-90.txt
1927,90,residential,0,,chunk_02_p85-90.txt
1927,91,residential,1,[header] School               Reserve                    Agency         Principal,chunk_03_p91-96.txt
1927,92,residential,0,,chunk_03_p91-96.txt
1927,93,residential,1,[header] School            Reserve                    Agency         Principal,chunk_03_p91-96.txt
1927,94,residential,0,,chunk_03_p91-96.txt
1927,95,residential,0,,chunk_03_p91-96.txt
1927,96,residential,0,,chunk_03_p91-96.txt
1928,79,day,2,"STATEMENT of Indian Day Schools in the Dominion for the Fiscal Year Ended March 31, 1928",chunk_00_p79-84.txt
1928,80,day,0,,chunk_00_p79-84.txt
1928,81,day,1,[header] School         Reserve        Agency        Teacher,chunk_00_p79-84.txt
1928,82,day,0,,chunk_00_p79-84.txt
1928,83,day,0,,chunk_00_p79-84.txt
1928,84,day,1,[header] School           Reserve            Agency         Teacher,chunk_00_p79-84.txt
1928,85,day,0,,chunk_01_p85-90.txt
1928,86,day,1,[header] School         Reserve      Agency       Teacher,chunk_01_p85-90.txt
1928,87,day,0,,chunk_01_p85-90.txt
1928,88,day,0,,chunk_01_p85-90.txt
1928,89,day,1,[header] School                Reserve       Agency         Teacher,chunk_01_p85-90.txt
1928,90,day,0,,chunk_01_p85-90.txt
1928,91,day,1,[header] School               Reserve        Agency       Teacher,chunk_02_p91-96.txt
1928,92,day,0,,chunk_02_p91-96.txt
1928,93,day,0,,chunk_02_p91-96.txt
1928,94,day,1,[header] School           Reserve       Agency      Teacher,chunk_02_p91-96.txt
1928,95,day,0,,chunk_02_p91-96.txt
1928,96,residential,1,"STATEMENT of Indian Residential Schools in the Dominion for the Fiscal Year ended March 31, 1928.",chunk_02_p91-96.txt
1928,97,residential,0,,chunk_03_p97-102.txt
1928,98,residential,0,,chunk_03_p97-102.txt
1928,99,residential,0,,chunk_03_p97-102.txt
1928,100,residential,0,,chunk_03_p97-102.txt
1928,101,residential,0,,chunk_03_p97-102.txt
1928,102,day,1,"[combined public] STATEMENT of Combined Public and Indian Day Schools in the Dominion, at which Indian Children attend,",chunk_03_p97-102.txt
1929,137,day,2,"STATEMENT of Indian Day Schools in the Dominion for the Fiscal Year Ended March 31, 1929",chunk_00_p137-142.txt
1929,138,day,0,,chunk_00_p137-142.txt
1929,139,day,1,[header] School      Reserve     Agency      Teacher,chunk_00_p137-142.txt
1929,140,day,0,,chunk_00_p137-142.txt
1929,141,day,0,,chunk_00_p137-142.txt
1929,142,day,1,[header] School           Reserve            Agency         Teacher,chunk_00_p137-142.txt
1929,143,day,0,,chunk_01_p143-148.txt
1929,144,day,1,[header] School         Reserve        Agency        Teacher,chunk_01_p143-148.txt
1929,145,day,0,,chunk_01_p143-148.txt
1929,146,day,0,,chunk_01_p143-148.txt
1929,147,day,1,[header] School         Reserve        Agency         Teacher,chunk_01_p143-148.txt
1929,148,day,0,,chunk_01_p143-148.txt
1929,149,day,1,[header] School             Reserve        Agency        Teacher,chunk_02_p149-154.txt
1929,150,day,0,,chunk_02_p149-154.txt
1929,151,day,1,[header] School        Reserve       Agency        Teacher,chunk_02_p149-154.txt
1929,152,day,0,,chunk_02_p149-154.txt
1929,153,day,1,[header] School          Reserve     Agency      Teacher,chunk_02_p149-154.txt
1929,154,residential,1,"STATEMENT of Indian Residential Schools in the Dominion for the Fiscal Year ended March 31, 1929",chunk_02_p149-154.txt
1929,155,residential,0,,chunk_03_p155-160.txt
1929,156,residential,0,,chunk_03_p155-160.txt
1929,157,residential,0,,chunk_03_p155-160.txt
1929,158,residential,0,,chunk_03_p155-160.txt
1929,159,residential,0,,chunk_03_p155-160.txt
1929,160,residential,0,,chunk_03_p155-160.txt
1930,106,day,2,"STATEMENT Of Indian Day Schools in the Dominion for the Fiscal Year Ended March 31, 1930",chunk_00_p106-111.txt
1930,107,day,0,,chunk_00_p106-111.txt
1930,108,day,1,[header] School      Reserve     Agency      Teacher,chunk_00_p106-111.txt
1930,109,day,0,,chunk_00_p106-111.txt
1930,110,day,0,,chunk_00_p106-111.txt
1930,111,day,1,[header] School             Reserve            Agency         Teacher,chunk_00_p106-111.txt
1930,112,day,0,,chunk_01_p112-117.txt
1930,113,day,1,[header] School         Reserve        Agency         Teacher,chunk_01_p112-117.txt
1930,114,day,0,,chunk_01_p112-117.txt
1930,115,day,0,,chunk_01_p112-117.txt
1930,116,day,1,[header] School         Reserve        Agency         Teacher,chunk_01_p112-117.txt
1930,117,day,0,,chunk_01_p112-117.txt
1930,118,day,0,,chunk_02_p118-123.txt
1930,119,day,1,[header] School             Reserve        Agency        Teacher,chunk_02_p118-123.txt
1930,120,day,0,,chunk_02_p118-123.txt
1930,121,day,0,,chunk_02_p118-123.txt
1930,122,day,1,[header] School          Reserve       Agency        Teacher,chunk_02_p118-123.txt
1930,123,day,0,,chunk_02_p118-123.txt
1930,124,day,1,[header] School         Reserve      Agency      Teacher,chunk_03_p124-129.txt
1930,125,residential,1,"STATEMENT of Indian Residential Schools in the Dominion for the Fiscal Year ended March 31, 1930",chunk_03_p124-129.txt
1930,126,residential,0,,chunk_03_p124-129.txt
1930,127,residential,0,,chunk_03_p124-129.txt
1930,128,residential,0,,chunk_03_p124-129.txt
1930,129,residential,0,,chunk_03_p124-129.txt
1930,130,residential,0,,chunk_04_p130-130.txt
