1	technical data sheet	https://image-tor.canadiana.ca/iiif/2/69429%2Fc0zk55d9068z
2	title page	https://image-tor.canadiana.ca/iiif/2/69429%2Fc0tt4fn1bf66
3	unnumbered	https://image-tor.canadiana.ca/iiif/2/69429%2Fc0q23qv3pp44
4	index	https://image-tor.canadiana.ca/iiif/2/69429%2Fc0kd1qf8w25c
5	p. 4	https://image-tor.canadiana.ca/iiif/2/69429%2Fc0fn10p1793g
6	p. 5	https://image-tor.canadiana.ca/iiif/2/69429%2Fc09w08w3kj38
7	blank page	https://image-tor.canadiana.ca/iiif/2/69429%2Fc0639k35xr96
8	table of contents (p. 7)	https://image-tor.canadiana.ca/iiif/2/69429%2Fc02b8v98908d
9	p. 8	https://image-tor.canadiana.ca/iiif/2/69429%2Fc0xk84j0np8c
10	p. 9	https://image-tor.canadiana.ca/iiif/2/69429%2Fc0st7dr30x6g
11	p. 10	https://image-tor.canadiana.ca/iiif/2/69429%2Fc0p55db86971
12	p. 11	https://image-tor.canadiana.ca/iiif/2/69429%2Fc0jd4pk0jj58
13	p. 12	https://image-tor.canadiana.ca/iiif/2/69429%2Fc0dn3zs2ws3w
14	p. 13	https://image-tor.canadiana.ca/iiif/2/69429%2Fc08w38058119
15	p. 14	https://image-tor.canadiana.ca/iiif/2/69429%2Fc0542j67m79j
16	p. 15	https://image-tor.canadiana.ca/iiif/2/69429%2Fc01c1td9zg8r
17	p. 16	https://image-tor.canadiana.ca/iiif/2/69429%2Fc0wm13n2b58q
18	p. 17	https://image-tor.canadiana.ca/iiif/2/69429%2Fc0rx9377hj9w
19	p. 18	https://image-tor.canadiana.ca/iiif/2/69429%2Fc0n58cf9vs90
20	p. 19	https://image-tor.canadiana.ca/iiif/2/69429%2Fc0hd7np2718t
21	p. 20	https://image-tor.canadiana.ca/iiif/2/69429%2Fc0cn6xw4k85v
22	p. 21	https://image-tor.canadiana.ca/iiif/2/69429%2Fc07w6736xh2p
23	p. 22	https://image-tor.canadiana.ca/iiif/2/69429%2Fc0445h998r1p
24	p. 23	https://image-tor.canadiana.ca/iiif/2/69429%2Fc00g3gx4g424
25	p. 24	https://image-tor.canadiana.ca/iiif/2/69429%2Fc0vq2s46tt1x
26	unnumbered	https://image-tor.canadiana.ca/iiif/2/69429%2Fc0qz22b9620h
27	blank page	https://image-tor.canadiana.ca/iiif/2/69429%2Fc0m61bk1j907
28	index	https://image-tor.canadiana.ca/iiif/2/69429%2Fc0gf0ms3wh60
29	p. 6-iv	https://image-tor.canadiana.ca/iiif/2/69429%2Fc0bn9x067r5j
30	p. 6-v	https://image-tor.canadiana.ca/iiif/2/69429%2Fc06w9668m032
31	p. 6-vi	https://image-tor.canadiana.ca/iiif/2/69429%2Fc03775t3sc24
32	p. 6-vii	https://image-tor.canadiana.ca/iiif/2/69429%2Fc0zg6g165233
33	p. 6-viii	https://image-tor.canadiana.ca/iiif/2/69429%2Fc0tq5r78h929
34	p. 6-ix	https://image-tor.canadiana.ca/iiif/2/69429%2Fc0pz51g0vj0x
35	p. 6-x	https://image-tor.canadiana.ca/iiif/2/69429%2Fc0k649p36r8n
36	p. 6-xi	https://image-tor.canadiana.ca/iiif/2/69429%2Fc0ff3kw5k06s
37	p. 6-xii	https://image-tor.canadiana.ca/iiif/2/69429%2Fc09p2w37x74t
38	p. 6-xiii	https://image-tor.canadiana.ca/iiif/2/69429%2Fc0610vq33m7q
39	p. 6-xiv	https://image-tor.canadiana.ca/iiif/2/69429%2Fc02804x5fv44
40	p. 6-xv	https://image-tor.canadiana.ca/iiif/2/69429%2Fc0xg9f47tj52
41	p. 6-xvi	https://image-tor.canadiana.ca/iiif/2/69429%2Fc0sq8qc05s3s
42	p. 6-xvli [xvii]	https://image-tor.canadiana.ca/iiif/2/69429%2Fc0nz80k2j10q
43	p. 6-xviii	https://image-tor.canadiana.ca/iiif/2/69429%2Fc0j678s4w77c
44	p. 6-xix	https://image-tor.canadiana.ca/iiif/2/69429%2Fc0df6k077g6g
45	p. 6-xx	https://image-tor.canadiana.ca/iiif/2/69429%2Fc08s4jm2dv9k
46	p. 6-xxi	https://image-tor.canadiana.ca/iiif/2/69429%2Fc0513tt4s371
47	p. 6-xxii	https://image-tor.canadiana.ca/iiif/2/69429%2Fc01834174b5x
48	p. 6-xxiii	https://image-tor.canadiana.ca/iiif/2/69429%2Fc0wh2d79h15d
49	p. 6-xxiv	https://image-tor.canadiana.ca/iiif/2/69429%2Fc0rr1pg1v81g
50	p. 6-xxv	https://image-tor.canadiana.ca/iiif/2/69429%2Fc0n00zp46h0g
51	p. 6-xxvi	https://image-tor.canadiana.ca/iiif/2/69429%2Fc0h707w6jq76
52	p. 6-xxvii	https://image-tor.canadiana.ca/iiif/2/69429%2Fc0cj87h1r393
53	p. 6-xxviii	https://image-tor.canadiana.ca/iiif/2/69429%2Fc07s7hq43b76
54	p. 6-xxix	https://image-tor.canadiana.ca/iiif/2/69429%2Fc0416sx6fk6q
55	p. 6-xxx	https://image-tor.canadiana.ca/iiif/2/69429%2Fc0086348st3j
56	p. 6-xxxi	https://image-tor.canadiana.ca/iiif/2/69429%2Fc0vh5cc15h4q
57	p. 6-xxxii	https://image-tor.canadiana.ca/iiif/2/69429%2Fc0qr4nk3hr2b
58	p. 6-xxxi [xxxiii]	https://image-tor.canadiana.ca/iiif/2/69429%2Fc0m03xs5w01c
59	p. 6-xxxiv	https://image-tor.canadiana.ca/iiif/2/69429%2Fc0gb1xd12c26
60	p. 6-xxxv	https://image-tor.canadiana.ca/iiif/2/69429%2Fc0bk16m3dm06
61	p. 6-xxxvi	https://image-tor.canadiana.ca/iiif/2/69429%2Fc06t0gt5rt9q
62	p. 6-xxxvii	https://image-tor.canadiana.ca/iiif/2/69429%2Fc0319s18426x
63	p. 6-xxxviii	https://image-tor.canadiana.ca/iiif/2/69429%2Fc0z89280gr6w
64	p. 6-xxxix	https://image-tor.canadiana.ca/iiif/2/69429%2Fc0th8bg2v03f
65	p. 6-xl	https://image-tor.canadiana.ca/iiif/2/69429%2Fc0pr7mp5671j
66	p. 6-xli	https://image-tor.canadiana.ca/iiif/2/69429%2Fc0k35m90cm3s
67	p. 6-xlii	https://image-tor.canadiana.ca/iiif/2/69429%2Fc0fb4wh2qv1d
68	p. 6-xliii	https://image-tor.canadiana.ca/iiif/2/69429%2Fc09k45q53300
69	p. 6-xliv	https://image-tor.canadiana.ca/iiif/2/69429%2Fc05t3fx7f98x
70	p. 6-xlv	https://image-tor.canadiana.ca/iiif/2/69429%2Fc0222r49sj5p
71	p. 6-xlvi	https://image-tor.canadiana.ca/iiif/2/69429%2Fc0x921c2577t
72	p. 6-xlvii	https://image-tor.canadiana.ca/iiif/2/69429%2Fc0sj19k4hg5f
73	p. 6-xlviii	https://image-tor.canadiana.ca/iiif/2/69429%2Fc0nv9959pv51
74	p. 6-xlix	https://image-tor.canadiana.ca/iiif/2/69429%2Fc0j38kd22345
75	p. 6-l	https://image-tor.canadiana.ca/iiif/2/69429%2Fc0db7vm4db3c
76	p. 6-li	https://image-tor.canadiana.ca/iiif/2/69429%2Fc08k74t6rj9h
77	p. 6-lii	https://image-tor.canadiana.ca/iiif/2/69429%2Fc04t6f193s8m
78	p. 6-liii	https://image-tor.canadiana.ca/iiif/2/69429%2Fc0125q81g16p
79	p. 6-liv	https://image-tor.canadiana.ca/iiif/2/69429%2Fc0w950g3tq7m
80	p. 6-lv	https://image-tor.canadiana.ca/iiif/2/69429%2Fc0rn3029138b
81	p. 6-lvi	https://image-tor.canadiana.ca/iiif/2/69429%2Fc0mw2891cb6k
82	p. 6-lvii	https://image-tor.canadiana.ca/iiif/2/69429%2Fc0h41jh3qk6p
83	p. 6-lviii	https://image-tor.canadiana.ca/iiif/2/69429%2Fc0cc0tq62t36
84	p. 6-lix	https://image-tor.canadiana.ca/iiif/2/69429%2Fc07m03x8f204
85	p. 6-lx	https://image-tor.canadiana.ca/iiif/2/69429%2Fc03t9d50s88j
86	p. 6-lxi	https://image-tor.canadiana.ca/iiif/2/69429%2Fc0057cr5zp11
87	p. 6-lxii	https://image-tor.canadiana.ca/iiif/2/69429%2Fc0vd6nz8bc10
88	unnumbered	https://image-tor.canadiana.ca/iiif/2/69429%2Fc0qn5z60pm07
89	p. 6-1	https://image-tor.canadiana.ca/iiif/2/69429%2Fc0kw57d31t81
90	p. 6-2	https://image-tor.canadiana.ca/iiif/2/69429%2Fc0g44hm5d26g
91	p. 6-3	https://image-tor.canadiana.ca/iiif/2/69429%2Fc0bc3st7r92x
92	p. 6-4	https://image-tor.canadiana.ca/iiif/2/69429%2Fc06m33203j11
93	p. 6-5	https://image-tor.canadiana.ca/iiif/2/69429%2Fc02z12n58x3x
94	p. 6-6	https://image-tor.canadiana.ca/iiif/2/69429%2Fc0z60bv7nm24
95	p. 6-7	https://image-tor.canadiana.ca/iiif/2/69429%2Fc0td9n300v19
96	p. 6-8	https://image-tor.canadiana.ca/iiif/2/69429%2Fc0pn8x92c31m
97	p. 6-9	https://image-tor.canadiana.ca/iiif/2/69429%2Fc0jw86h4q98b
98	p. 6-10	https://image-tor.canadiana.ca/iiif/2/69429%2Fc0f47gq72j55
99	p. 6-11	https://image-tor.canadiana.ca/iiif/2/69429%2Fc09c6rx9ds3s
100	p. 6-12	https://image-tor.canadiana.ca/iiif/2/69429%2Fc05q4rj4m54n
101	p. 6-13	https://image-tor.canadiana.ca/iiif/2/69429%2Fc01z41r6zd4t
102	p. 6-14	https://image-tor.canadiana.ca/iiif/2/69429%2Fc0x639z9b33h
103	p. 6-15	https://image-tor.canadiana.ca/iiif/2/69429%2Fc0sf2m61pb15
104	p. 6-16	https://image-tor.canadiana.ca/iiif/2/69429%2Fc0np1wd41j7d
105	p. 6-17	https://image-tor.canadiana.ca/iiif/2/69429%2Fc0hx15m6cs5d
106	p. 6-18	https://image-tor.canadiana.ca/iiif/2/69429%2Fc0d50ft8r13v
107	p. 6-19	https://image-tor.canadiana.ca/iiif/2/69429%2Fc08g8ff3xd80
108	p. 6-20	https://image-tor.canadiana.ca/iiif/2/69429%2Fc04q7qn68n5h
109	p. 6-21	https://image-tor.canadiana.ca/iiif/2/69429%2Fc00z70v8mw43
110	p. 6-22	https://image-tor.canadiana.ca/iiif/2/69429%2Fc0w669310k3t
111	p. 6-23	https://image-tor.canadiana.ca/iiif/2/69429%2Fc0rf5k93bt1f
112	p. 6-24	https://image-tor.canadiana.ca/iiif/2/69429%2Fc0mp4vh5q17q
113	p. 6-25	https://image-tor.canadiana.ca/iiif/2/69429%2Fc0gx44q8286s
114	p. 6-26	https://image-tor.canadiana.ca/iiif/2/69429%2Fc0c824b37p0w
115	p. 6-27	https://image-tor.canadiana.ca/iiif/2/69429%2Fc07h1dj5kw77
116	p. 6-28	https://image-tor.canadiana.ca/iiif/2/69429%2Fc03r0pr7z45c
117	p. 6-29	https://image-tor.canadiana.ca/iiif/2/69429%2Fc00000009c36
118	p. 6-30	https://image-tor.canadiana.ca/iiif/2/69429%2Fc0v69862p22j
119	p. 6-31	https://image-tor.canadiana.ca/iiif/2/69429%2Fc0qf8jd5190n
120	p. 6-32	https://image-tor.canadiana.ca/iiif/2/69429%2Fc0kp7tm7ch8k
121	p. 6-33	https://image-tor.canadiana.ca/iiif/2/69429%2Fc0g15t72jx0h
122	p. 6-34	https://image-tor.canadiana.ca/iiif/2/69429%2Fc0b853f4x49x
123	p. 6-35	https://image-tor.canadiana.ca/iiif/2/69429%2Fc06h4cn78c71
124	p. 6-36	https://image-tor.canadiana.ca/iiif/2/69429%2Fc02r3nv9mm5n
125	p. 6-37	https://image-tor.canadiana.ca/iiif/2/69429%2Fc0z02z32093s
126	p. 6-38	https://image-tor.canadiana.ca/iiif/2/69429%2Fc0t72794bj2c
127	p. 6-39	https://image-tor.canadiana.ca/iiif/2/69429%2Fc0pg1hh6pr9q
128	p. 6-40	https://image-tor.canadiana.ca/iiif/2/69429%2Fc0js9h41w52w
129	p. 6-41	https://image-tor.canadiana.ca/iiif/2/69429%2Fc0f18sb47d09
130	p. 6-42	https://image-tor.canadiana.ca/iiif/2/69429%2Fc09882j6km96
131	p. 6-43	https://image-tor.canadiana.ca/iiif/2/69429%2Fc05h7br8xv67
132	p. 6-44	https://image-tor.canadiana.ca/iiif/2/69429%2Fc01r6n01934w
133	p. 6-45	https://image-tor.canadiana.ca/iiif/2/69429%2Fc0x05x63ns45
134	p. 6-46	https://image-tor.canadiana.ca/iiif/2/69429%2Fc0s756d6113r
135	p. 6-47	https://image-tor.canadiana.ca/iiif/2/69429%2Fc0nk36116d5p
136	p. 6-48	https://image-tor.canadiana.ca/iiif/2/69429%2Fc0ht2g73jn39
137	p. 6-49	https://image-tor.canadiana.ca/iiif/2/69429%2Fc0d21rf5ww17
138	p. 6-50	https://image-tor.canadiana.ca/iiif/2/69429%2Fc08911n8839j
139	p. 6-51	https://image-tor.canadiana.ca/iiif/2/69429%2Fc04j09w0mb66
140	p. 6-52	https://image-tor.canadiana.ca/iiif/2/69429%2Fc00r9m32zk58
141	p. 6-53	https://image-tor.canadiana.ca/iiif/2/69429%2Fc0w08w95b84z
142	p. 6-54	https://image-tor.canadiana.ca/iiif/2/69429%2Fc0rb6vx0hn6g
143	p. 6-55	https://image-tor.canadiana.ca/iiif/2/69429%2Fc0mk6542vw5g
144	p. 6-56	https://image-tor.canadiana.ca/iiif/2/69429%2Fc0gt5fb57433
145	p. 6-57	https://image-tor.canadiana.ca/iiif/2/69429%2Fc0c24qj7kc11
146	p. 6-58	https://image-tor.canadiana.ca/iiif/2/69429%2Fc07940r9xk75
147	p. 6-59	https://image-tor.canadiana.ca/iiif/2/69429%2Fc03j39028t7g
148	p. 6-60	https://image-tor.canadiana.ca/iiif/2/69429%2Fc0zw18k7gp1x
149	p. 6-61	https://image-tor.canadiana.ca/iiif/2/69429%2Fc0v40js9tw95
150	p. 6-62	https://image-tor.canadiana.ca/iiif/2/69429%2Fc0qb9v12648v
151	p. 6-63	https://image-tor.canadiana.ca/iiif/2/69429%2Fc0kk9474jc7f
152	p. 6-64	https://image-tor.canadiana.ca/iiif/2/69429%2Fc0ft8df6wm3w
153	p. 6-65	https://image-tor.canadiana.ca/iiif/2/69429%2Fc0b27pn97v19
154	p. 6-66	https://image-tor.canadiana.ca/iiif/2/69429%2Fc0696zw1m29c
155	p. 6-67	https://image-tor.canadiana.ca/iiif/2/69429%2Fc02n4zg6sg0s
156	p. 6-68	https://image-tor.canadiana.ca/iiif/2/69429%2Fc0xw47p9551q
157	p. 6-69	https://image-tor.canadiana.ca/iiif/2/69429%2Fc0t43hx1hc9k
158	p. 6-70	https://image-tor.canadiana.ca/iiif/2/69429%2Fc0pc2t43vm86
159	p. 6-71	https://image-tor.canadiana.ca/iiif/2/69429%2Fc0jm23b66v6p
160	p. 6-72	https://image-tor.canadiana.ca/iiif/2/69429%2Fc0dv1cj8k337
161	p. 6-73	https://image-tor.canadiana.ca/iiif/2/69429%2Fc0930ns0xb2c
162	p. 6-74	https://image-tor.canadiana.ca/iiif/2/69429%2Fc05d8nc63q31
163	p. 6-75	https://image-tor.canadiana.ca/iiif/2/69429%2Fc01n7xk8fz1n
164	p. 6-76	https://image-tor.canadiana.ca/iiif/2/69429%2Fc0ww76t0tn2q
165	p. 6-77	https://image-tor.canadiana.ca/iiif/2/69429%2Fc0s46h135w0j
166	p. 6-78	https://image-tor.canadiana.ca/iiif/2/69429%2Fc0nc5s75j37d
167	p. 6-79	https://image-tor.canadiana.ca/iiif/2/69429%2Fc0hm52f7wb37
168	p. 6-80	https://image-tor.canadiana.ca/iiif/2/69429%2Fc0cv4bp07k2j
169	p. 6-81	https://image-tor.canadiana.ca/iiif/2/69429%2Fc0862b85dz6b
170	p. 6-82	https://image-tor.canadiana.ca/iiif/2/69429%2Fc04f1mg7s63w
171	p. 6-83	https://image-tor.canadiana.ca/iiif/2/69429%2Fc00p0wq04f1m
172	p. 6-84	https://image-tor.canadiana.ca/iiif/2/69429%2Fc0vx05x2h422
173	p. 6-85	https://image-tor.canadiana.ca/iiif/2/69429%2Fc0r49g44vb80
174	p. 6-86	https://image-tor.canadiana.ca/iiif/2/69429%2Fc0mc8rb76k63
175	p. 6-87	https://image-tor.canadiana.ca/iiif/2/69429%2Fc0gm81j9jt43
176	p. 6-88	https://image-tor.canadiana.ca/iiif/2/69429%2Fc0bz6154r674
177	p. 6-89	https://image-tor.canadiana.ca/iiif/2/69429%2Fc07659c73f64
178	p. 6-90	https://image-tor.canadiana.ca/iiif/2/69429%2Fc03f4kk9fp4r
179	p. 6-91	https://image-tor.canadiana.ca/iiif/2/69429%2Fc0zp3vt1tc38
180	p. 6-92	https://image-tor.canadiana.ca/iiif/2/69429%2Fc0tx35145m15
181	p. 6-93	https://image-tor.canadiana.ca/iiif/2/69429%2Fc0q52f76ht8t
182	p. 6-94	https://image-tor.canadiana.ca/iiif/2/69429%2Fc0kd1qf8w26z
183	p. 6-95	https://image-tor.canadiana.ca/iiif/2/69429%2Fc0fq9q242f9d
184	p. 6-96	https://image-tor.canadiana.ca/iiif/2/69429%2Fc09z9086dp6t
185	p. 6-97	https://image-tor.canadiana.ca/iiif/2/69429%2Fc06688g8rx5b
186	p. 6-98	https://image-tor.canadiana.ca/iiif/2/69429%2Fc02f7jq1453k
187	p. 6-99	https://image-tor.canadiana.ca/iiif/2/69429%2Fc0xp6tx3gv2z
188	p. 6-100	https://image-tor.canadiana.ca/iiif/2/69429%2Fc0sx6445v29m
189	p. 6-101	https://image-tor.canadiana.ca/iiif/2/69429%2Fc0p55db8698m
190	p. 6-102	https://image-tor.canadiana.ca/iiif/2/69429%2Fc0jh3cz3cq1d
191	p. 6-103	https://image-tor.canadiana.ca/iiif/2/69429%2Fc0dr2p55qx9r
192	p. 6-104	https://image-tor.canadiana.ca/iiif/2/69429%2Fc0901zc8357p
193	p. 6-105	https://image-tor.canadiana.ca/iiif/2/69429%2Fc05717m0fd59
194	p. 6-106	https://image-tor.canadiana.ca/iiif/2/69429%2Fc01g0ht2sn1r
195	p. 6-107	https://image-tor.canadiana.ca/iiif/2/69429%2Fc0wp9t155b25
196	p. 6-108	https://image-tor.canadiana.ca/iiif/2/69429%2Fc0rx9377hk05
197	p. 6-109	https://image-tor.canadiana.ca/iiif/2/69429%2Fc0n872v2pz20
198	p. 6-110	https://image-tor.canadiana.ca/iiif/2/69429%2Fc0hh6c252601
199	p. 6-111	https://image-tor.canadiana.ca/iiif/2/69429%2Fc0cr5n87dd9j
200	p. 6-112	https://image-tor.canadiana.ca/iiif/2/69429%2Fc0804xg9rn7g
201	p. 6-113	https://image-tor.canadiana.ca/iiif/2/69429%2Fc04746q23w40
202	p. 6-114	https://image-tor.canadiana.ca/iiif/2/69429%2Fc00g3gx4g43q
203	p. 6-115	https://image-tor.canadiana.ca/iiif/2/69429%2Fc0vq2s46tt2h
204	p. 6-116	https://image-tor.canadiana.ca/iiif/2/69429%2Fc0r20rr2165x
205	p. 6-117	https://image-tor.canadiana.ca/iiif/2/69429%2Fc0m901z4cf2b
206	p. 6-118	https://image-tor.canadiana.ca/iiif/2/69429%2Fc0gh9b56qp1d
207	p. 6-119	https://image-tor.canadiana.ca/iiif/2/69429%2Fc0br8mc92w7n
208	p. 6-120	https://image-tor.canadiana.ca/iiif/2/69429%2Fc0707wm1f45q
209	p. 6-121	https://image-tor.canadiana.ca/iiif/2/69429%2Fc03775t3sc3q
210	p. 6-122	https://image-tor.canadiana.ca/iiif/2/69429%2Fc0zg6g16524p
211	p. 6-123	https://image-tor.canadiana.ca/iiif/2/69429%2Fc0tt4fn1bf7s
212	p. 6-124	https://image-tor.canadiana.ca/iiif/2/69429%2Fc0q23qv3pp5q
213	p. 6-125	https://image-tor.canadiana.ca/iiif/2/69429%2Fc0k931261x46
214	p. 6-126	https://image-tor.canadiana.ca/iiif/2/69429%2Fc0fj2988d52b
215	p. 6-127	https://image-tor.canadiana.ca/iiif/2/69429%2Fc09s1kh0rc8q
216	p. 6-128	https://image-tor.canadiana.ca/iiif/2/69429%2Fc0610vq33m89
217	map	https://image-tor.canadiana.ca/iiif/2/69429%2Fc02b8v989090
218	map	https://image-tor.canadiana.ca/iiif/2/69429%2Fc0xk84j0np9z
219	map	https://image-tor.canadiana.ca/iiif/2/69429%2Fc0st7dr30x72
220	map	https://image-tor.canadiana.ca/iiif/2/69429%2Fc0p26pz5c563
221	map	https://image-tor.canadiana.ca/iiif/2/69429%2Fc0j96057qd4h
222	map	https://image-tor.canadiana.ca/iiif/2/69429%2Fc0dj58d02n1n
223	map	https://image-tor.canadiana.ca/iiif/2/69429%2Fc08s4jm2dw0v
224	p. 6-129	https://image-tor.canadiana.ca/iiif/2/69429%2Fc0542j67m80t
225	p. 6-130	https://image-tor.canadiana.ca/iiif/2/69429%2Fc01c1td9zg9b
226	p. 6-131	https://image-tor.canadiana.ca/iiif/2/69429%2Fc0wm13n2b599
227	p. 6-132	https://image-tor.canadiana.ca/iiif/2/69429%2Fc0rv0cv4pd8h
228	p. 6-133	https://image-tor.canadiana.ca/iiif/2/69429%2Fc0n29p271n4m
229	p. 6-134	https://image-tor.canadiana.ca/iiif/2/69429%2Fc0h98z89cw27
230	map	https://image-tor.canadiana.ca/iiif/2/69429%2Fc0cj87h1r40c
231	map	https://image-tor.canadiana.ca/iiif/2/69429%2Fc07w6736xh38
232	map	https://image-tor.canadiana.ca/iiif/2/69429%2Fc0445h998r28
233	map	https://image-tor.canadiana.ca/iiif/2/69429%2Fc00c4sj1mz97
234	map	https://image-tor.canadiana.ca/iiif/2/69429%2Fc0vm42r40n9k
235	map	https://image-tor.canadiana.ca/iiif/2/69429%2Fc0qv3bz6bw76
236	map	https://image-tor.canadiana.ca/iiif/2/69429%2Fc0m32n58q43w
237	map	https://image-tor.canadiana.ca/iiif/2/69429%2Fc0gb1xd12c3s
238	map	https://image-tor.canadiana.ca/iiif/2/69429%2Fc0bn9x067r64
239	map	https://image-tor.canadiana.ca/iiif/2/69429%2Fc06w9668m04n
240	p. 6-135	https://image-tor.canadiana.ca/iiif/2/69429%2Fc0348gf0z726
241	p. 6-136	https://image-tor.canadiana.ca/iiif/2/69429%2Fc0zc7rn39x2n
242	p. 6-137	https://image-tor.canadiana.ca/iiif/2/69429%2Fc0tm71v5p49w
243	p. 6-138	https://image-tor.canadiana.ca/iiif/2/69429%2Fc0pv6b281c6t
244	map	https://image-tor.canadiana.ca/iiif/2/69429%2Fc0k35m90cm4c
245	map	https://image-tor.canadiana.ca/iiif/2/69429%2Fc0ff3kw5k07c
246	map	https://image-tor.canadiana.ca/iiif/2/69429%2Fc09p2w37x75d
247	map	https://image-tor.canadiana.ca/iiif/2/69429%2Fc05x25b08g2x
248	p. 6-139	https://image-tor.canadiana.ca/iiif/2/69429%2Fc0251fj2mq1f
249	p. 6-140	https://image-tor.canadiana.ca/iiif/2/69429%2Fc0xd0qr50c9j
250	p. 6-141	https://image-tor.canadiana.ca/iiif/2/69429%2Fc0sn00z7bm84
251	p. 6-142	https://image-tor.canadiana.ca/iiif/2/69429%2Fc0nv9959pv6m
252	p. 6-143	https://image-tor.canadiana.ca/iiif/2/69429%2Fc0j678s4w78z
253	p. 6-144	https://image-tor.canadiana.ca/iiif/2/69429%2Fc0df6k077g72
254	p. 6-145	https://image-tor.canadiana.ca/iiif/2/69429%2Fc08p5v69kq5p
255	p. 6-146	https://image-tor.canadiana.ca/iiif/2/69429%2Fc04x54f1xz39
256	p. 6-147	https://image-tor.canadiana.ca/iiif/2/69429%2Fc0154dn49617
257	p. 6-148	https://image-tor.canadiana.ca/iiif/2/69429%2Fc0wd3pv6nw0m
258	p. 6-149	https://image-tor.canadiana.ca/iiif/2/69429%2Fc0rn3029139x
259	p. 6-150	https://image-tor.canadiana.ca/iiif/2/69429%2Fc0n00zp46h12
260	p. 6-151	https://image-tor.canadiana.ca/iiif/2/69429%2Fc0h707w6jq8s
261	p. 6-152	https://image-tor.canadiana.ca/iiif/2/69429%2Fc0cf9j38wz68
262	p. 6-153	https://image-tor.canadiana.ca/iiif/2/69429%2Fc07p8tb1866p
263	p. 6-154	https://image-tor.canadiana.ca/iiif/2/69429%2Fc03x83j3mf33
264	p. 6-155	https://image-tor.canadiana.ca/iiif/2/69429%2Fc0057cr5zp2m
265	p. 6-156	https://image-tor.canadiana.ca/iiif/2/69429%2Fc0vd6nz8bc2k
266	p. 6-157	https://image-tor.canadiana.ca/iiif/2/69429%2Fc0qr4nk3hr3x
267	p. 6-158	https://image-tor.canadiana.ca/iiif/2/69429%2Fc0m03xs5w02z
268	p. 6-159	https://image-tor.canadiana.ca/iiif/2/69429%2Fc0g73708769k
269	p. 6-160	https://image-tor.canadiana.ca/iiif/2/69429%2Fc0bg2h70kf8d
270	p. 6-161	https://image-tor.canadiana.ca/iiif/2/69429%2Fc06q1sf2xp4v
271	p. 6-162	https://image-tor.canadiana.ca/iiif/2/69429%2Fc02z12n58x4h
272	p. 6-163	https://image-tor.canadiana.ca/iiif/2/69429%2Fc0z60bv7nm3q
273	p. 6-164	https://image-tor.canadiana.ca/iiif/2/69429%2Fc0th8bg2v041
274	p. 6-165	https://image-tor.canadiana.ca/iiif/2/69429%2Fc0pr7mp56724
275	p. 6-166	https://image-tor.canadiana.ca/iiif/2/69429%2Fc0k06ww7jg1n
276	p. 6-167	https://image-tor.canadiana.ca/iiif/2/69429%2Fc0f76639wp9c
277	p. 6-168	https://image-tor.canadiana.ca/iiif/2/69429%2Fc09g5gb27x73
278	p. 6-169	https://image-tor.canadiana.ca/iiif/2/69429%2Fc05q4rj4m557
279	p. 6-170	https://image-tor.canadiana.ca/iiif/2/69429%2Fc0222r49sj68
280	p. 6-171	https://image-tor.canadiana.ca/iiif/2/69429%2Fc0x921c2578d
281	p. 6-172	https://image-tor.canadiana.ca/iiif/2/69429%2Fc0sj19k4hg61
282	p. 6-173	https://image-tor.canadiana.ca/iiif/2/69429%2Fc0ns0ks6vq57
283	p. 6-174	https://image-tor.canadiana.ca/iiif/2/69429%2Fc0j09w096z3h
284	p. 6-175	https://image-tor.canadiana.ca/iiif/2/69429%2Fc0d79571k602
285	p. 6-176	https://image-tor.canadiana.ca/iiif/2/69429%2Fc08g8ff3xd9k
286	p. 6-177	https://image-tor.canadiana.ca/iiif/2/69429%2Fc04t6f193s96
287	p. 6-178	https://image-tor.canadiana.ca/iiif/2/69429%2Fc0125q81g178
288	p. 6-179	https://image-tor.canadiana.ca/iiif/2/69429%2Fc0w950g3tq86
289	p. 6-180	https://image-tor.canadiana.ca/iiif/2/69429%2Fc0rj48p65z69
290	p. 6-181	https://image-tor.canadiana.ca/iiif/2/69429%2Fc0ms3jw8j651
291	p. 6-182	https://image-tor.canadiana.ca/iiif/2/69429%2Fc0h12v40wf1t
292	p. 6-183	https://image-tor.canadiana.ca/iiif/2/69429%2Fc0c824b37p1g
293	p. 6-184	https://image-tor.canadiana.ca/iiif/2/69429%2Fc07m03x8f21q
294	p. 6-185	https://image-tor.canadiana.ca/iiif/2/69429%2Fc03t9d50s894
295	p. 6-186	https://image-tor.canadiana.ca/iiif/2/69429%2Fc0028pc34h7j
296	p. 6-187	https://image-tor.canadiana.ca/iiif/2/69429%2Fc0v97zk5h68m
297	p. 6-188	https://image-tor.canadiana.ca/iiif/2/69429%2Fc0qj77s7vf4f
298	p. 6-189	https://image-tor.canadiana.ca/iiif/2/69429%2Fc0ks6j106p2k
299	p. 6-190	https://image-tor.canadiana.ca/iiif/2/69429%2Fc0g15t72jx13
300	p. 6-191	https://image-tor.canadiana.ca/iiif/2/69429%2Fc0bc3st7r93h
301	p. 6-192	https://image-tor.canadiana.ca/iiif/2/69429%2Fc06m33203j2m
302	p. 6-193	https://image-tor.canadiana.ca/iiif/2/69429%2Fc02v2c82fr9z
303	p. 6-194	https://image-tor.canadiana.ca/iiif/2/69429%2Fc0z31ng4tg1m
304	p. 6-195	https://image-tor.canadiana.ca/iiif/2/69429%2Fc0tb0xp75p8f
305	p. 6-196	https://image-tor.canadiana.ca/iiif/2/69429%2Fc0pk06w9hx5v
306	p. 6-197	https://image-tor.canadiana.ca/iiif/2/69429%2Fc0js9h41w53g
307	p. 6-198	https://image-tor.canadiana.ca/iiif/2/69429%2Fc0f47gq72j6r
308	p. 6-199	https://image-tor.canadiana.ca/iiif/2/69429%2Fc09c6rx9ds4c
309	p. 6-200	https://image-tor.canadiana.ca/iiif/2/69429%2Fc05m6251s12x
310	p. 6-201	https://image-tor.canadiana.ca/iiif/2/69429%2Fc01v5bc4479r
311	p. 6-202	https://image-tor.canadiana.ca/iiif/2/69429%2Fc0x34mk6gx91
312	p. 6-203	https://image-tor.canadiana.ca/iiif/2/69429%2Fc0sb3ws8v56k
313	p. 6-204	https://image-tor.canadiana.ca/iiif/2/69429%2Fc0nk36116d68
314	p. 6-205	https://image-tor.canadiana.ca/iiif/2/69429%2Fc0hx15m6cs60
315	p. 6-206	https://image-tor.canadiana.ca/iiif/2/69429%2Fc0d50ft8r14f
316	p. 6-207	https://image-tor.canadiana.ca/iiif/2/69429%2Fc08c9r213821
317	p. 6-208	https://image-tor.canadiana.ca/iiif/2/69429%2Fc04m9183fh26
318	p. 6-209	https://image-tor.canadiana.ca/iiif/2/69429%2Fc00v89g5sq8z
319	p. 6-210	https://image-tor.canadiana.ca/iiif/2/69429%2Fc0w37kp85d9t
320	p. 6-211	https://image-tor.canadiana.ca/iiif/2/69429%2Fc0rb6vx0hn72
321	p. 6-212	https://image-tor.canadiana.ca/iiif/2/69429%2Fc0mp4vh5q189
322	p. 6-213	https://image-tor.canadiana.ca/iiif/2/69429%2Fc0gx44q8287c
323	p. 6-214	https://image-tor.canadiana.ca/iiif/2/69429%2Fc0c53dz0dh4b
324	p. 6-215	https://image-tor.canadiana.ca/iiif/2/69429%2Fc07d2q52rr4j
325	p. 6-216	https://image-tor.canadiana.ca/iiif/2/69429%2Fc03n20c5401z
326	p. 6-217	https://image-tor.canadiana.ca/iiif/2/69429%2Fc0zw18k7gp2h
327	p. 6-1 [218]	https://image-tor.canadiana.ca/iiif/2/69429%2Fc0v40js9tx0f
328	p. 6-219	https://image-tor.canadiana.ca/iiif/2/69429%2Fc0qf8jd51917
329	p. 6-220	https://image-tor.canadiana.ca/iiif/2/69429%2Fc0kp7tm7ch95
330	p. 6-221	https://image-tor.canadiana.ca/iiif/2/69429%2Fc0fx73t9qr75
331	p. 6-222	https://image-tor.canadiana.ca/iiif/2/69429%2Fc0b56d223054
332	p. 6-223	https://image-tor.canadiana.ca/iiif/2/69429%2Fc06d5p84f73r
333	p. 6-224	https://image-tor.canadiana.ca/iiif/2/69429%2Fc02n4zg6sg1c
334	p. 6-225	https://image-tor.canadiana.ca/iiif/2/69429%2Fc0xw47p95529
335	unnumbered	https://image-tor.canadiana.ca/iiif/2/69429%2Fc0t72794bj3z
336	p. 6-2	https://image-tor.canadiana.ca/iiif/2/69429%2Fc0pg1hh6ps00
337	p. 6-3	https://image-tor.canadiana.ca/iiif/2/69429%2Fc0jq0sq9208x
338	p. 6-4	https://image-tor.canadiana.ca/iiif/2/69429%2Fc0dz02z1d78q
339	p. 6-5	https://image-tor.canadiana.ca/iiif/2/69429%2Fc0959c53rg4b
340	p. 6-6	https://image-tor.canadiana.ca/iiif/2/69429%2Fc05d8nc63q4m
341	p. 6-7	https://image-tor.canadiana.ca/iiif/2/69429%2Fc01r6n01935g
342	p. 6-8	https://image-tor.canadiana.ca/iiif/2/69429%2Fc0x05x63ns5r
343	p. 6-9	https://image-tor.canadiana.ca/iiif/2/69429%2Fc0s756d6114b
344	p. 6-10	https://image-tor.canadiana.ca/iiif/2/69429%2Fc0ng4gm8c82z
345	blank page	https://image-tor.canadiana.ca/iiif/2/69429%2Fc0hq3rv0qh1s
346	table (p. 6-12)	https://image-tor.canadiana.ca/iiif/2/69429%2Fc0cz32232q8d
347	p. 6-13	https://image-tor.canadiana.ca/iiif/2/69429%2Fc0862b85dz7x
348	p. 6-14	https://image-tor.canadiana.ca/iiif/2/69429%2Fc04j09w0mb7s
349	p. 6-15	https://image-tor.canadiana.ca/iiif/2/69429%2Fc00r9m32zk6v
350	p. 6-16	https://image-tor.canadiana.ca/iiif/2/69429%2Fc0w08w95b85j
351	p. 6-17	https://image-tor.canadiana.ca/iiif/2/69429%2Fc0r785h7ph44
352	p. 6-18	https://image-tor.canadiana.ca/iiif/2/69429%2Fc0mg7fr01r2v
353	p. 6-19	https://image-tor.canadiana.ca/iiif/2/69429%2Fc0gq6qz2d000
354	p. 6-20	https://image-tor.canadiana.ca/iiif/2/69429%2Fc0bz6154r68q
355	p. 6-21	https://image-tor.canadiana.ca/iiif/2/69429%2Fc07940r9xk8r
356	p. 6-22	https://image-tor.canadiana.ca/iiif/2/69429%2Fc03j39028t82
357	p. 6-23	https://image-tor.canadiana.ca/iiif/2/69429%2Fc0zs2k64nh7z
358	p. 6-24	https://image-tor.canadiana.ca/iiif/2/69429%2Fc0v11vd70r5c
359	p. 6-25	https://image-tor.canadiana.ca/iiif/2/69429%2Fc0q814m9c04g
360	p. 6-26	https://image-tor.canadiana.ca/iiif/2/69429%2Fc0kh0dv1q70j
361	p. 6-27	https://image-tor.canadiana.ca/iiif/2/69429%2Fc0fq9q242g0p
362	p. 6-28	https://image-tor.canadiana.ca/iiif/2/69429%2Fc0b27pn97v2w
363	p. 6-29	https://image-tor.canadiana.ca/iiif/2/69429%2Fc0696zw1m30n
364	p. 6-30	https://image-tor.canadiana.ca/iiif/2/69429%2Fc02j6833z97s
365	p. 6-31	https://image-tor.canadiana.ca/iiif/2/69429%2Fc0xs5j96b08b
366	p. 6-32	https://image-tor.canadiana.ca/iiif/2/69429%2Fc0t14th8p768
367	p. 6-33	https://image-tor.canadiana.ca/iiif/2/69429%2Fc0p843r11g3s
368	p. 6-34	https://image-tor.canadiana.ca/iiif/2/69429%2Fc0jh3cz3cq20
369	p. 6-35	https://image-tor.canadiana.ca/iiif/2/69429%2Fc0dv1cj8k34t
370	p. 6-36	https://image-tor.canadiana.ca/iiif/2/69429%2Fc0930ns0xb3z
371	p. 6-37	https://image-tor.canadiana.ca/iiif/2/69429%2Fc0599z038k0b
372	p. 6-3 [38]	https://image-tor.canadiana.ca/iiif/2/69429%2Fc01j9765ms97
373	p. 6-39	https://image-tor.canadiana.ca/iiif/2/69429%2Fc0ws8hd80g71
374	p. 6-40	https://image-tor.canadiana.ca/iiif/2/69429%2Fc0s17sn0bq5k
375	p. 6-41	https://image-tor.canadiana.ca/iiif/2/69429%2Fc0n872v2pz3k
376	p. 6-42	https://image-tor.canadiana.ca/iiif/2/69429%2Fc0hm52f7wb4t
377	p. 6-43	https://image-tor.canadiana.ca/iiif/2/69429%2Fc0cv4bp07k34
378	p. 6-44	https://image-tor.canadiana.ca/iiif/2/69429%2Fc0833mw2kt0g
379	p. 6-45	https://image-tor.canadiana.ca/iiif/2/69429%2Fc04b2x34z19x
380	p. 6-46	https://image-tor.canadiana.ca/iiif/2/69429%2Fc00k2697987d
381	p. 6-47	https://image-tor.canadiana.ca/iiif/2/69429%2Fc0vt1gh9nz7c
382	p. 6-48	https://image-tor.canadiana.ca/iiif/2/69429%2Fc0r20rr2166h
383	p. 6-49	https://image-tor.canadiana.ca/iiif/2/69429%2Fc0mc8rb76k7p
384	p. 6-50	https://image-tor.canadiana.ca/iiif/2/69429%2Fc0gm81j9jt5p
385	p. 6-51	https://image-tor.canadiana.ca/iiif/2/69429%2Fc0bv79s1x241
386	p. 6-52	https://image-tor.canadiana.ca/iiif/2/69429%2Fc0736m04892v
387	p. 6-53	https://image-tor.canadiana.ca/iiif/2/69429%2Fc03b5w66mh96
388	p. 6-54	https://image-tor.canadiana.ca/iiif/2/69429%2Fc0zk55d9069j
389	p. 6-55	https://image-tor.canadiana.ca/iiif/2/69429%2Fc0tt4fn1bf8c
390	p. 6-56	https://image-tor.canadiana.ca/iiif/2/69429%2Fc0q52f76ht9d
391	p. 6-57	https://image-tor.canadiana.ca/iiif/2/69429%2Fc0kd1qf8w27j
392	p. 6-58	https://image-tor.canadiana.ca/iiif/2/69429%2Fc0fn10p17942
393	p. 6-59	https://image-tor.canadiana.ca/iiif/2/69429%2Fc09w08w3kj4v
394	p. 6-60	https://image-tor.canadiana.ca/iiif/2/69429%2Fc0639k35xs0g
395	p. 6-61	https://image-tor.canadiana.ca/iiif/2/69429%2Fc02b8v989108
396	p. 6-62	https://image-tor.canadiana.ca/iiif/2/69429%2Fc0xk84j0nq07
397	p. 6-63	https://image-tor.canadiana.ca/iiif/2/69429%2Fc0sx6445v30w
398	p. 6-64	https://image-tor.canadiana.ca/iiif/2/69429%2Fc0p55db86996
399	p. 6-65	https://image-tor.canadiana.ca/iiif/2/69429%2Fc0jd4pk0jj6v
400	p. 6-66	https://image-tor.canadiana.ca/iiif/2/69429%2Fc0dn3zs2ws4g
401	p. 6-67	https://image-tor.canadiana.ca/iiif/2/69429%2Fc08w3805812w
402	p. 6-68	https://image-tor.canadiana.ca/iiif/2/69429%2Fc0542j67m81d
403	p. 6-69	https://image-tor.canadiana.ca/iiif/2/69429%2Fc01c1td9zh0m
404	p. 6-70	https://image-tor.canadiana.ca/iiif/2/69429%2Fc0wp9t155b3r
405	p. 6-71	https://image-tor.canadiana.ca/iiif/2/69429%2Fc0rx9377hk1r
406	p. 6-72	https://image-tor.canadiana.ca/iiif/2/69429%2Fc0n58cf9vt08
407	p. 6-73	https://image-tor.canadiana.ca/iiif/2/69429%2Fc0hd7np2719d
408	p. 6-74	https://image-tor.canadiana.ca/iiif/2/69429%2Fc0cn6xw4k86f
409	p. 6-75	https://image-tor.canadiana.ca/iiif/2/69429%2Fc07w6736xh4v
410	p. 6-76	https://image-tor.canadiana.ca/iiif/2/69429%2Fc04746q23w5k
411	p. 6-77	https://image-tor.canadiana.ca/iiif/2/69429%2Fc00g3gx4g449
412	p. 6-78	https://image-tor.canadiana.ca/iiif/2/69429%2Fc0vq2s46tt33
413	p. 6-79	https://image-tor.canadiana.ca/iiif/2/69429%2Fc0qz22b96213
414	p. 6-80	https://image-tor.canadiana.ca/iiif/2/69429%2Fc0m61bk1j91t
415	p. 6-81	https://image-tor.canadiana.ca/iiif/2/69429%2Fc0gf0ms3wh7k
416	p. 6-82	https://image-tor.canadiana.ca/iiif/2/69429%2Fc0bn9x067r7q
417	p. 6-83	https://image-tor.canadiana.ca/iiif/2/69429%2Fc0707wm1f469
418	p. 6-84	https://image-tor.canadiana.ca/iiif/2/69429%2Fc03775t3sc49
419	p. 6-85	https://image-tor.canadiana.ca/iiif/2/69429%2Fc0zg6g165258
420	p. 6-86	https://image-tor.canadiana.ca/iiif/2/69429%2Fc0tq5r78h93w
421	p. 6-87	https://image-tor.canadiana.ca/iiif/2/69429%2Fc0pz51g0vj1h
422	p. 6-88	https://image-tor.canadiana.ca/iiif/2/69429%2Fc0k649p36r97
423	p. 6-89	https://image-tor.canadiana.ca/iiif/2/69429%2Fc0ff3kw5k08z
424	p. 6-90	https://image-tor.canadiana.ca/iiif/2/69429%2Fc09s1kh0rc99
425	p. 6-91	https://image-tor.canadiana.ca/iiif/2/69429%2Fc0610vq33m9w
426	p. 6-92	https://image-tor.canadiana.ca/iiif/2/69429%2Fc02804x5fv5q
427	p. 6-93	https://image-tor.canadiana.ca/iiif/2/69429%2Fc0xg9f47tj6n
428	p. 6-94	https://image-tor.canadiana.ca/iiif/2/69429%2Fc0sq8qc05s4c
429	p. 6-95	https://image-tor.canadiana.ca/iiif/2/69429%2Fc0nz80k2j119
430	p. 6-96	https://image-tor.canadiana.ca/iiif/2/69429%2Fc0j678s4w79j
431	p. 6-97	https://image-tor.canadiana.ca/iiif/2/69429%2Fc0dj58d02n27
432	p. 6-98	https://image-tor.canadiana.ca/iiif/2/69429%2Fc08s4jm2dw1f
433	p. 6-99	https://image-tor.canadiana.ca/iiif/2/69429%2Fc0513tt4s38m
434	p. 6-100	https://image-tor.canadiana.ca/iiif/2/69429%2Fc01834174b6h
435	p. 6-101	https://image-tor.canadiana.ca/iiif/2/69429%2Fc0wh2d79h160
436	p. 6-102	https://image-tor.canadiana.ca/iiif/2/69429%2Fc0rr1pg1v822
437	p. 6-03 [103]	https://image-tor.canadiana.ca/iiif/2/69429%2Fc0n00zp46h2n
438	p. 6-104	https://image-tor.canadiana.ca/iiif/2/69429%2Fc0h98z89cw3t
439	p. 6-105	https://image-tor.canadiana.ca/iiif/2/69429%2Fc0cj87h1r41z
440	p. 6-106	https://image-tor.canadiana.ca/iiif/2/69429%2Fc07s7hq43b8s
441	p. 6-107	https://image-tor.canadiana.ca/iiif/2/69429%2Fc0416sx6fk79
442	p. 6-108	https://image-tor.canadiana.ca/iiif/2/69429%2Fc0086348st44
443	p. 6-109	https://image-tor.canadiana.ca/iiif/2/69429%2Fc0vh5cc15h59
444	p. 6-110	https://image-tor.canadiana.ca/iiif/2/69429%2Fc0qr4nk3hr4h
445	p. 6-111	https://image-tor.canadiana.ca/iiif/2/69429%2Fc0m32n58q44g
446	p. 6-112	https://image-tor.canadiana.ca/iiif/2/69429%2Fc0gb1xd12c4c
447	p. 6-113	https://image-tor.canadiana.ca/iiif/2/69429%2Fc0bk16m3dm1s
448	p. 6-114	https://image-tor.canadiana.ca/iiif/2/69429%2Fc06t0gt5rv00
449	p. 6-115	https://image-tor.canadiana.ca/iiif/2/69429%2Fc0319s18427h
450	p. 6-116	https://image-tor.canadiana.ca/iiif/2/69429%2Fc0z89280gr7g
451	p. 6-117	https://image-tor.canadiana.ca/iiif/2/69429%2Fc0th8bg2v05m
452	p. 6-118	https://image-tor.canadiana.ca/iiif/2/69429%2Fc0pv6b281c7d
453	p. 6-119	https://image-tor.canadiana.ca/iiif/2/69429%2Fc0k35m90cm5z
454	p. 6-120	https://image-tor.canadiana.ca/iiif/2/69429%2Fc0fb4wh2qv20
455	p. 6-121	https://image-tor.canadiana.ca/iiif/2/69429%2Fc09k45q5331k
456	p. 6-122	https://image-tor.canadiana.ca/iiif/2/69429%2Fc05t3fx7f99h
457	p. 6-123	https://image-tor.canadiana.ca/iiif/2/69429%2Fc0222r49sj7v
458	p. 6-124	https://image-tor.canadiana.ca/iiif/2/69429%2Fc0x921c25790
459	p. 6-125	https://image-tor.canadiana.ca/iiif/2/69429%2Fc0sn00z7bm9q
460	p. 6-126	https://image-tor.canadiana.ca/iiif/2/69429%2Fc0nv9959pv76
461	p. 6-127	https://image-tor.canadiana.ca/iiif/2/69429%2Fc0j38kd2235r
462	p. 6-128	https://image-tor.canadiana.ca/iiif/2/69429%2Fc0db7vm4db4z
463	p. 6-129	https://image-tor.canadiana.ca/iiif/2/69429%2Fc08k74t6rk0s
464	p. 6-130	https://image-tor.canadiana.ca/iiif/2/69429%2Fc04t6f193t0g
465	p. 6-131	https://image-tor.canadiana.ca/iiif/2/69429%2Fc0125q81g18v
466	p. 6-132	https://image-tor.canadiana.ca/iiif/2/69429%2Fc0wd3pv6nw16
467	p. 6-133	https://image-tor.canadiana.ca/iiif/2/69429%2Fc0rn30291406
468	p. 6-134	https://image-tor.canadiana.ca/iiif/2/69429%2Fc0mw2891cb75
469	p. 6-135	https://image-tor.canadiana.ca/iiif/2/69429%2Fc0h41jh3qk78
470	p. 6-136	https://image-tor.canadiana.ca/iiif/2/69429%2Fc0cc0tq62t4s
471	p. 6-137	https://image-tor.canadiana.ca/iiif/2/69429%2Fc07m03x8f229
472	p. 6-138	https://image-tor.canadiana.ca/iiif/2/69429%2Fc03x83j3mf4p
473	p. 6-139	https://image-tor.canadiana.ca/iiif/2/69429%2Fc0057cr5zp36
474	p. 6-140	https://image-tor.canadiana.ca/iiif/2/69429%2Fc0vd6nz8bc35
475	p. 6-141	https://image-tor.canadiana.ca/iiif/2/69429%2Fc0qn5z60pm1t
476	p. 6-142	https://image-tor.canadiana.ca/iiif/2/69429%2Fc0kw57d31t9m
477	p. 6-143	https://image-tor.canadiana.ca/iiif/2/69429%2Fc0g44hm5d272
478	p. 6-144	https://image-tor.canadiana.ca/iiif/2/69429%2Fc0bc3st7r943
479	p. 6-145	https://image-tor.canadiana.ca/iiif/2/69429%2Fc06q1sf2xp5f
480	p. 6-146	https://image-tor.canadiana.ca/iiif/2/69429%2Fc02z12n58x53
481	p. 6-147	https://image-tor.canadiana.ca/iiif/2/69429%2Fc0z60bv7nm49
482	p. 6-148	https://image-tor.canadiana.ca/iiif/2/69429%2Fc0td9n300v2w
483	p. 6-149	https://image-tor.canadiana.ca/iiif/2/69429%2Fc0pn8x92c326
484	p. 6-150	https://image-tor.canadiana.ca/iiif/2/69429%2Fc0jw86h4q99x
485	p. 6-151	https://image-tor.canadiana.ca/iiif/2/69429%2Fc0f47gq72j7b
486	p. 6-152	https://image-tor.canadiana.ca/iiif/2/69429%2Fc09g5gb27x8p
487	p. 6-53 [153]	https://image-tor.canadiana.ca/iiif/2/69429%2Fc05q4rj4m56t
488	p. 6-154	https://image-tor.canadiana.ca/iiif/2/69429%2Fc01z41r6zd5d
489	p. 6-55 [155]	https://image-tor.canadiana.ca/iiif/2/69429%2Fc0x639z9b343
490	p. 6-156	https://image-tor.canadiana.ca/iiif/2/69429%2Fc0sf2m61pb2r
491	p. 6-157	https://image-tor.canadiana.ca/iiif/2/69429%2Fc0np1wd41j80
492	p. 6-158	https://image-tor.canadiana.ca/iiif/2/69429%2Fc0hx15m6cs7k
493	p. 6-159	https://image-tor.canadiana.ca/iiif/2/69429%2Fc0d79571k61n
494	p. 6-160	https://image-tor.canadiana.ca/iiif/2/69429%2Fc08g8ff3xf0v
495	p. 6-161	https://image-tor.canadiana.ca/iiif/2/69429%2Fc04q7qn68n63
496	p. 6-162	https://image-tor.canadiana.ca/iiif/2/69429%2Fc00z70v8mw5p
497	p. 6-163	https://image-tor.canadiana.ca/iiif/2/69429%2Fc0w669310k4d
498	p. 6-164	https://image-tor.canadiana.ca/iiif/2/69429%2Fc0rf5k93bt21
499	p. 6-165	https://image-tor.canadiana.ca/iiif/2/69429%2Fc0mp4vh5q19w
500	p. 6-166	https://image-tor.canadiana.ca/iiif/2/69429%2Fc0h12v40wf2d
501	p. 6-167	https://image-tor.canadiana.ca/iiif/2/69429%2Fc0c824b37p22
502	p. 6-168	https://image-tor.canadiana.ca/iiif/2/69429%2Fc07h1dj5kw8t
503	p. 6-169	https://image-tor.canadiana.ca/iiif/2/69429%2Fc03r0pr7z46z
504	p. 6-170	https://image-tor.canadiana.ca/iiif/2/69429%2Fc00000009c4s
505	p. 6-171	https://image-tor.canadiana.ca/iiif/2/69429%2Fc0v69862p234
506	p. 6-17 [172]	https://image-tor.canadiana.ca/iiif/2/69429%2Fc0qf8jd5192t
507	p. 6-173	https://image-tor.canadiana.ca/iiif/2/69429%2Fc0ks6j106p35
508	p. 6-174	https://image-tor.canadiana.ca/iiif/2/69429%2Fc0g15t72jx2p
509	p. 6-175	https://image-tor.canadiana.ca/iiif/2/69429%2Fc0b853f4x506
510	p. 6-176	https://image-tor.canadiana.ca/iiif/2/69429%2Fc06h4cn78c8m
511	p. 6-177	https://image-tor.canadiana.ca/iiif/2/69429%2Fc02r3nv9mm67
512	p. 6-178	https://image-tor.canadiana.ca/iiif/2/69429%2Fc0z02z32094c
513	p. 6-179	https://image-tor.canadiana.ca/iiif/2/69429%2Fc0t72794bj4j
514	p. 6-180	https://image-tor.canadiana.ca/iiif/2/69429%2Fc0pk06w9hx6f
515	p. 6-181	https://image-tor.canadiana.ca/iiif/2/69429%2Fc0js9h41w542
516	p. 6-182	https://image-tor.canadiana.ca/iiif/2/69429%2Fc0f18sb47d1w
517	p. 6-183	https://image-tor.canadiana.ca/iiif/2/69429%2Fc09882j6kn0g
518	p. 6-184	https://image-tor.canadiana.ca/iiif/2/69429%2Fc05h7br8xv7t
519	p. 6-185	https://image-tor.canadiana.ca/iiif/2/69429%2Fc01r6n019362
520	p. 6-186	https://image-tor.canadiana.ca/iiif/2/69429%2Fc0x05x63ns6b
521	p. 6-187	https://image-tor.canadiana.ca/iiif/2/69429%2Fc0sb3ws8v575
522	p. 6-188	https://image-tor.canadiana.ca/iiif/2/69429%2Fc0nk36116d7v
523	p. 6-189	https://image-tor.canadiana.ca/iiif/2/69429%2Fc0ht2g73jn4w
524	p. 6-190	https://image-tor.canadiana.ca/iiif/2/69429%2Fc0d21rf5ww2t
525	p. 6-191	https://image-tor.canadiana.ca/iiif/2/69429%2Fc08911n8840t
526	p. 6-192	https://image-tor.canadiana.ca/iiif/2/69429%2Fc04j09w0mb8c
527	p. 6-193	https://image-tor.canadiana.ca/iiif/2/69429%2Fc00r9m32zk7f
528	p. 6-194	https://image-tor.canadiana.ca/iiif/2/69429%2Fc0w37kp85f03
529	p. 6-195	https://image-tor.canadiana.ca/iiif/2/69429%2Fc0rb6vx0hn8n
530	p. 6-196	https://image-tor.canadiana.ca/iiif/2/69429%2Fc0mk6542vw62
531	p. 6-197	https://image-tor.canadiana.ca/iiif/2/69429%2Fc0gt5fb5744p
532	p. 6-198	https://image-tor.canadiana.ca/iiif/2/69429%2Fc0c24qj7kc2m
533	p. 6-199	https://image-tor.canadiana.ca/iiif/2/69429%2Fc07940r9xk9b
534	p. 6-200	https://image-tor.canadiana.ca/iiif/2/69429%2Fc03n20c5402j
535	p. 6-201	https://image-tor.canadiana.ca/iiif/2/69429%2Fc0zw18k7gp33
536	p. 6-202	https://image-tor.canadiana.ca/iiif/2/69429%2Fc0v40js9tx11
537	p. 6-203	https://image-tor.canadiana.ca/iiif/2/69429%2Fc0qb9v12649f
538	p. 6-204	https://image-tor.canadiana.ca/iiif/2/69429%2Fc0kk9474jc81
539	unnumbered	https://image-tor.canadiana.ca/iiif/2/69429%2Fc0ft8df6wm4g
540	blank page	https://image-tor.canadiana.ca/iiif/2/69429%2Fc0b27pn97v3g
541	table of contents (p. 7-iii)	https://image-tor.canadiana.ca/iiif/2/69429%2Fc06d5p84f74b
542	p. 7-iv	https://image-tor.canadiana.ca/iiif/2/69429%2Fc02n4zg6sg2z
543	p. 7-v	https://image-tor.canadiana.ca/iiif/2/69429%2Fc0xw47p9553w
544	p. 7-vi	https://image-tor.canadiana.ca/iiif/2/69429%2Fc0t43hx1hd0v
545	p. 7-vii	https://image-tor.canadiana.ca/iiif/2/69429%2Fc0pc2t43vm9s
546	p. 7-viii	https://image-tor.canadiana.ca/iiif/2/69429%2Fc0jm23b66v78
547	p. 7-ix	https://image-tor.canadiana.ca/iiif/2/69429%2Fc0dv1cj8k35d
548	blank page	https://image-tor.canadiana.ca/iiif/2/69429%2Fc0959c53rg5x
549	unnumbered	https://image-tor.canadiana.ca/iiif/2/69429%2Fc05d8nc63q56
550	blank page	https://image-tor.canadiana.ca/iiif/2/69429%2Fc01n7xk8fz27
551	p. 7-xiii	https://image-tor.canadiana.ca/iiif/2/69429%2Fc0ww76t0tn39
552	p. 7-xiv	https://image-tor.canadiana.ca/iiif/2/69429%2Fc0s46h135w14
553	p. 7-xv	https://image-tor.canadiana.ca/iiif/2/69429%2Fc0nc5s75j380
554	p. 7-xvi	https://image-tor.canadiana.ca/iiif/2/69429%2Fc0hm52f7wb5d
555	p. 7-xvii	https://image-tor.canadiana.ca/iiif/2/69429%2Fc0cz32232q90
556	p. 7-xviii	https://image-tor.canadiana.ca/iiif/2/69429%2Fc0862b85dz8h
557	p. 7-xix	https://image-tor.canadiana.ca/iiif/2/69429%2Fc04f1mg7s64g
558	p. 7-xx	https://image-tor.canadiana.ca/iiif/2/69429%2Fc00p0wq04f26
559	p. 7-xxi	https://image-tor.canadiana.ca/iiif/2/69429%2Fc0vx05x2h43n
560	p. 7-xxii	https://image-tor.canadiana.ca/iiif/2/69429%2Fc0r49g44vb9k
561	p. 7-xxiii	https://image-tor.canadiana.ca/iiif/2/69429%2Fc0mc8rb76k88
562	p. 7-xxiv	https://image-tor.canadiana.ca/iiif/2/69429%2Fc0gq6qz2d01k
563	p. 7-xxv	https://image-tor.canadiana.ca/iiif/2/69429%2Fc0bz6154r699
564	p. 7-xxvi	https://image-tor.canadiana.ca/iiif/2/69429%2Fc07659c73f7q
565	p. 7-xxvii	https://image-tor.canadiana.ca/iiif/2/69429%2Fc03f4kk9fp5b
566	p. 7-xxviii	https://image-tor.canadiana.ca/iiif/2/69429%2Fc0zp3vt1tc4v
567	p. 7-xxix	https://image-tor.canadiana.ca/iiif/2/69429%2Fc0tx35145m2r
568	p. 7-xxx	https://image-tor.canadiana.ca/iiif/2/69429%2Fc0q52f76hv0p
569	p. 7-xxxi	https://image-tor.canadiana.ca/iiif/2/69429%2Fc0kh0dv1q714
570	p. 7-xxxii	https://image-tor.canadiana.ca/iiif/2/69429%2Fc0fq9q242g18
571	p. 7-xxxiii	https://image-tor.canadiana.ca/iiif/2/69429%2Fc09z9086dp7d
572	p. 7-xxxiv	https://image-tor.canadiana.ca/iiif/2/69429%2Fc06688g8rx6x
573	p. 7-xxxv	https://image-tor.canadiana.ca/iiif/2/69429%2Fc02f7jq14545
574	p. 7-xxxvi	https://image-tor.canadiana.ca/iiif/2/69429%2Fc0xp6tx3gv3j
575	p. 7-xxvii [xxxvii]	https://image-tor.canadiana.ca/iiif/2/69429%2Fc0sx6445v31g
576	p. 7-xxxviii	https://image-tor.canadiana.ca/iiif/2/69429%2Fc0p843r11g4c
577	p. 7-xxxix	https://image-tor.canadiana.ca/iiif/2/69429%2Fc0jh3cz3cq3k
578	p. 7-xl	https://image-tor.canadiana.ca/iiif/2/69429%2Fc0dr2p55qz01
579	p. 7-xli	https://image-tor.canadiana.ca/iiif/2/69429%2Fc0901zc83588
580	p. 7-xlii	https://image-tor.canadiana.ca/iiif/2/69429%2Fc05717m0fd6w
581	p. 7-xliii	https://image-tor.canadiana.ca/iiif/2/69429%2Fc01g0ht2sn2b
582	p. 7-xliv	https://image-tor.canadiana.ca/iiif/2/69429%2Fc0wp9t155b4b
583	p. 7-xlv	https://image-tor.canadiana.ca/iiif/2/69429%2Fc0s17sn0bq65
584	p. 7-xlvi	https://image-tor.canadiana.ca/iiif/2/69429%2Fc0n872v2pz45
585	p. 7-xlvii	https://image-tor.canadiana.ca/iiif/2/69429%2Fc0hh6c25261m
586	p. 7-xlviii	https://image-tor.canadiana.ca/iiif/2/69429%2Fc0cr5n87df0t
587	p. 7-xlix	https://image-tor.canadiana.ca/iiif/2/69429%2Fc0804xg9rn82
588	p. 7-l	https://image-tor.canadiana.ca/iiif/2/69429%2Fc04746q23w65
589	unnumbered	https://image-tor.canadiana.ca/iiif/2/69429%2Fc00g3gx4g45w
590	blank page	https://image-tor.canadiana.ca/iiif/2/69429%2Fc0vt1gh9nz8z
591	p. 7-3	https://image-tor.canadiana.ca/iiif/2/69429%2Fc0r20rr21673
592	p. 7-4	https://image-tor.canadiana.ca/iiif/2/69429%2Fc0m901z4cf3x
593	p. 7-5	https://image-tor.canadiana.ca/iiif/2/69429%2Fc0gh9b56qp20
594	p. 7-6	https://image-tor.canadiana.ca/iiif/2/69429%2Fc0br8mc92w87
595	p. 7-7	https://image-tor.canadiana.ca/iiif/2/69429%2Fc0707wm1f47w
596	p. 7-8	https://image-tor.canadiana.ca/iiif/2/69429%2Fc03775t3sc5w
597	p. 7-9	https://image-tor.canadiana.ca/iiif/2/69429%2Fc0zk55d9070t
598	p. 7-10	https://image-tor.canadiana.ca/iiif/2/69429%2Fc0tt4fn1bf9z
599	p. 7-11	https://image-tor.canadiana.ca/iiif/2/69429%2Fc0q23qv3pp69
600	p. 7-12	https://image-tor.canadiana.ca/iiif/2/69429%2Fc0k931261x5s
601	p. 7-13	https://image-tor.canadiana.ca/iiif/2/69429%2Fc0fj2988d53x
602	p. 7-14	https://image-tor.canadiana.ca/iiif/2/69429%2Fc09s1kh0rd0k
603	p. 7-15	https://image-tor.canadiana.ca/iiif/2/69429%2Fc0639k35xs12
604	p. 7-16	https://image-tor.canadiana.ca/iiif/2/69429%2Fc02b8v98911v
605	p. 7-17	https://image-tor.canadiana.ca/iiif/2/69429%2Fc0xk84j0nq1t
606	p. 7-18	https://image-tor.canadiana.ca/iiif/2/69429%2Fc0st7dr30x8n
607	p. 7-19	https://image-tor.canadiana.ca/iiif/2/69429%2Fc0p26pz5c57p
608	p. 7-20	https://image-tor.canadiana.ca/iiif/2/69429%2Fc0j96057qd53
609	p. 7-21	https://image-tor.canadiana.ca/iiif/2/69429%2Fc0dj58d02n3t
610	p. 7-22	https://image-tor.canadiana.ca/iiif/2/69429%2Fc08w3805813g
611	p. 7-23	https://image-tor.canadiana.ca/iiif/2/69429%2Fc0542j67m820
612	p. 7-24	https://image-tor.canadiana.ca/iiif/2/69429%2Fc01c1td9zh16
613	p. 7-25	https://image-tor.canadiana.ca/iiif/2/69429%2Fc0wm13n2b60k
614	p. 7-26	https://image-tor.canadiana.ca/iiif/2/69429%2Fc0rv0cv4pd93
615	p. 7-27	https://image-tor.canadiana.ca/iiif/2/69429%2Fc0n29p271n56
616	p. 7-28	https://image-tor.canadiana.ca/iiif/2/69429%2Fc0h98z89cw4d
617	p. 7-29	https://image-tor.canadiana.ca/iiif/2/69429%2Fc0cn6xw4k871
618	p. 7-30	https://image-tor.canadiana.ca/iiif/2/69429%2Fc07w6736xh5f
619	p. 7-31	https://image-tor.canadiana.ca/iiif/2/69429%2Fc0445h998r3v
620	p. 7-32	https://image-tor.canadiana.ca/iiif/2/69429%2Fc00c4sj1n001
621	p. 7-33	https://image-tor.canadiana.ca/iiif/2/69429%2Fc0vm42r40p0v
622	p. 7-34	https://image-tor.canadiana.ca/iiif/2/69429%2Fc0qv3bz6bw8s
623	p. 7-35	https://image-tor.canadiana.ca/iiif/2/69429%2Fc0m32n58q452
624	p. 7-36	https://image-tor.canadiana.ca/iiif/2/69429%2Fc0gf0ms3wh85
625	p. 7-37	https://image-tor.canadiana.ca/iiif/2/69429%2Fc0bn9x067r89
626	p. 7-38	https://image-tor.canadiana.ca/iiif/2/69429%2Fc06w9668m057
627	p. 7-39	https://image-tor.canadiana.ca/iiif/2/69429%2Fc0348gf0z73s
628	p. 7-40	https://image-tor.canadiana.ca/iiif/2/69429%2Fc0zc7rn39x37
629	p. 7-41	https://image-tor.canadiana.ca/iiif/2/69429%2Fc0tm71v5p505
630	p. 7-42	https://image-tor.canadiana.ca/iiif/2/69429%2Fc0pv6b281c80
631	p. 7-43	https://image-tor.canadiana.ca/iiif/2/69429%2Fc0k649p36s0h
632	p. 7-44	https://image-tor.canadiana.ca/iiif/2/69429%2Fc0ff3kw5k09j
633	p. 7-45	https://image-tor.canadiana.ca/iiif/2/69429%2Fc09p2w37x760
634	p. 7-46	https://image-tor.canadiana.ca/iiif/2/69429%2Fc05x25b08g3h
635	p. 7-47	https://image-tor.canadiana.ca/iiif/2/69429%2Fc0251fj2mq21
636	p. 7-48	https://image-tor.canadiana.ca/iiif/2/69429%2Fc0xd0qr50d0t
637	p. 7-49	https://image-tor.canadiana.ca/iiif/2/69429%2Fc0sn00z7bn00
638	p. 7-50	https://image-tor.canadiana.ca/iiif/2/69429%2Fc0nz80k2j12w
639	p. 7-51	https://image-tor.canadiana.ca/iiif/2/69429%2Fc0j678s4w80t
640	p. 7-52	https://image-tor.canadiana.ca/iiif/2/69429%2Fc0df6k077g8n
641	p. 7-53	https://image-tor.canadiana.ca/iiif/2/69429%2Fc08p5v69kq68
642	p. 7-54	https://image-tor.canadiana.ca/iiif/2/69429%2Fc04x54f1xz4w
643	p. 7-55	https://image-tor.canadiana.ca/iiif/2/69429%2Fc0154dn4962t
644	p. 7-56	https://image-tor.canadiana.ca/iiif/2/69429%2Fc0wd3pv6nw2s
645	p. 7-57	https://image-tor.canadiana.ca/iiif/2/69429%2Fc0rr1pg1v83n
646	p. 7-58	https://image-tor.canadiana.ca/iiif/2/69429%2Fc0n00zp46h37
647	p. 7-59	https://image-tor.canadiana.ca/iiif/2/69429%2Fc0h707w6jq9c
648	p. 7-60	https://image-tor.canadiana.ca/iiif/2/69429%2Fc0cf9j38wz7v
649	table (p. 7-61)	https://image-tor.canadiana.ca/iiif/2/69429%2Fc07p8tb18678
650	p. 7-62	https://image-tor.canadiana.ca/iiif/2/69429%2Fc03x83j3mf58
651	p. 7-63	https://image-tor.canadiana.ca/iiif/2/69429%2Fc0057cr5zp4s
652	p. 7-64	https://image-tor.canadiana.ca/iiif/2/69429%2Fc0vh5cc15h6w
653	p. 7-65	https://image-tor.canadiana.ca/iiif/2/69429%2Fc0qr4nk3hr53
654	p. 7-66	https://image-tor.canadiana.ca/iiif/2/69429%2Fc0m03xs5w03j
655	p. 7-67	https://image-tor.canadiana.ca/iiif/2/69429%2Fc0g73708770v
656	p. 7-68	https://image-tor.canadiana.ca/iiif/2/69429%2Fc0bg2h70kf90
657	p. 7-69	https://image-tor.canadiana.ca/iiif/2/69429%2Fc06q1sf2xp61
658	p. 7-70	https://image-tor.canadiana.ca/iiif/2/69429%2Fc02z12n58x6p
659	p. 7-71	https://image-tor.canadiana.ca/iiif/2/69429%2Fc0z89280gr82
660	p. 7-72	https://image-tor.canadiana.ca/iiif/2/69429%2Fc0th8bg2v066
661	p. 7-73	https://image-tor.canadiana.ca/iiif/2/69429%2Fc0pr7mp5673q
662	p. 7-74	https://image-tor.canadiana.ca/iiif/2/69429%2Fc0k06ww7jg27
663	p. 7-75	https://image-tor.canadiana.ca/iiif/2/69429%2Fc0f76639wq0n
664	p. 7-76	https://image-tor.canadiana.ca/iiif/2/69429%2Fc09g5gb27x98
665	p. 7-77	https://image-tor.canadiana.ca/iiif/2/69429%2Fc05t3fx7fb0s
666	p. 7-78	https://image-tor.canadiana.ca/iiif/2/69429%2Fc0222r49sj8f
667	p. 7-79	https://image-tor.canadiana.ca/iiif/2/69429%2Fc0x921c25808
668	p. 7-80	https://image-tor.canadiana.ca/iiif/2/69429%2Fc0sj19k4hg7m
669	p. 7-81	https://image-tor.canadiana.ca/iiif/2/69429%2Fc0ns0ks6vq6t
670	p. 7-82	https://image-tor.canadiana.ca/iiif/2/69429%2Fc0j09w096z43
671	p. 7-83	https://image-tor.canadiana.ca/iiif/2/69429%2Fc0d79571k627
672	p. 7-84	https://image-tor.canadiana.ca/iiif/2/69429%2Fc08k74t6rk1c
673	p. 7-85	https://image-tor.canadiana.ca/iiif/2/69429%2Fc04t6f193t12
674	table (p. 7-86)	https://image-tor.canadiana.ca/iiif/2/69429%2Fc0125q81g19f
675	table (p. 7-87)	https://image-tor.canadiana.ca/iiif/2/69429%2Fc0w950g3tq9s
676	p. 7-88	https://image-tor.canadiana.ca/iiif/2/69429%2Fc0rj48p65z7w
677	p. 7-89	https://image-tor.canadiana.ca/iiif/2/69429%2Fc0ms3jw8j66m
678	p. 7-90	https://image-tor.canadiana.ca/iiif/2/69429%2Fc0h12v40wf30
679	p. 7-95 [91]	https://image-tor.canadiana.ca/iiif/2/69429%2Fc0cc0tq62t5c
680	p. 7-92	https://image-tor.canadiana.ca/iiif/2/69429%2Fc07m03x8f23w
681	p. 7-93	https://image-tor.canadiana.ca/iiif/2/69429%2Fc03t9d50s90d
682	p. 7-94	https://image-tor.canadiana.ca/iiif/2/69429%2Fc0028pc34h84
683	p. 7-95	https://image-tor.canadiana.ca/iiif/2/69429%2Fc0v97zk5h696
684	p. 7-96	https://image-tor.canadiana.ca/iiif/2/69429%2Fc0qj77s7vf51
685	p. 7-97	https://image-tor.canadiana.ca/iiif/2/69429%2Fc0ks6j106p4r
686	p. 7-98	https://image-tor.canadiana.ca/iiif/2/69429%2Fc0g44hm5d28n
687	p. 7-99	https://image-tor.canadiana.ca/iiif/2/69429%2Fc0bc3st7r95p
688	p. 7-100	https://image-tor.canadiana.ca/iiif/2/69429%2Fc06m33203j36
689	p. 7-101	https://image-tor.canadiana.ca/iiif/2/69429%2Fc02v2c82fs07
690	p. 7-102	https://image-tor.canadiana.ca/iiif/2/69429%2Fc0z31ng4tg26
691	p. 7-103	https://image-tor.canadiana.ca/iiif/2/69429%2Fc0tb0xp75p91
692	p. 7-104	https://image-tor.canadiana.ca/iiif/2/69429%2Fc0pk06w9hx71
693	p. 7-105	https://image-tor.canadiana.ca/iiif/2/69429%2Fc0jw86h4qb06
694	p. 7-106	https://image-tor.canadiana.ca/iiif/2/69429%2Fc0f47gq72j8x
695	p. 7-107	https://image-tor.canadiana.ca/iiif/2/69429%2Fc09c6rx9ds5z
696	p. 7-108	https://image-tor.canadiana.ca/iiif/2/69429%2Fc05m6251s13h
697	p. 7-109	https://image-tor.canadiana.ca/iiif/2/69429%2Fc01v5bc44801
698	p. 7-110	https://image-tor.canadiana.ca/iiif/2/69429%2Fc0x34mk6gz09
699	p. 7-111	https://image-tor.canadiana.ca/iiif/2/69429%2Fc0sb3ws8v58r
700	p. 7-112	https://image-tor.canadiana.ca/iiif/2/69429%2Fc0np1wd41j9k
701	p. 7-113	https://image-tor.canadiana.ca/iiif/2/69429%2Fc0hx15m6cs85
702	p. 7-114	https://image-tor.canadiana.ca/iiif/2/69429%2Fc0d50ft8r151
703	p. 7-115	https://image-tor.canadiana.ca/iiif/2/69429%2Fc08c9r21383m
704	p. 7-116	https://image-tor.canadiana.ca/iiif/2/69429%2Fc04m9183fh3s
705	p. 7-117	https://image-tor.canadiana.ca/iiif/2/69429%2Fc00v89g5sq9j
706	p. 7-118	https://image-tor.canadiana.ca/iiif/2/69429%2Fc0w37kp85f1p
707	p. 7-119	https://image-tor.canadiana.ca/iiif/2/69429%2Fc0rf5k93bt3m
708	p. 7-120	https://image-tor.canadiana.ca/iiif/2/69429%2Fc0mp4vh5q205
709	p. 7-121	https://image-tor.canadiana.ca/iiif/2/69429%2Fc0gx44q8288z
710	p. 7-122	https://image-tor.canadiana.ca/iiif/2/69429%2Fc0c53dz0dh5x
711	p. 7-123	https://image-tor.canadiana.ca/iiif/2/69429%2Fc07d2q52rr54
712	p. 7-124	https://image-tor.canadiana.ca/iiif/2/69429%2Fc03n20c54034
713	p. 7-125	https://image-tor.canadiana.ca/iiif/2/69429%2Fc0zw18k7gp4p
714	blank page	https://image-tor.canadiana.ca/iiif/2/69429%2Fc0v69862p24q
715	table (p. 7-127)	https://image-tor.canadiana.ca/iiif/2/69429%2Fc0qf8jd5193d
716	blank page	https://image-tor.canadiana.ca/iiif/2/69429%2Fc0kp7tm7cj0f
717	p. 7-129	https://image-tor.canadiana.ca/iiif/2/69429%2Fc0fx73t9qr8r
718	p. 7-130	https://image-tor.canadiana.ca/iiif/2/69429%2Fc0b56d22306q
719	p. 7-131	https://image-tor.canadiana.ca/iiif/2/69429%2Fc06d5p84f75x
720	blank page	https://image-tor.canadiana.ca/iiif/2/69429%2Fc02n4zg6sg3j
721	table (p. 7-133)	https://image-tor.canadiana.ca/iiif/2/69429%2Fc0z02z32095z
722	blank page	https://image-tor.canadiana.ca/iiif/2/69429%2Fc0t72794bj54
723	p. 7-135	https://image-tor.canadiana.ca/iiif/2/69429%2Fc0pg1hh6ps1k
724	p. 7-136	https://image-tor.canadiana.ca/iiif/2/69429%2Fc0jq0sq9209h
725	p. 7-137	https://image-tor.canadiana.ca/iiif/2/69429%2Fc0dz02z1d799
726	p. 7-138	https://image-tor.canadiana.ca/iiif/2/69429%2Fc0959c53rg6h
727	p. 7-139	https://image-tor.canadiana.ca/iiif/2/69429%2Fc05h7br8xv8d
728	p. 7-140	https://image-tor.canadiana.ca/iiif/2/69429%2Fc01r6n01937n
729	p. 7-141	https://image-tor.canadiana.ca/iiif/2/69429%2Fc0x05x63ns7x
730	p. 7-142	https://image-tor.canadiana.ca/iiif/2/69429%2Fc0s756d6115x
731	p. 7-143	https://image-tor.canadiana.ca/iiif/2/69429%2Fc0ng4gm8c83j
732	p. 7-144	https://image-tor.canadiana.ca/iiif/2/69429%2Fc0hq3rv0qh2c
733	p. 7-145	https://image-tor.canadiana.ca/iiif/2/69429%2Fc0cz32232r08
734	p. 7-146	https://image-tor.canadiana.ca/iiif/2/69429%2Fc08911n8841d
735	p. 7-147	https://image-tor.canadiana.ca/iiif/2/69429%2Fc04j09w0mb9z
736	p. 7-148	https://image-tor.canadiana.ca/iiif/2/69429%2Fc00r9m32zk81
737	p. 7-149	https://image-tor.canadiana.ca/iiif/2/69429%2Fc0w08w95b864
738	p. 7-150	https://image-tor.canadiana.ca/iiif/2/69429%2Fc0r785h7ph5q
739	p. 7-151	https://image-tor.canadiana.ca/iiif/2/69429%2Fc0mg7fr01r3f
740	table (p. 7-152)	https://image-tor.canadiana.ca/iiif/2/69429%2Fc0gq6qz2d025
741	p. 7-153	https://image-tor.canadiana.ca/iiif/2/69429%2Fc0c24qj7kc36
742	p. 7-154	https://image-tor.canadiana.ca/iiif/2/69429%2Fc07940r9xm0m
743	p. 7-155	https://image-tor.canadiana.ca/iiif/2/69429%2Fc03j39028t9n
744	p. 7-156	https://image-tor.canadiana.ca/iiif/2/69429%2Fc0zs2k64nh8j
745	p. 7-157	https://image-tor.canadiana.ca/iiif/2/69429%2Fc0v11vd70r6z
746	p. 7-158	https://image-tor.canadiana.ca/iiif/2/69429%2Fc0q814m9c052
747	p. 7-159	https://image-tor.canadiana.ca/iiif/2/69429%2Fc0kh0dv1q72q
748	p. 7-160	https://image-tor.canadiana.ca/iiif/2/69429%2Fc0ft8df6wm52
749	p. 7-161	https://image-tor.canadiana.ca/iiif/2/69429%2Fc0b27pn97v42
750	p. 7-162	https://image-tor.canadiana.ca/iiif/2/69429%2Fc0696zw1m317
751	unnumbered	https://image-tor.canadiana.ca/iiif/2/69429%2Fc02j6833z98c
752	blank page	https://image-tor.canadiana.ca/iiif/2/69429%2Fc0xs5j96b09x
753	table of contents (p. 8-iii)	https://image-tor.canadiana.ca/iiif/2/69429%2Fc0t14th8p77v
754	p. 8-iv	https://image-tor.canadiana.ca/iiif/2/69429%2Fc0p843r11g5z
755	p. 8-v	https://image-tor.canadiana.ca/iiif/2/69429%2Fc0jm23b66v8v
756	p. 8-vi	https://image-tor.canadiana.ca/iiif/2/69429%2Fc0dv1cj8k360
757	p. 8-vii	https://image-tor.canadiana.ca/iiif/2/69429%2Fc0930ns0xb4j
758	p. 8-ii [viii]	https://image-tor.canadiana.ca/iiif/2/69429%2Fc0599z038k1x
759	p. 8-ix	https://image-tor.canadiana.ca/iiif/2/69429%2Fc01j9765mt0h
760	p. 8-x	https://image-tor.canadiana.ca/iiif/2/69429%2Fc0ws8hd80g8m
761	p. 8-xi	https://image-tor.canadiana.ca/iiif/2/69429%2Fc0s17sn0bq7r
762	p. 8-xii	https://image-tor.canadiana.ca/iiif/2/69429%2Fc0nc5s75j39k
763	p. 8-xiii	https://image-tor.canadiana.ca/iiif/2/69429%2Fc0hm52f7wb60
764	p. 8-xiv	https://image-tor.canadiana.ca/iiif/2/69429%2Fc0cv4bp07k4q
765	p. 8-xv	https://image-tor.canadiana.ca/iiif/2/69429%2Fc0833mw2kt12
766	p. 8-xvi	https://image-tor.canadiana.ca/iiif/2/69429%2Fc04b2x34z206
767	p. 8-xvii	https://image-tor.canadiana.ca/iiif/2/69429%2Fc00k26979880
768	p. 8-xviii	https://image-tor.canadiana.ca/iiif/2/69429%2Fc0vt1gh9nz9j
769	p. 8-xix	https://image-tor.canadiana.ca/iiif/2/69429%2Fc0r49g44vc0v
770	p. 8-xx	https://image-tor.canadiana.ca/iiif/2/69429%2Fc0mc8rb76k9v
771	p. 8-xxi	https://image-tor.canadiana.ca/iiif/2/69429%2Fc0gm81j9jt68
772	p. 8-xxii	https://image-tor.canadiana.ca/iiif/2/69429%2Fc0bv79s1x25m
773	p. 8-xxiii	https://image-tor.canadiana.ca/iiif/2/69429%2Fc0736m04893f
774	p. 8-xxiv	https://image-tor.canadiana.ca/iiif/2/69429%2Fc03b5w66mj0g
775	p. 8-xxv	https://image-tor.canadiana.ca/iiif/2/69429%2Fc0zk55d9071d
776	p. 8-xxvi	https://image-tor.canadiana.ca/iiif/2/69429%2Fc0tx35145m3b
777	p. 8-xxvii	https://image-tor.canadiana.ca/iiif/2/69429%2Fc0q52f76hv18
778	p. 8-xxviii	https://image-tor.canadiana.ca/iiif/2/69429%2Fc0kd1qf8w284
779	p. 8-xxix	https://image-tor.canadiana.ca/iiif/2/69429%2Fc0fn10p1795n
780	p. 8-xxx	https://image-tor.canadiana.ca/iiif/2/69429%2Fc09w08w3kj5f
781	p. 8-xxxi	https://image-tor.canadiana.ca/iiif/2/69429%2Fc0639k35xs2n
782	p. 8-xxxii	https://image-tor.canadiana.ca/iiif/2/69429%2Fc02b8v98912f
783	p. 8-xxxiii	https://image-tor.canadiana.ca/iiif/2/69429%2Fc0xp6tx3gv44
784	p. 8-xxxiv	https://image-tor.canadiana.ca/iiif/2/69429%2Fc0sx6445v322
785	p. 8-xxxv	https://image-tor.canadiana.ca/iiif/2/69429%2Fc0p55db86b0g
786	p. 8-xxxvi	https://image-tor.canadiana.ca/iiif/2/69429%2Fc0jd4pk0jj7f
787	p. 8-xxxvii	https://image-tor.canadiana.ca/iiif/2/69429%2Fc0dn3zs2ws52
788	p. 8-xxxviii	https://image-tor.canadiana.ca/iiif/2/69429%2Fc08w38058142
789	p. 8-xxxix	https://image-tor.canadiana.ca/iiif/2/69429%2Fc0542j67m83k
790	p. 8-xl	https://image-tor.canadiana.ca/iiif/2/69429%2Fc01g0ht2sn3x
791	unnumbered	https://image-tor.canadiana.ca/iiif/2/69429%2Fc0wp9t155b5x
792	blank page	https://image-tor.canadiana.ca/iiif/2/69429%2Fc0rx9377hk2b
793	table of contents (p. 8-3)	https://image-tor.canadiana.ca/iiif/2/69429%2Fc0n58cf9vt1v
794	table of contents (p. 8-4)	https://image-tor.canadiana.ca/iiif/2/69429%2Fc0hd7np2720p
795	table of contents (p. 8-5)	https://image-tor.canadiana.ca/iiif/2/69429%2Fc0cn6xw4k88m
796	blank page	https://image-tor.canadiana.ca/iiif/2/69429%2Fc0804xg9rn9n
797	unnumbered	https://image-tor.canadiana.ca/iiif/2/69429%2Fc04746q23w7r
798	p. 8-8	https://image-tor.canadiana.ca/iiif/2/69429%2Fc00g3gx4g46g
799	p. 8-9	https://image-tor.canadiana.ca/iiif/2/69429%2Fc0vq2s46tt4p
800	p. 8-10	https://image-tor.canadiana.ca/iiif/2/69429%2Fc0qz22b9622p
801	p. 8-11	https://image-tor.canadiana.ca/iiif/2/69429%2Fc0m61bk1j92d
802	p. 8-12	https://image-tor.canadiana.ca/iiif/2/69429%2Fc0gf0ms3wh9r
803	p. 8-13	https://image-tor.canadiana.ca/iiif/2/69429%2Fc0br8mc92w9t
804	p. 8-14	https://image-tor.canadiana.ca/iiif/2/69429%2Fc0707wm1f48g
805	p. 8-15	https://image-tor.canadiana.ca/iiif/2/69429%2Fc03775t3sc6g
806	p. 8-16	https://image-tor.canadiana.ca/iiif/2/69429%2Fc0zg6g16526v
807	p. 8-17	https://image-tor.canadiana.ca/iiif/2/69429%2Fc0tq5r78h94g
808	p. 8-18	https://image-tor.canadiana.ca/iiif/2/69429%2Fc0pz51g0vj23
809	p. 8-19	https://image-tor.canadiana.ca/iiif/2/69429%2Fc0k649p36s13
810	p. 8-20	https://image-tor.canadiana.ca/iiif/2/69429%2Fc0fj2988d54h
811	p. 8-21	https://image-tor.canadiana.ca/iiif/2/69429%2Fc09s1kh0rd15
812	p. 8-22	https://image-tor.canadiana.ca/iiif/2/69429%2Fc0610vq33n05
813	p. 8-23	https://image-tor.canadiana.ca/iiif/2/69429%2Fc02804x5fv69
814	p. 8-24	https://image-tor.canadiana.ca/iiif/2/69429%2Fc0xg9f47tj77
815	p. 8-25	https://image-tor.canadiana.ca/iiif/2/69429%2Fc0sq8qc05s5z
816	p. 8-26	https://image-tor.canadiana.ca/iiif/2/69429%2Fc0nz80k2j13g
817	p. 8-27	https://image-tor.canadiana.ca/iiif/2/69429%2Fc0j96057qd6p
818	p. 8-28	https://image-tor.canadiana.ca/iiif/2/69429%2Fc0dj58d02n4d
819	p. 8-29	https://image-tor.canadiana.ca/iiif/2/69429%2Fc08s4jm2dw21
820	p. 8-30	https://image-tor.canadiana.ca/iiif/2/69429%2Fc0513tt4s396
821	p. 8-31	https://image-tor.canadiana.ca/iiif/2/69429%2Fc01834174b73
822	p. 8-32	https://image-tor.canadiana.ca/iiif/2/69429%2Fc0wh2d79h17k
823	p. 8-33	https://image-tor.canadiana.ca/iiif/2/69429%2Fc0rr1pg1v847
824	p. 8-34	https://image-tor.canadiana.ca/iiif/2/69429%2Fc0n29p271n6s
825	p. 8-35	https://image-tor.canadiana.ca/iiif/2/69429%2Fc0h98z89cw50
826	p. 8-36	https://image-tor.canadiana.ca/iiif/2/69429%2Fc0cj87h1r42j
827	p. 8-37	https://image-tor.canadiana.ca/iiif/2/69429%2Fc07s7hq43b9c
828	p. 8-38	https://image-tor.canadiana.ca/iiif/2/69429%2Fc0416sx6fk8w
829	p. 8-39	https://image-tor.canadiana.ca/iiif/2/69429%2Fc0086348st5q
830	p. 8-40	https://image-tor.canadiana.ca/iiif/2/69429%2Fc0vh5cc15h7g
831	p. 8-41	https://image-tor.canadiana.ca/iiif/2/69429%2Fc0qv3bz6bw9c
832	p. 8-42	https://image-tor.canadiana.ca/iiif/2/69429%2Fc0m32n58q46n
833	p. 8-43	https://image-tor.canadiana.ca/iiif/2/69429%2Fc0gb1xd12c5z
834	p. 8-44	https://image-tor.canadiana.ca/iiif/2/69429%2Fc0bk16m3dm2c
835	p. 8-45	https://image-tor.canadiana.ca/iiif/2/69429%2Fc06t0gt5rv1k
836	p. 8-46	https://image-tor.canadiana.ca/iiif/2/69429%2Fc0319s184283
837	p. 8-47	https://image-tor.canadiana.ca/iiif/2/69429%2Fc0z89280gr9n
838	p. 8-48	https://image-tor.canadiana.ca/iiif/2/69429%2Fc0tm71v5p51r
839	p. 8-49	https://image-tor.canadiana.ca/iiif/2/69429%2Fc0pv6b281c9k
840	p. 8-50	https://image-tor.canadiana.ca/iiif/2/69429%2Fc0k35m90cm6j
841	p. 8-51	https://image-tor.canadiana.ca/iiif/2/69429%2Fc0fb4wh2qv3k
842	p. 8-52	https://image-tor.canadiana.ca/iiif/2/69429%2Fc09k45q53325
843	p. 8-53	https://image-tor.canadiana.ca/iiif/2/69429%2Fc05t3fx7fb1c
844	p. 8-54	https://image-tor.canadiana.ca/iiif/2/69429%2Fc0222r49sj91
845	p. 8-55	https://image-tor.canadiana.ca/iiif/2/69429%2Fc0xd0qr50d1d
846	p. 8-56	https://image-tor.canadiana.ca/iiif/2/69429%2Fc0sn00z7bn1k
847	p. 8-57	https://image-tor.canadiana.ca/iiif/2/69429%2Fc0nv9959pv8s
848	p. 8-58	https://image-tor.canadiana.ca/iiif/2/69429%2Fc0j38kd2236b
849	p. 8-59	https://image-tor.canadiana.ca/iiif/2/69429%2Fc0db7vm4db5j
850	p. 8-60	https://image-tor.canadiana.ca/iiif/2/69429%2Fc08k74t6rk2z
851	p. 8-61	https://image-tor.canadiana.ca/iiif/2/69429%2Fc04t6f193t2n
852	p. 8-62	https://image-tor.canadiana.ca/iiif/2/69429%2Fc0154dn4963d
853	p. 8-63	https://image-tor.canadiana.ca/iiif/2/69429%2Fc0wd3pv6nw3c
854	p. 8-64	https://image-tor.canadiana.ca/iiif/2/69429%2Fc0rn3029141s
855	p. 8-65	https://image-tor.canadiana.ca/iiif/2/69429%2Fc0mw2891cb8r
856	p. 8-66	https://image-tor.canadiana.ca/iiif/2/69429%2Fc0h41jh3qk8v
857	p. 8-67	https://image-tor.canadiana.ca/iiif/2/69429%2Fc0cc0tq62t6z
858	p. 8-68	https://image-tor.canadiana.ca/iiif/2/69429%2Fc07p8tb1868v
859	p. 8-69	https://image-tor.canadiana.ca/iiif/2/69429%2Fc03x83j3mf6v
860	p. 8-70	https://image-tor.canadiana.ca/iiif/2/69429%2Fc0057cr5zp5c
861	p. 8-71	https://image-tor.canadiana.ca/iiif/2/69429%2Fc0vd6nz8bc4r
862	p. 8-72	https://image-tor.canadiana.ca/iiif/2/69429%2Fc0qn5z60pm2d
863	p. 8-73	https://image-tor.canadiana.ca/iiif/2/69429%2Fc0kw57d31v0w
864	p. 8-74	https://image-tor.canadiana.ca/iiif/2/69429%2Fc0g44hm5d297
865	p. 8-75	https://image-tor.canadiana.ca/iiif/2/69429%2Fc0bg2h70kg08
866	p. 8-76	https://image-tor.canadiana.ca/iiif/2/69429%2Fc06q1sf2xp7m
867	p. 8-77	https://image-tor.canadiana.ca/iiif/2/69429%2Fc02z12n58x78
868	p. 8-78	https://image-tor.canadiana.ca/iiif/2/69429%2Fc0z60bv7nm5w
869	p. 8-79	https://image-tor.canadiana.ca/iiif/2/69429%2Fc0td9n300v3g
870	p. 8-80	https://image-tor.canadiana.ca/iiif/2/69429%2Fc0pn8x92c33s
871	p. 8-81	https://image-tor.canadiana.ca/iiif/2/69429%2Fc0jw86h4qb1s
872	p. 8-82	https://image-tor.canadiana.ca/iiif/2/69429%2Fc0f76639wq17
873	p. 8-83	https://image-tor.canadiana.ca/iiif/2/69429%2Fc09g5gb27z0j
874	p. 8-84	https://image-tor.canadiana.ca/iiif/2/69429%2Fc05q4rj4m57d
875	p. 8-85	https://image-tor.canadiana.ca/iiif/2/69429%2Fc01z41r6zd60
876	p. 8-86	https://image-tor.canadiana.ca/iiif/2/69429%2Fc0x639z9b35p
877	p. 8-87	https://image-tor.canadiana.ca/iiif/2/69429%2Fc0sf2m61pb3b
878	p. 8-88	https://image-tor.canadiana.ca/iiif/2/69429%2Fc0np1wd41k0v
879	p. 8-89	https://image-tor.canadiana.ca/iiif/2/69429%2Fc0j09w096z5p
880	p. 8-90	https://image-tor.canadiana.ca/iiif/2/69429%2Fc0d79571k63t
881	table (p. 8-91)	https://image-tor.canadiana.ca/iiif/2/69429%2Fc08g8ff3xf1f
882	table (p. 8-92)	https://image-tor.canadiana.ca/iiif/2/69429%2Fc04q7qn68n7p
883	p. 8-93	https://image-tor.canadiana.ca/iiif/2/69429%2Fc00z70v8mw68
884	p. 8-94	https://image-tor.canadiana.ca/iiif/2/69429%2Fc0w669310k50
885	p. 8-95	https://image-tor.canadiana.ca/iiif/2/69429%2Fc0rf5k93bt46
886	p. 8-96	https://image-tor.canadiana.ca/iiif/2/69429%2Fc0ms3jw8j676
887	p. 8-97	https://image-tor.canadiana.ca/iiif/2/69429%2Fc0h12v40wf4k
888	p. 8-98	https://image-tor.canadiana.ca/iiif/2/69429%2Fc0c824b37p3n
889	p. 8-99	https://image-tor.canadiana.ca/iiif/2/69429%2Fc07h1dj5kw9d
890	p. 8-100	https://image-tor.canadiana.ca/iiif/2/69429%2Fc03r0pr7z47j
891	p. 8-101	https://image-tor.canadiana.ca/iiif/2/69429%2Fc00000009c5c
892	p. 8-102	https://image-tor.canadiana.ca/iiif/2/69429%2Fc0v69862p259
893	p. 8-103	https://image-tor.canadiana.ca/iiif/2/69429%2Fc0qj77s7vf6m
894	p. 8-104	https://image-tor.canadiana.ca/iiif/2/69429%2Fc0ks6j106p5b
895	p. 8-105	https://image-tor.canadiana.ca/iiif/2/69429%2Fc0g15t72jx38
896	p. 8-106	https://image-tor.canadiana.ca/iiif/2/69429%2Fc0b853f4x51s
897	p. 8-107	https://image-tor.canadiana.ca/iiif/2/69429%2Fc06h4cn78c96
898	p. 8-108	https://image-tor.canadiana.ca/iiif/2/69429%2Fc02r3nv9mm7t
899	p. 8-109	https://image-tor.canadiana.ca/iiif/2/69429%2Fc0z02z32096j
900	p. 8-110	https://image-tor.canadiana.ca/iiif/2/69429%2Fc0tb0xp75q09
901	p. 8-111	https://image-tor.canadiana.ca/iiif/2/69429%2Fc0pk06w9hx8m
902	p. 8-112	https://image-tor.canadiana.ca/iiif/2/69429%2Fc0js9h41w55n
903	p. 8-113	https://image-tor.canadiana.ca/iiif/2/69429%2Fc0f18sb47d2g
904	p. 8-114	https://image-tor.canadiana.ca/iiif/2/69429%2Fc09882j6kn12
905	p. 8-115	https://image-tor.canadiana.ca/iiif/2/69429%2Fc05h7br8xv90
906	p. 8-116	https://image-tor.canadiana.ca/iiif/2/69429%2Fc01r6n019387
907	p. 8-117	https://image-tor.canadiana.ca/iiif/2/69429%2Fc0x34mk6gz1w
908	p. 8-118	https://image-tor.canadiana.ca/iiif/2/69429%2Fc0sb3ws8v59b
909	p. 8-119	https://image-tor.canadiana.ca/iiif/2/69429%2Fc0nk36116d8f
910	p. 8-120	https://image-tor.canadiana.ca/iiif/2/69429%2Fc0ht2g73jn5g
911	p. 8-121	https://image-tor.canadiana.ca/iiif/2/69429%2Fc0d21rf5ww3d
912	p. 8-122	https://image-tor.canadiana.ca/iiif/2/69429%2Fc08911n88420
913	table (p. 8-123)	https://image-tor.canadiana.ca/iiif/2/69429%2Fc04j09w0mc07
914	p. 8-124	https://image-tor.canadiana.ca/iiif/2/69429%2Fc00v89g5sr0t
915	p. 8-125	https://image-tor.canadiana.ca/iiif/2/69429%2Fc0w37kp85f28
916	p. 8-126	https://image-tor.canadiana.ca/iiif/2/69429%2Fc0rb6vx0hn97
917	p. 8-127	https://image-tor.canadiana.ca/iiif/2/69429%2Fc0mk6542vw7n
918	p. 8-128	https://image-tor.canadiana.ca/iiif/2/69429%2Fc0gt5fb57458
919	p. 8-129	https://image-tor.canadiana.ca/iiif/2/69429%2Fc0c24qj7kc4s
920	p. 8-130	https://image-tor.canadiana.ca/iiif/2/69429%2Fc07d2q52rr6q
921	table (p. 8-131)	https://image-tor.canadiana.ca/iiif/2/69429%2Fc03n20c5404q
922	p. 8-132	https://image-tor.canadiana.ca/iiif/2/69429%2Fc0zw18k7gp58
923	unnumbered	https://image-tor.canadiana.ca/iiif/2/69429%2Fc0v40js9tx2m
924	p. 8-134	https://image-tor.canadiana.ca/iiif/2/69429%2Fc0qb9v12650q
925	p. 8-135	https://image-tor.canadiana.ca/iiif/2/69429%2Fc0kk9474jc9m
926	p. 8-136	https://image-tor.canadiana.ca/iiif/2/69429%2Fc0ft8df6wm6n
927	p. 8-137	https://image-tor.canadiana.ca/iiif/2/69429%2Fc0b56d223079
928	p. 8-138	https://image-tor.canadiana.ca/iiif/2/69429%2Fc06d5p84f76h
929	p. 8-139	https://image-tor.canadiana.ca/iiif/2/69429%2Fc02n4zg6sg44
930	p. 8-140	https://image-tor.canadiana.ca/iiif/2/69429%2Fc0xw47p9554g
931	unnumbered	https://image-tor.canadiana.ca/iiif/2/69429%2Fc0t43hx1hd1f
932	p. 8-142	https://image-tor.canadiana.ca/iiif/2/69429%2Fc0pc2t43vn02
933	p. 8-143	https://image-tor.canadiana.ca/iiif/2/69429%2Fc0jm23b66v9f
934	p. 8-144	https://image-tor.canadiana.ca/iiif/2/69429%2Fc0dz02z1d80k
935	p. 8-145	https://image-tor.canadiana.ca/iiif/2/69429%2Fc0959c53rg73
936	p. 8-146	https://image-tor.canadiana.ca/iiif/2/69429%2Fc05d8nc63q6s
937	p. 8-147	https://image-tor.canadiana.ca/iiif/2/69429%2Fc01n7xk8fz3t
938	p. 8-148	https://image-tor.canadiana.ca/iiif/2/69429%2Fc0ww76t0tn4w
939	p. 8-149	https://image-tor.canadiana.ca/iiif/2/69429%2Fc0s46h135w2q
940	p. 8-150	https://image-tor.canadiana.ca/iiif/2/69429%2Fc0nc5s75j40v
941	p. 8-151	https://image-tor.canadiana.ca/iiif/2/69429%2Fc0hq3rv0qh3z
942	p. 8-152	https://image-tor.canadiana.ca/iiif/2/69429%2Fc0cz32232r1v
943	unnumbered	https://image-tor.canadiana.ca/iiif/2/69429%2Fc0862b85dz93
944	p. 8-154	https://image-tor.canadiana.ca/iiif/2/69429%2Fc04f1mg7s652
945	p. 8-155	https://image-tor.canadiana.ca/iiif/2/69429%2Fc00p0wq04f3s
946	p. 8-156	https://image-tor.canadiana.ca/iiif/2/69429%2Fc0vx05x2h447
947	p. 8-157	https://image-tor.canadiana.ca/iiif/2/69429%2Fc0r49g44vc1f
948	p. 8-158	https://image-tor.canadiana.ca/iiif/2/69429%2Fc0mg7fr01r41
949	p. 8-159	https://image-tor.canadiana.ca/iiif/2/69429%2Fc0gq6qz2d03r
950	p. 8-160	https://image-tor.canadiana.ca/iiif/2/69429%2Fc0bz6154r70k
951	p. 8-161	https://image-tor.canadiana.ca/iiif/2/69429%2Fc07659c73f89
952	p. 8-162	https://image-tor.canadiana.ca/iiif/2/69429%2Fc03f4kk9fp6x
953	p. 8-163	https://image-tor.canadiana.ca/iiif/2/69429%2Fc0zp3vt1tc5f
954	p. 8-164	https://image-tor.canadiana.ca/iiif/2/69429%2Fc0tx35145m4x
955	p. 8-165	https://image-tor.canadiana.ca/iiif/2/69429%2Fc0q814m9c06n
956	p. 8-166	https://image-tor.canadiana.ca/iiif/2/69429%2Fc0kh0dv1q739
957	p. 8-167	https://image-tor.canadiana.ca/iiif/2/69429%2Fc0fq9q242g2v
958	p. 8-168	https://image-tor.canadiana.ca/iiif/2/69429%2Fc09z9086dp80
959	p. 8-169	https://image-tor.canadiana.ca/iiif/2/69429%2Fc06688g8rx7h
960	p. 8-170	https://image-tor.canadiana.ca/iiif/2/69429%2Fc02f7jq1455r
961	p. 8-171	https://image-tor.canadiana.ca/iiif/2/69429%2Fc0xp6tx3gv5q
962	p. 8-172	https://image-tor.canadiana.ca/iiif/2/69429%2Fc0t14th8p78f
963	p. 8-173	https://image-tor.canadiana.ca/iiif/2/69429%2Fc0p843r11g6j
964	p. 8-174	https://image-tor.canadiana.ca/iiif/2/69429%2Fc0jh3cz3cq45
965	p. 8-175	https://image-tor.canadiana.ca/iiif/2/69429%2Fc0dr2p55qz1m
966	p. 8-176	https://image-tor.canadiana.ca/iiif/2/69429%2Fc0901zc8359v
967	p. 8-177	https://image-tor.canadiana.ca/iiif/2/69429%2Fc05717m0fd7g
968	p. 8-178	https://image-tor.canadiana.ca/iiif/2/69429%2Fc01g0ht2sn4h
969	unnumbered	https://image-tor.canadiana.ca/iiif/2/69429%2Fc0ws8hd80g96
970	blank page	https://image-tor.canadiana.ca/iiif/2/69429%2Fc0s17sn0bq8b
971	p. 8-3	https://image-tor.canadiana.ca/iiif/2/69429%2Fc0n872v2pz5r
972	p. 8-4	https://image-tor.canadiana.ca/iiif/2/69429%2Fc0hh6c252626
973	p. 8-5	https://image-tor.canadiana.ca/iiif/2/69429%2Fc0cr5n87df1d
974	p. 8-6	https://image-tor.canadiana.ca/iiif/2/69429%2Fc0804xg9rp0x
975	p. 8-7	https://image-tor.canadiana.ca/iiif/2/69429%2Fc04746q23w8b
976	p. 8-8	https://image-tor.canadiana.ca/iiif/2/69429%2Fc00k2697989k
977	p. 8-9	https://image-tor.canadiana.ca/iiif/2/69429%2Fc0vt1gh9p00b
978	p. 8-10	https://image-tor.canadiana.ca/iiif/2/69429%2Fc0r20rr2168p
979	unnumbered	https://image-tor.canadiana.ca/iiif/2/69429%2Fc0m901z4cf4h
980	blank page	https://image-tor.canadiana.ca/iiif/2/69429%2Fc0gh9b56qp3k
981	p. 8-3	https://image-tor.canadiana.ca/iiif/2/69429%2Fc0br8mc92x03
982	p. 8-4	https://image-tor.canadiana.ca/iiif/2/69429%2Fc0707wm1f492
983	p. 8-5	https://image-tor.canadiana.ca/iiif/2/69429%2Fc03b5w66mj12
984	p. 8-6	https://image-tor.canadiana.ca/iiif/2/69429%2Fc0zk55d90720
985	p. 8-7	https://image-tor.canadiana.ca/iiif/2/69429%2Fc0tt4fn1bg07
986	p. 8-8	https://image-tor.canadiana.ca/iiif/2/69429%2Fc0q23qv3pp7w
987	p. 8-9	https://image-tor.canadiana.ca/iiif/2/69429%2Fc0k931261x6c
988	p. 8-10	https://image-tor.canadiana.ca/iiif/2/69429%2Fc0fj2988d553
989	table (p. 8-11)	https://image-tor.canadiana.ca/iiif/2/69429%2Fc09w08w3kj61
990	blank page	https://image-tor.canadiana.ca/iiif/2/69429%2Fc0639k35xs37
991	unnumbered	https://image-tor.canadiana.ca/iiif/2/69429%2Fc02b8v989131
992	p. 8-14	https://image-tor.canadiana.ca/iiif/2/69429%2Fc0xk84j0nq2d
993	p. 8-15	https://image-tor.canadiana.ca/iiif/2/69429%2Fc0st7dr30x97
994	p. 8-16	https://image-tor.canadiana.ca/iiif/2/69429%2Fc0p26pz5c588
995	p. 8-17	https://image-tor.canadiana.ca/iiif/2/69429%2Fc0j96057qd78
996	p. 8-18	https://image-tor.canadiana.ca/iiif/2/69429%2Fc0dn3zs2ws6n
997	p. 8-19	https://image-tor.canadiana.ca/iiif/2/69429%2Fc08w3805815n
998	p. 8-20	https://image-tor.canadiana.ca/iiif/2/69429%2Fc0542j67m845
999	p. 8-21	https://image-tor.canadiana.ca/iiif/2/69429%2Fc01c1td9zh2s
1000	p. 8-22	https://image-tor.canadiana.ca/iiif/2/69429%2Fc0wm13n2b615
1001	p. 8-23	https://image-tor.canadiana.ca/iiif/2/69429%2Fc0rv0cv4pf0c
1002	p. 8-24	https://image-tor.canadiana.ca/iiif/2/69429%2Fc0n29p271n7c
1003	p. 8-25	https://image-tor.canadiana.ca/iiif/2/69429%2Fc0hd7np27218
1004	p. 8-26	https://image-tor.canadiana.ca/iiif/2/69429%2Fc0cn6xw4k896
1005	p. 8-27	https://image-tor.canadiana.ca/iiif/2/69429%2Fc07w6736xh61
1006	p. 8-28	https://image-tor.canadiana.ca/iiif/2/69429%2Fc0445h998r4f
1007	p. 8-29	https://image-tor.canadiana.ca/iiif/2/69429%2Fc00c4sj1n01m
1008	p. 8-30	https://image-tor.canadiana.ca/iiif/2/69429%2Fc0vm42r40p1f
1009	p. 8-31	https://image-tor.canadiana.ca/iiif/2/69429%2Fc0qv3bz6bx0n
1010	p. 8-32	https://image-tor.canadiana.ca/iiif/2/69429%2Fc0m61bk1j930
1011	p. 8-33	https://image-tor.canadiana.ca/iiif/2/69429%2Fc0gf0ms3wj01
1012	p. 8-34	https://image-tor.canadiana.ca/iiif/2/69429%2Fc0bn9x067r9w
1013	p. 8-35	https://image-tor.canadiana.ca/iiif/2/69429%2Fc06w9668m06t
1014	p. 8-36	https://image-tor.canadiana.ca/iiif/2/69429%2Fc0348gf0z74c
1015	p. 8-37	https://image-tor.canadiana.ca/iiif/2/69429%2Fc0zc7rn39x4t
1016	p. 8-38	https://image-tor.canadiana.ca/iiif/2/69429%2Fc0tm71v5p52b
1017	p. 8-39	https://image-tor.canadiana.ca/iiif/2/69429%2Fc0pz51g0vj3p
1018	p. 8-40	https://image-tor.canadiana.ca/iiif/2/69429%2Fc0k649p36s2p
1019	p. 8-41	https://image-tor.canadiana.ca/iiif/2/69429%2Fc0ff3kw5k10t
1020	p. 8-42	https://image-tor.canadiana.ca/iiif/2/69429%2Fc09p2w37x77k
1021	p. 8-43	https://image-tor.canadiana.ca/iiif/2/69429%2Fc05x25b08g43
1022	p. 8-44	https://image-tor.canadiana.ca/iiif/2/69429%2Fc0251fj2mq3m
1023	p. 8-45	https://image-tor.canadiana.ca/iiif/2/69429%2Fc0xd0qr50d20
1024	p. 8-46	https://image-tor.canadiana.ca/iiif/2/69429%2Fc0sq8qc05s6j
1025	p. 8-47	https://image-tor.canadiana.ca/iiif/2/69429%2Fc0nz80k2j142
1026	p. 8-48	https://image-tor.canadiana.ca/iiif/2/69429%2Fc0j678s4w81d
1027	p. 8-49	https://image-tor.canadiana.ca/iiif/2/69429%2Fc0df6k077g97
1028	p. 8-50	https://image-tor.canadiana.ca/iiif/2/69429%2Fc08p5v69kq7v
1029	p. 8-51	https://image-tor.canadiana.ca/iiif/2/69429%2Fc04x54f1xz5g
1030	p. 8-52	https://image-tor.canadiana.ca/iiif/2/69429%2Fc0154dn49640
