1	technical data sheet	https://image-tor.canadiana.ca/iiif/2/69429%2Fc0gf0ms3tq43
2	title page	https://image-tor.canadiana.ca/iiif/2/69429%2Fc0br8mc9134p
3	index (p. 1)	https://image-tor.canadiana.ca/iiif/2/69429%2Fc0707wm1cb3t
4	p. 2	https://image-tor.canadiana.ca/iiif/2/69429%2Fc03775t3qk07
5	p. 3	https://image-tor.canadiana.ca/iiif/2/69429%2Fc0zg6g16379b
6	table of contents (p. 4)	https://image-tor.canadiana.ca/iiif/2/69429%2Fc0tq5r78fg94
7	p. 5	https://image-tor.canadiana.ca/iiif/2/69429%2Fc0pz51g0sq7r
8	p. 6	https://image-tor.canadiana.ca/iiif/2/69429%2Fc0k649p34z6r
9	p. 7	https://image-tor.canadiana.ca/iiif/2/69429%2Fc0fj2988bb8k
10	p. 8	https://image-tor.canadiana.ca/iiif/2/69429%2Fc09s1kh0pk57
11	p. 9	https://image-tor.canadiana.ca/iiif/2/69429%2Fc0610vq31t3n
12	p. 10	https://image-tor.canadiana.ca/iiif/2/69429%2Fc02804x5d199
13	p. 11	https://image-tor.canadiana.ca/iiif/2/69429%2Fc0xg9f47rr10
14	p. 12	https://image-tor.canadiana.ca/iiif/2/69429%2Fc0sq8qc03z91
15	p. 13	https://image-tor.canadiana.ca/iiif/2/69429%2Fc0nz80k2g67j
16	p. 14	https://image-tor.canadiana.ca/iiif/2/69429%2Fc0j96057nm11
17	p. 15	https://image-tor.canadiana.ca/iiif/2/69429%2Fc0dj58d00t92
18	p. 16	https://image-tor.canadiana.ca/iiif/2/69429%2Fc08s4jm2c251
19	p. 17	https://image-tor.canadiana.ca/iiif/2/69429%2Fc0513tt4q93z
20	p. 18	https://image-tor.canadiana.ca/iiif/2/69429%2Fc01834172j2f
21	p. 19	https://image-tor.canadiana.ca/iiif/2/69429%2Fc0wh2d79f72x
22	p. 20	https://image-tor.canadiana.ca/iiif/2/69429%2Fc0rr1pg1sf9w
23	unnumbered	https://image-tor.canadiana.ca/iiif/2/69429%2Fc0n29p26zv1n
24	p. 21-751 [715]	https://image-tor.canadiana.ca/iiif/2/69429%2Fc0h98z89b30v
25	p. 21-752	https://image-tor.canadiana.ca/iiif/2/69429%2Fc0cj87h1p96m
26	p. 21-753	https://image-tor.canadiana.ca/iiif/2/69429%2Fc07s7hq41j34
27	p. 21-754	https://image-tor.canadiana.ca/iiif/2/69429%2Fc0416sx6cs37
28	p. 21-755	https://image-tor.canadiana.ca/iiif/2/69429%2Fc0086348r10k
29	p. 21-756	https://image-tor.canadiana.ca/iiif/2/69429%2Fc0vh5cc13q2t
30	p. 21-757	https://image-tor.canadiana.ca/iiif/2/69429%2Fc0qv3bz6933n
31	p. 21-758	https://image-tor.canadiana.ca/iiif/2/69429%2Fc0m32n58nb0d
32	p. 21-759	https://image-tor.canadiana.ca/iiif/2/69429%2Fc0gb1xd10j7v
33	p. 21-760	https://image-tor.canadiana.ca/iiif/2/69429%2Fc0bk16m3bs5v
34	p. 21-761	https://image-tor.canadiana.ca/iiif/2/69429%2Fc06t0gt5q155
35	p. 21-762	https://image-tor.canadiana.ca/iiif/2/69429%2Fc0319s18282v
36	p. 21-763	https://image-tor.canadiana.ca/iiif/2/69429%2Fc0z89280dz3d
37	p. 21-764	https://image-tor.canadiana.ca/iiif/2/69429%2Fc0tm71v5mb6d
38	p. 21-765	https://image-tor.canadiana.ca/iiif/2/69429%2Fc0pv6b27zk4f
39	p. 21-766	https://image-tor.canadiana.ca/iiif/2/69429%2Fc0k35m909t09
40	p. 21-767	https://image-tor.canadiana.ca/iiif/2/69429%2Fc0fb4wh2p18r
41	p. 21-768	https://image-tor.canadiana.ca/iiif/2/69429%2Fc09k45q5187t
42	p. 21-769	https://image-tor.canadiana.ca/iiif/2/69429%2Fc05t3fx7ch5f
43	p. 21-770	https://image-tor.canadiana.ca/iiif/2/69429%2Fc0222r49qr3s
44	p. 21-771	https://image-tor.canadiana.ca/iiif/2/69429%2Fc0xd0qr4xk6k
45	p. 21-772	https://image-tor.canadiana.ca/iiif/2/69429%2Fc0sn00z78t5n
46	p. 21-773	https://image-tor.canadiana.ca/iiif/2/69429%2Fc0nv9959n21g
47	p. 21-774	https://image-tor.canadiana.ca/iiif/2/69429%2Fc0j38kd20903
48	p. 21-775	https://image-tor.canadiana.ca/iiif/2/69429%2Fc0db7vm4bj0w
49	p. 21-776	https://image-tor.canadiana.ca/iiif/2/69429%2Fc08k74t6pr7m
50	p. 21-777	https://image-tor.canadiana.ca/iiif/2/69429%2Fc04t6f19207t
51	p. 21-778	https://image-tor.canadiana.ca/iiif/2/69429%2Fc0154dn47c7g
52	p. 21-779	https://image-tor.canadiana.ca/iiif/2/69429%2Fc0wd3pv6m27z
53	p. 21-780	https://image-tor.canadiana.ca/iiif/2/69429%2Fc0rn3028z94s
54	p. 21-781	https://image-tor.canadiana.ca/iiif/2/69429%2Fc0mw28919j2h
55	p. 21-782	https://image-tor.canadiana.ca/iiif/2/69429%2Fc0h41jh3ns2m
56	p. 21-783	https://image-tor.canadiana.ca/iiif/2/69429%2Fc0cc0tq61107
57	p. 21-784	https://image-tor.canadiana.ca/iiif/2/69429%2Fc07m03x8c78j
58	p. 21-785	https://image-tor.canadiana.ca/iiif/2/69429%2Fc03x83j3jn0m
59	p. 21-786	https://image-tor.canadiana.ca/iiif/2/69429%2Fc0057cr5wv9f
60	p. 21-787	https://image-tor.canadiana.ca/iiif/2/69429%2Fc0vd6nz88j77
61	p. 21-788	https://image-tor.canadiana.ca/iiif/2/69429%2Fc0qn5z60ms72
62	p. 21-789	https://image-tor.canadiana.ca/iiif/2/69429%2Fc0kw57d30152
63	p. 21-790	https://image-tor.canadiana.ca/iiif/2/69429%2Fc0g44hm5b84k
64	p. 21-791	https://image-tor.canadiana.ca/iiif/2/69429%2Fc0bg2h70hn5x
65	p. 21-792	https://image-tor.canadiana.ca/iiif/2/69429%2Fc06q1sf2vw2z
66	p. 21-793	https://image-tor.canadiana.ca/iiif/2/69429%2Fc02z12n5741j
67	p. 21-794	https://image-tor.canadiana.ca/iiif/2/69429%2Fc0z60bv7ks9z
68	p. 21-795	https://image-tor.canadiana.ca/iiif/2/69429%2Fc0td9n29z18j
69	p. 21-796	https://image-tor.canadiana.ca/iiif/2/69429%2Fc0pn8x92988f
70	p. 21-797	https://image-tor.canadiana.ca/iiif/2/69429%2Fc0jw86h4nh6f
71	p. 21-798	https://image-tor.canadiana.ca/iiif/2/69429%2Fc0f76639tw59
72	p. 21-799	https://image-tor.canadiana.ca/iiif/2/69429%2Fc09g5gb26444
73	p. 21-800	https://image-tor.canadiana.ca/iiif/2/69429%2Fc05q4rj4jc2r
74	p. 21-801	https://image-tor.canadiana.ca/iiif/2/69429%2Fc01z41r6wm0r
75	p. 21-802	https://image-tor.canadiana.ca/iiif/2/69429%2Fc0x639z98901
76	p. 21-803	https://image-tor.canadiana.ca/iiif/2/69429%2Fc0sf2m61mh80
77	p. 21-804	https://image-tor.canadiana.ca/iiif/2/69429%2Fc0np1wd3zr51
78	p. 21-805	https://image-tor.canadiana.ca/iiif/2/69429%2Fc0j09w09550j
79	p. 21-806	https://image-tor.canadiana.ca/iiif/2/69429%2Fc0d79571hc8g
80	p. 21-807	https://image-tor.canadiana.ca/iiif/2/69429%2Fc08g8ff3vm5h
81	p. 21-808	https://image-tor.canadiana.ca/iiif/2/69429%2Fc04q7qn66v1f
82	p. 21-809	https://image-tor.canadiana.ca/iiif/2/69429%2Fc00z70v8k314
83	p. 21-810	https://image-tor.canadiana.ca/iiif/2/69429%2Fc0w66930xs0v
84	p. 21-811	https://image-tor.canadiana.ca/iiif/2/69429%2Fc0rf5k93909c
85	p. 21-812	https://image-tor.canadiana.ca/iiif/2/69429%2Fc0ms3jw8gd2j
86	p. 21-813	https://image-tor.canadiana.ca/iiif/2/69429%2Fc0h12v40tm97
87	p. 21-814	https://image-tor.canadiana.ca/iiif/2/69429%2Fc0c824b35v7q
88	p. 21-815	https://image-tor.canadiana.ca/iiif/2/69429%2Fc07h1dj5j33p
89	p. 21-816	https://image-tor.canadiana.ca/iiif/2/69429%2Fc03r0pr7wb2w
90	p. 21-817	https://image-tor.canadiana.ca/iiif/2/69429%2Fc00000007k0q
91	p. 21-818	https://image-tor.canadiana.ca/iiif/2/69429%2Fc0v69862m80n
92	p. 21-819	https://image-tor.canadiana.ca/iiif/2/69429%2Fc0qj77s7sn1z
93	p. 21-820	https://image-tor.canadiana.ca/iiif/2/69429%2Fc0ks6j104w0p
94	p. 21-821	https://image-tor.canadiana.ca/iiif/2/69429%2Fc0g15t72h368
95	p. 21-822	https://image-tor.canadiana.ca/iiif/2/69429%2Fc0b853f4vb48
96	p. 21-823	https://image-tor.canadiana.ca/iiif/2/69429%2Fc06h4cn76k3z
97	p. 21-824	https://image-tor.canadiana.ca/iiif/2/69429%2Fc02r3nv9jt1k
98	p. 21-825	https://image-tor.canadiana.ca/iiif/2/69429%2Fc0z02z31xh0t
99	p. 21-826	https://image-tor.canadiana.ca/iiif/2/69429%2Fc0tb0xp73w5z
100	p. 21-827	https://image-tor.canadiana.ca/iiif/2/69429%2Fc0pk06w9g43g
101	p. 21-828	https://image-tor.canadiana.ca/iiif/2/69429%2Fc0js9h41tb9q
102	p. 21-829	https://image-tor.canadiana.ca/iiif/2/69429%2Fc0f18sb45k6j
103	p. 21-830	https://image-tor.canadiana.ca/iiif/2/69429%2Fc09882j6ht6q
104	p. 21-831	https://image-tor.canadiana.ca/iiif/2/69429%2Fc05h7br8w238
105	p. 21-832	https://image-tor.canadiana.ca/iiif/2/69429%2Fc01r6n017920
106	p. 21-833	https://image-tor.canadiana.ca/iiif/2/69429%2Fc0x34mk6f462
107	p. 21-834	https://image-tor.canadiana.ca/iiif/2/69429%2Fc0sb3ws8sc4p
108	p. 21-835	https://image-tor.canadiana.ca/iiif/2/69429%2Fc0nk36114m1m
109	p. 21-836	https://image-tor.canadiana.ca/iiif/2/69429%2Fc0ht2g73gt9j
110	p. 21-837	https://image-tor.canadiana.ca/iiif/2/69429%2Fc0d21rf5v28k
111	p. 21-838	https://image-tor.canadiana.ca/iiif/2/69429%2Fc08911n8697n
112	p. 21-839	https://image-tor.canadiana.ca/iiif/2/69429%2Fc04j09w0jj5w
113	p. 21-840	https://image-tor.canadiana.ca/iiif/2/69429%2Fc00v89g5qx4w
114	p. 21-841	https://image-tor.canadiana.ca/iiif/2/69429%2Fc0w37kp83m6b
115	p. 21-842	https://image-tor.canadiana.ca/iiif/2/69429%2Fc0rb6vx0fv2d
116	p. 21-813 [843]	https://image-tor.canadiana.ca/iiif/2/69429%2Fc0mk6542t30b
117	p. 21-844	https://image-tor.canadiana.ca/iiif/2/69429%2Fc0gt5fb5599b
118	p. 21-845	https://image-tor.canadiana.ca/iiif/2/69429%2Fc0c24qj7hj8v
119	p. 21-846	https://image-tor.canadiana.ca/iiif/2/69429%2Fc07940r9vs58
120	p. 21-847	https://image-tor.canadiana.ca/iiif/2/69429%2Fc03n20c5258s
121	p. 21-848	https://image-tor.canadiana.ca/iiif/2/69429%2Fc0zw18k7dv8r
122	p. 21-849	https://image-tor.canadiana.ca/iiif/2/69429%2Fc0v40js9s341
123	p. 21-850	https://image-tor.canadiana.ca/iiif/2/69429%2Fc0qb9v124b36
124	p. 21-851	https://image-tor.canadiana.ca/iiif/2/69429%2Fc0kk9474gk3c
125	p. 21-852	https://image-tor.canadiana.ca/iiif/2/69429%2Fc0ft8df6tt0d
126	p. 21-853	https://image-tor.canadiana.ca/iiif/2/69429%2Fc0b56d22162n
127	p. 21-854	https://image-tor.canadiana.ca/iiif/2/69429%2Fc06d5p84cf1v
128	p. 21-855	https://image-tor.canadiana.ca/iiif/2/69429%2Fc02n4zg6qn9s
129	p. 21-856	https://image-tor.canadiana.ca/iiif/2/69429%2Fc0xw47p93b8j
130	p. 21-857	https://image-tor.canadiana.ca/iiif/2/69429%2Fc0t43hx1fk63
131	p. 21-858	https://image-tor.canadiana.ca/iiif/2/69429%2Fc0pc2t43st5q
132	p. 21-859	https://image-tor.canadiana.ca/iiif/2/69429%2Fc0jm23b65249
133	p. 21-860	https://image-tor.canadiana.ca/iiif/2/69429%2Fc0dz02z1bf4n
134	p. 21-861	https://image-tor.canadiana.ca/iiif/2/69429%2Fc0959c53pp1v
135	p. 21-862	https://image-tor.canadiana.ca/iiif/2/69429%2Fc05d8nc61x0j
136	p. 21-863	https://image-tor.canadiana.ca/iiif/2/69429%2Fc01n7xk8d46t
137	p. 21-864	https://image-tor.canadiana.ca/iiif/2/69429%2Fc0ww76t0rt8z
138	p. 21-865	https://image-tor.canadiana.ca/iiif/2/69429%2Fc0s46h13427w
139	p. 21-866	https://image-tor.canadiana.ca/iiif/2/69429%2Fc0nc5s75g95h
140	p. 21-867	https://image-tor.canadiana.ca/iiif/2/69429%2Fc0hq3rv0np71
141	p. 21-868	https://image-tor.canadiana.ca/iiif/2/69429%2Fc0cz32230x5x
142	p. 21-869	https://image-tor.canadiana.ca/iiif/2/69429%2Fc0862b85c52s
143	p. 21-870	https://image-tor.canadiana.ca/iiif/2/69429%2Fc04f1mg7qc8j
144	p. 21-871	https://image-tor.canadiana.ca/iiif/2/69429%2Fc00p0wq02m7v
145	p. 21-872	https://image-tor.canadiana.ca/iiif/2/69429%2Fc0vx05x2f989
146	p. 21-873	https://image-tor.canadiana.ca/iiif/2/69429%2Fc0r49g44sj5h
147	p. 21-874	https://image-tor.canadiana.ca/iiif/2/69429%2Fc0mg7fq9zx9k
148	p. 21-875	https://image-tor.canadiana.ca/iiif/2/69429%2Fc0gq6qz2b58d
149	p. 21-876	https://image-tor.canadiana.ca/iiif/2/69429%2Fc0bz6154pd4n
150	p. 21-877	https://image-tor.canadiana.ca/iiif/2/69429%2Fc07659c71n1g
151	p. 21-878	https://image-tor.canadiana.ca/iiif/2/69429%2Fc03f4kk9cw18
152	p. 21-879	https://image-tor.canadiana.ca/iiif/2/69429%2Fc0zp3vt1rk0s
153	p. 21-880	https://image-tor.canadiana.ca/iiif/2/69429%2Fc0tx35143s9k
154	p. 21-881	https://image-tor.canadiana.ca/iiif/2/69429%2Fc0q814m99610
155	p. 21-882	https://image-tor.canadiana.ca/iiif/2/69429%2Fc0kh0dv1nd8z
156	p. 21-883	https://image-tor.canadiana.ca/iiif/2/69429%2Fc0fq9q240n6x
157	p. 21-884	https://image-tor.canadiana.ca/iiif/2/69429%2Fc09z9086bw2r
158	p. 21-885	https://image-tor.canadiana.ca/iiif/2/69429%2Fc06688g8q42c
159	p. 21-886	https://image-tor.canadiana.ca/iiif/2/69429%2Fc02f7jq12c03
160	p. 21-887	https://image-tor.canadiana.ca/iiif/2/69429%2Fc0xp6tx3f20k
161	p. 21-888	https://image-tor.canadiana.ca/iiif/2/69429%2Fc0t14th8mf26
162	p. 21-889	https://image-tor.canadiana.ca/iiif/2/69429%2Fc0p843r0zp0t
163	p. 21-890	https://image-tor.canadiana.ca/iiif/2/69429%2Fc0jh3cz39w7n
164	p. 21-891	https://image-tor.canadiana.ca/iiif/2/69429%2Fc0dr2p55p456
165	p. 21-892	https://image-tor.canadiana.ca/iiif/2/69429%2Fc0901zc81c46
166	p. 21-893	https://image-tor.canadiana.ca/iiif/2/69429%2Fc05717m0cm2t
167	p. 21-894	https://image-tor.canadiana.ca/iiif/2/69429%2Fc01g0ht2qt95
168	p. 21-895	https://image-tor.canadiana.ca/iiif/2/69429%2Fc0ws8hd7xp42
169	p. 21-896	https://image-tor.canadiana.ca/iiif/2/69429%2Fc0s17sn08x3p
170	p. 21-897	https://image-tor.canadiana.ca/iiif/2/69429%2Fc0n872v2n49b
171	p. 21-898	https://image-tor.canadiana.ca/iiif/2/69429%2Fc0hh6c250c68
172	p. 21-899	https://image-tor.canadiana.ca/iiif/2/69429%2Fc0cr5n87bm62
173	p. 21-900	https://image-tor.canadiana.ca/iiif/2/69429%2Fc0804xg9pv5k
174	p. 21-901	https://image-tor.canadiana.ca/iiif/2/69429%2Fc04746q22336
175	p. 21-902	https://image-tor.canadiana.ca/iiif/2/69429%2Fc00k26977g4x
176	p. 21-903	https://image-tor.canadiana.ca/iiif/2/69429%2Fc0vt1gh9m550
177	p. 21-904	https://image-tor.canadiana.ca/iiif/2/69429%2Fc0r20rr1zd2z
178	p. 21-905	https://image-tor.canadiana.ca/iiif/2/69429%2Fc0m901z49m8k
179	p. 21-906	https://image-tor.canadiana.ca/iiif/2/69429%2Fc0gh9b56nv87
180	p. 21-907	https://image-tor.canadiana.ca/iiif/2/69429%2Fc0br8mc91358
181	p. 21-908	https://image-tor.canadiana.ca/iiif/2/69429%2Fc0707wm1cb4d
182	p. 21-909	https://image-tor.canadiana.ca/iiif/2/69429%2Fc03b5w66jq6q
183	p. 21-910	https://image-tor.canadiana.ca/iiif/2/69429%2Fc0zk55d8xd75
184	p. 21-911	https://image-tor.canadiana.ca/iiif/2/69429%2Fc0tt4fn18n3q
185	p. 21-912	https://image-tor.canadiana.ca/iiif/2/69429%2Fc0q23qv3mw1n
186	p. 21-913	https://image-tor.canadiana.ca/iiif/2/69429%2Fc0k93126040n
187	p. 21-914	https://image-tor.canadiana.ca/iiif/2/69429%2Fc0fj2988bb95
188	p. 21-915	https://image-tor.canadiana.ca/iiif/2/69429%2Fc09w08w3hr1c
189	p. 21-916	https://image-tor.canadiana.ca/iiif/2/69429%2Fc0639k35vz8w
190	p. 21-917	https://image-tor.canadiana.ca/iiif/2/69429%2Fc02b8v98768p
191	p. 21-918	https://image-tor.canadiana.ca/iiif/2/69429%2Fc0xk84j0kw6g
192	p. 21-919	https://image-tor.canadiana.ca/iiif/2/69429%2Fc0st7dr2z431
193	p. 21-920	https://image-tor.canadiana.ca/iiif/2/69429%2Fc0p26pz59c3m
194	p. 21-921	https://image-tor.canadiana.ca/iiif/2/69429%2Fc0j96057nm2m
195	p. 21-922	https://image-tor.canadiana.ca/iiif/2/69429%2Fc0dn3zs2v01h
196	p. 21-923	https://image-tor.canadiana.ca/iiif/2/69429%2Fc08w38056700
197	p. 21-924	https://image-tor.canadiana.ca/iiif/2/69429%2Fc0542j67jf87
198	p. 21-925	https://image-tor.canadiana.ca/iiif/2/69429%2Fc01c1td9wp58
199	p. 21-926	https://image-tor.canadiana.ca/iiif/2/69429%2Fc0wm13n28c57
200	p. 21-927	https://image-tor.canadiana.ca/iiif/2/69429%2Fc0rv0cv4mm51
201	p. 21-928	https://image-tor.canadiana.ca/iiif/2/69429%2Fc0n29p26zv27
202	p. 21-929	https://image-tor.canadiana.ca/iiif/2/69429%2Fc0hd7np2575b
203	p. 21-930	https://image-tor.canadiana.ca/iiif/2/69429%2Fc0cn6xw4hg3z
204	p. 21-931	https://image-tor.canadiana.ca/iiif/2/69429%2Fc07w6736vq0s
205	p. 21-932	https://image-tor.canadiana.ca/iiif/2/69429%2Fc0445h996x7x
206	p. 21-933	https://image-tor.canadiana.ca/iiif/2/69429%2Fc00c4sj1k55p
207	p. 21-934	https://image-tor.canadiana.ca/iiif/2/69429%2Fc0vm42r3xv51
208	p. 21-935	https://image-tor.canadiana.ca/iiif/2/69429%2Fc0qv3bz69347
209	p. 21-936	https://image-tor.canadiana.ca/iiif/2/69429%2Fc0m61bk1gg8n
210	p. 21-937	https://image-tor.canadiana.ca/iiif/2/69429%2Fc0gf0ms3tq5p
211	p. 21-938	https://image-tor.canadiana.ca/iiif/2/69429%2Fc0bn9x065z3n
212	p. 21-939	https://image-tor.canadiana.ca/iiif/2/69429%2Fc06w9668j599
213	p. 21-940	https://image-tor.canadiana.ca/iiif/2/69429%2Fc0348gf0wd8f
214	p. 21-941	https://image-tor.canadiana.ca/iiif/2/69429%2Fc0zc7rn38390
215	p. 21-942	https://image-tor.canadiana.ca/iiif/2/69429%2Fc0tm71v5mb70
216	p. 21-943	https://image-tor.canadiana.ca/iiif/2/69429%2Fc0pz51g0sq8b
217	p. 21-944	https://image-tor.canadiana.ca/iiif/2/69429%2Fc0k649p34z7b
218	p. 21-945	https://image-tor.canadiana.ca/iiif/2/69429%2Fc0ff3kw5h64w
219	p. 21-946	https://image-tor.canadiana.ca/iiif/2/69429%2Fc09p2w37vf1b
220	p. 21-947	https://image-tor.canadiana.ca/iiif/2/69429%2Fc05x25b06n9r
221	p. 21-948	https://image-tor.canadiana.ca/iiif/2/69429%2Fc0251fj2jw88
222	p. 21-949	https://image-tor.canadiana.ca/iiif/2/69429%2Fc0xd0qr4xk75
223	p. 21-950	https://image-tor.canadiana.ca/iiif/2/69429%2Fc0sq8qc0400t
224	p. 21-951	https://image-tor.canadiana.ca/iiif/2/69429%2Fc0nz80k2g684
225	p. 21-952	https://image-tor.canadiana.ca/iiif/2/69429%2Fc0j678s4tf4w
226	p. 21-953	https://image-tor.canadiana.ca/iiif/2/69429%2Fc0df6k075p1t
227	p. 21-954	https://image-tor.canadiana.ca/iiif/2/69429%2Fc08p5v69hx1m
228	p. 21-955	https://image-tor.canadiana.ca/iiif/2/69429%2Fc04x54f1w492
229	p. 21-955 [956]	https://image-tor.canadiana.ca/iiif/2/69429%2Fc0154dn47c82
230	p. 21-957	https://image-tor.canadiana.ca/iiif/2/69429%2Fc0wh2d79f73h
231	p. 21-958	https://image-tor.canadiana.ca/iiif/2/69429%2Fc0rr1pg1sg05
232	p. 21-959	https://image-tor.canadiana.ca/iiif/2/69429%2Fc0n00zp44p8w
233	p. 21-960	https://image-tor.canadiana.ca/iiif/2/69429%2Fc0h707w6gx4q
234	p. 21-961	https://image-tor.canadiana.ca/iiif/2/69429%2Fc0cf9j38v539
235	p. 21-962	https://image-tor.canadiana.ca/iiif/2/69429%2Fc07p8tb16d36
236	p. 21-963	https://image-tor.canadiana.ca/iiif/2/69429%2Fc03x83j3jn16
237	p. 21-964	https://image-tor.canadiana.ca/iiif/2/69429%2Fc0086348r115
238	p. 21-965	https://image-tor.canadiana.ca/iiif/2/69429%2Fc0vh5cc13q3d
239	p. 21-966	https://image-tor.canadiana.ca/iiif/2/69429%2Fc0qr4nk3fx95
240	p. 21-967	https://image-tor.canadiana.ca/iiif/2/69429%2Fc0m03xs5t57m
241	p. 21-968	https://image-tor.canadiana.ca/iiif/2/69429%2Fc0g737085d63
242	p. 21-969	https://image-tor.canadiana.ca/iiif/2/69429%2Fc0bg2h70hn6h
243	p. 21-970	https://image-tor.canadiana.ca/iiif/2/69429%2Fc06q1sf2vw3j
244	p. 21-971	https://image-tor.canadiana.ca/iiif/2/69429%2Fc0319s18283f
245	p. 21-972	https://image-tor.canadiana.ca/iiif/2/69429%2Fc0z89280dz40
246	p. 21-973	https://image-tor.canadiana.ca/iiif/2/69429%2Fc0th8bg2s60z
247	p. 21-974	https://image-tor.canadiana.ca/iiif/2/69429%2Fc0pr7mp54d7s
248	p. 21-975	https://image-tor.canadiana.ca/iiif/2/69429%2Fc0k06ww7gn7w
249	p. 21-976	https://image-tor.canadiana.ca/iiif/2/69429%2Fc0f76639tw6w
250	p. 21-977	https://image-tor.canadiana.ca/iiif/2/69429%2Fc09g5gb2645q
251	p. 21-978	https://image-tor.canadiana.ca/iiif/2/69429%2Fc05t3fx7ch61
252	p. 21-979	https://image-tor.canadiana.ca/iiif/2/69429%2Fc0222r49qr4c
253	p. 21-980	https://image-tor.canadiana.ca/iiif/2/69429%2Fc0x921c23f4b
254	p. 21-981	https://image-tor.canadiana.ca/iiif/2/69429%2Fc0sj19k4fp2z
255	p. 21-982	https://image-tor.canadiana.ca/iiif/2/69429%2Fc0ns0ks6sx2r
256	p. 21-983	https://image-tor.canadiana.ca/iiif/2/69429%2Fc0j09w095514
257	p. 21-984	https://image-tor.canadiana.ca/iiif/2/69429%2Fc0db7vm4bj1g
258	p. 21-985	https://image-tor.canadiana.ca/iiif/2/69429%2Fc08k74t6pr86
259	p. 21-986	https://image-tor.canadiana.ca/iiif/2/69429%2Fc04t6f19208d
260	p. 21-987	https://image-tor.canadiana.ca/iiif/2/69429%2Fc0125q81d74s
261	p. 21-988	https://image-tor.canadiana.ca/iiif/2/69429%2Fc0w950g3rx44
262	p. 21-989	https://image-tor.canadiana.ca/iiif/2/69429%2Fc0rj48p6453b
263	p. 21-990	https://image-tor.canadiana.ca/iiif/2/69429%2Fc0ms3jw8gd34
264	p. 21-991	https://image-tor.canadiana.ca/iiif/2/69429%2Fc0h41jh3ns36
265	p. 21-992	https://image-tor.canadiana.ca/iiif/2/69429%2Fc0cc0tq6111t
266	p. 21-993	https://image-tor.canadiana.ca/iiif/2/69429%2Fc07m03x8c794
267	p. 21-994	https://image-tor.canadiana.ca/iiif/2/69429%2Fc03t9d50qg52
268	p. 21-995	https://image-tor.canadiana.ca/iiif/2/69429%2Fc0028pc32q3g
269	p. 21-996	https://image-tor.canadiana.ca/iiif/2/69429%2Fc0v97zk5fd54
270	p. 21-907 [997]	https://image-tor.canadiana.ca/iiif/2/69429%2Fc0qj77s7sn2j
271	p. 21-998	https://image-tor.canadiana.ca/iiif/2/69429%2Fc0kw57d3016n
272	p. 21-999	https://image-tor.canadiana.ca/iiif/2/69429%2Fc0g44hm5b855
273	p. 21-1000	https://image-tor.canadiana.ca/iiif/2/69429%2Fc0bc3st7ph1m
274	p. 21-1001	https://image-tor.canadiana.ca/iiif/2/69429%2Fc06m33201q8v
275	p. 21-1002	https://image-tor.canadiana.ca/iiif/2/69429%2Fc02v2c82cz6g
276	p. 21-1003	https://image-tor.canadiana.ca/iiif/2/69429%2Fc0z31ng4rn8f
277	p. 21-1004	https://image-tor.canadiana.ca/iiif/2/69429%2Fc0tb0xp73w6j
278	p. 21-1005	https://image-tor.canadiana.ca/iiif/2/69429%2Fc0pn8x929891
279	p. 21-1006	https://image-tor.canadiana.ca/iiif/2/69429%2Fc0jw86h4nh71
280	p. 21-1007	https://image-tor.canadiana.ca/iiif/2/69429%2Fc0f47gq70r4v
281	p. 21-1008	https://image-tor.canadiana.ca/iiif/2/69429%2Fc09c6rx9c00t
282	p. 21-1009	https://image-tor.canadiana.ca/iiif/2/69429%2Fc05m6251q685
283	p. 21-1010	https://image-tor.canadiana.ca/iiif/2/69429%2Fc01v5bc42f68
284	p. 21-1011	https://image-tor.canadiana.ca/iiif/2/69429%2Fc0x34mk6f47n
285	p. 21-1012	https://image-tor.canadiana.ca/iiif/2/69429%2Fc0sf2m61mh9k
286	p. 21-1013	https://image-tor.canadiana.ca/iiif/2/69429%2Fc0np1wd3zr6m
287	p. 21-1014	https://image-tor.canadiana.ca/iiif/2/69429%2Fc0hx15m6b031
288	p. 21-1015	https://image-tor.canadiana.ca/iiif/2/69429%2Fc0d50ft8p693
289	p. 21-1016	https://image-tor.canadiana.ca/iiif/2/69429%2Fc08c9r211f88
290	p. 21-1017	https://image-tor.canadiana.ca/iiif/2/69429%2Fc04m9183cp8f
291	p. 21-1018	https://image-tor.canadiana.ca/iiif/2/69429%2Fc00v89g5qx5g
292	p. 21-1019	https://image-tor.canadiana.ca/iiif/2/69429%2Fc0w66930xs1f
293	p. 21-1020	https://image-tor.canadiana.ca/iiif/2/69429%2Fc0rf5k93910n
294	p. 21-1021	https://image-tor.canadiana.ca/iiif/2/69429%2Fc0mp4vh5n76d
295	p. 21-1022	https://image-tor.canadiana.ca/iiif/2/69429%2Fc0gx44q80g39
296	p. 21-1023	https://image-tor.canadiana.ca/iiif/2/69429%2Fc0c53dz0bq1v
297	p. 21-1024	https://image-tor.canadiana.ca/iiif/2/69429%2Fc07d2q52pz12
298	p. 21-1025	https://image-tor.canadiana.ca/iiif/2/69429%2Fc03n20c5259c
299	p. 21-1026	https://image-tor.canadiana.ca/iiif/2/69429%2Fc00000007k19
300	p. 21-1027	https://image-tor.canadiana.ca/iiif/2/69429%2Fc0v69862m817
301	p. 21-1028	https://image-tor.canadiana.ca/iiif/2/69429%2Fc0qf8jd4zg8k
302	p. 21-1029	https://image-tor.canadiana.ca/iiif/2/69429%2Fc0kp7tm79q4h
303	p. 21-1030	https://image-tor.canadiana.ca/iiif/2/69429%2Fc0fx73t9nz4p
304	p. 21-1031	https://image-tor.canadiana.ca/iiif/2/69429%2Fc0b56d221637
305	p. 21-1032	https://image-tor.canadiana.ca/iiif/2/69429%2Fc06d5p84cf2f
306	p. 21-1033	https://image-tor.canadiana.ca/iiif/2/69429%2Fc02r3nv9jt25
307	p. 21-1034	https://image-tor.canadiana.ca/iiif/2/69429%2Fc0z02z31xh1d
308	p. 21-1035	https://image-tor.canadiana.ca/iiif/2/69429%2Fc0t727948q96
309	p. 21-1036	https://image-tor.canadiana.ca/iiif/2/69429%2Fc0pg1hh6mz5n
310	p. 21-1037	https://image-tor.canadiana.ca/iiif/2/69429%2Fc0jq0sq9064v
311	p. 21-1038	https://image-tor.canadiana.ca/iiif/2/69429%2Fc0dz02z1bf57
312	p. 21-1039	https://image-tor.canadiana.ca/iiif/2/69429%2Fc0959c53pp2f
313	p. 21-1040	https://image-tor.canadiana.ca/iiif/2/69429%2Fc05h7br8w24v
314	p. 21-1041	https://image-tor.canadiana.ca/iiif/2/69429%2Fc01r6n01793k
315	p. 21-1042	https://image-tor.canadiana.ca/iiif/2/69429%2Fc0x05x63m016
316	p. 21-1043	https://image-tor.canadiana.ca/iiif/2/69429%2Fc0s756d5z68x
317	p. 21-1044	https://image-tor.canadiana.ca/iiif/2/69429%2Fc0ng4gm89f86
318	p. 21-1045	https://image-tor.canadiana.ca/iiif/2/69429%2Fc0hq3rv0np8m
319	p. 21-1046	https://image-tor.canadiana.ca/iiif/2/69429%2Fc0d21rf5v295
320	p. 21-1047	https://image-tor.canadiana.ca/iiif/2/69429%2Fc08911n86987
321	p. 21-1048	https://image-tor.canadiana.ca/iiif/2/69429%2Fc04j09w0jj6g
322	p. 21-1049	https://image-tor.canadiana.ca/iiif/2/69429%2Fc00r9m32ws3c
323	p. 21-1050	https://image-tor.canadiana.ca/iiif/2/69429%2Fc0w08w958g1g
324	p. 21-1051	https://image-tor.canadiana.ca/iiif/2/69429%2Fc0r785h7mq1n
325	p. 21-1052	https://image-tor.canadiana.ca/iiif/2/69429%2Fc0mg7fq9zz0v
326	p. 21-1053	https://image-tor.canadiana.ca/iiif/2/69429%2Fc0gt5fb55b0m
327	p. 21-1054	https://image-tor.canadiana.ca/iiif/2/69429%2Fc0c24qj7hj9f
328	p. 21-1055	https://image-tor.canadiana.ca/iiif/2/69429%2Fc07940r9vs6v
329	p. 21-1056	https://image-tor.canadiana.ca/iiif/2/69429%2Fc03j3902713x
330	p. 21-1057	https://image-tor.canadiana.ca/iiif/2/69429%2Fc0zs2k64kq3w
331	p. 21-1058	https://image-tor.canadiana.ca/iiif/2/69429%2Fc0v11vd6xz2d
332	p. 21-1059	https://image-tor.canadiana.ca/iiif/2/69429%2Fc0q814m9962k
333	p. 21-1060	https://image-tor.canadiana.ca/iiif/2/69429%2Fc0kk9474gk4z
334	p. 21-1061	https://image-tor.canadiana.ca/iiif/2/69429%2Fc0ft8df6tt10
335	p. 21-106 [1062]	https://image-tor.canadiana.ca/iiif/2/69429%2Fc0b27pn96197
336	p. 21-1063	https://image-tor.canadiana.ca/iiif/2/69429%2Fc0696zw1j859
337	p. 21-1064	https://image-tor.canadiana.ca/iiif/2/69429%2Fc02j6833wh24
338	p. 21-1065	https://image-tor.canadiana.ca/iiif/2/69429%2Fc0xs5j968648
339	p. 21-1066	https://image-tor.canadiana.ca/iiif/2/69429%2Fc0t14th8mf3s
340	p. 21-1067	https://image-tor.canadiana.ca/iiif/2/69429%2Fc0pc2t43st69
341	p. 21-1068	https://image-tor.canadiana.ca/iiif/2/69429%2Fc0jm23b6525w
342	p. 21-1069	https://image-tor.canadiana.ca/iiif/2/69429%2Fc0dv1cj8h91b
343	p. 21-1070	https://image-tor.canadiana.ca/iiif/2/69429%2Fc0930ns0vh8m
344	p. 21-1071	https://image-tor.canadiana.ca/iiif/2/69429%2Fc0599z036r6k
345	p. 21-1072	https://image-tor.canadiana.ca/iiif/2/69429%2Fc01j9765k068
346	p. 21-1073	https://image-tor.canadiana.ca/iiif/2/69429%2Fc0ws8hd7xp5n
347	p. 21-1074	https://image-tor.canadiana.ca/iiif/2/69429%2Fc0s46h13428g
348	p. 21-1075	https://image-tor.canadiana.ca/iiif/2/69429%2Fc0nc5s75g963
349	p. 21-1076	https://image-tor.canadiana.ca/iiif/2/69429%2Fc0hm52f7tj2x
350	p. 21-1077	https://image-tor.canadiana.ca/iiif/2/69429%2Fc0cv4bp05r9c
351	p. 21-1078	https://image-tor.canadiana.ca/iiif/2/69429%2Fc0833mw2j07t
352	p. 21-1079	https://image-tor.canadiana.ca/iiif/2/69429%2Fc04b2x34w76f
353	p. 21-1080	https://image-tor.canadiana.ca/iiif/2/69429%2Fc00k26977g5h
354	p. 21-1081	https://image-tor.canadiana.ca/iiif/2/69429%2Fc0vx05x2f99w
355	p. 21-1082	https://image-tor.canadiana.ca/iiif/2/69429%2Fc0r49g44sj63
356	p. 21-1083	https://image-tor.canadiana.ca/iiif/2/69429%2Fc0mc8rb74s46
357	p. 21-1084	https://image-tor.canadiana.ca/iiif/2/69429%2Fc0gm81j9h10j
358	p. 21-1085	https://image-tor.canadiana.ca/iiif/2/69429%2Fc0bv79s1v80z
359	p. 21-1086	https://image-tor.canadiana.ca/iiif/2/69429%2Fc0736m046g9p
360	p. 21-1087	https://image-tor.canadiana.ca/iiif/2/69429%2Fc03b5w66jq79
361	p. 21-1088	https://image-tor.canadiana.ca/iiif/2/69429%2Fc0zp3vt1rk1c
362	p. 21-1089	https://image-tor.canadiana.ca/iiif/2/69429%2Fc0tx35143t0v
363	p. 21-1090	https://image-tor.canadiana.ca/iiif/2/69429%2Fc0q52f76g16f
364	p. 21-1091	https://image-tor.canadiana.ca/iiif/2/69429%2Fc0kd1qf8t83g
365	p. 21-1092	https://image-tor.canadiana.ca/iiif/2/69429%2Fc0fn10p15h1k
366	p. 21-1093	https://image-tor.canadiana.ca/iiif/2/69429%2Fc09w08w3hr2z
367	p. 21-1094	https://image-tor.canadiana.ca/iiif/2/69429%2Fc0639k35vz9g
368	p. 21-1095	https://image-tor.canadiana.ca/iiif/2/69429%2Fc02f7jq12c1p
369	p. 21-1096	https://image-tor.canadiana.ca/iiif/2/69429%2Fc0xp6tx3f215
370	p. 21-1097	https://image-tor.canadiana.ca/iiif/2/69429%2Fc0sx6445s889
371	p. 21-1098	https://image-tor.canadiana.ca/iiif/2/69429%2Fc0p55db84h54
372	p. 21-1099	https://image-tor.canadiana.ca/iiif/2/69429%2Fc0jd4pk0gr3c
373	p. 21-1100	https://image-tor.canadiana.ca/iiif/2/69429%2Fc0dn3zs2v023
374	p. 21-1101	https://image-tor.canadiana.ca/iiif/2/69429%2Fc08w3805671k
375	p. 21-1102	https://image-tor.canadiana.ca/iiif/2/69429%2Fc05717m0cm3d
376	p. 21-1103	https://image-tor.canadiana.ca/iiif/2/69429%2Fc01g0ht2qv0f
377	p. 21-1104	https://image-tor.canadiana.ca/iiif/2/69429%2Fc0wp9t153j08
378	p. 21-1105	https://image-tor.canadiana.ca/iiif/2/69429%2Fc0rx9377fr6d
379	p. 21-1106	https://image-tor.canadiana.ca/iiif/2/69429%2Fc0n58cf9t061
380	p. 21-1107	https://image-tor.canadiana.ca/iiif/2/69429%2Fc0hd7np2576x
381	p. 21-1108	https://image-tor.canadiana.ca/iiif/2/69429%2Fc0cr5n87bm7n
382	p. 21-1109	https://image-tor.canadiana.ca/iiif/2/69429%2Fc0804xg9pv65
383	p. 21-1110	https://image-tor.canadiana.ca/iiif/2/69429%2Fc04746q2234s
384	p. 21-1111	https://image-tor.canadiana.ca/iiif/2/69429%2Fc00g3gx4db1t
385	p. 21-1112	https://image-tor.canadiana.ca/iiif/2/69429%2Fc0vq2s46s09v
386	p. 21-1113	https://image-tor.canadiana.ca/iiif/2/69429%2Fc0qz22b9478x
387	p. 21-1114	https://image-tor.canadiana.ca/iiif/2/69429%2Fc0m61bk1gg97
388	p. 21-1115	https://image-tor.canadiana.ca/iiif/2/69429%2Fc0gh9b56nv9t
389	p. 21-1116	https://image-tor.canadiana.ca/iiif/2/69429%2Fc0br8mc9136v
390	p. 21-1117	https://image-tor.canadiana.ca/iiif/2/69429%2Fc0707wm1cb50
391	p. 21-1118	https://image-tor.canadiana.ca/iiif/2/69429%2Fc03775t3qk1t
392	p. 21-1119	https://image-tor.canadiana.ca/iiif/2/69429%2Fc0zg6g16380m
393	p. 21-1120	https://image-tor.canadiana.ca/iiif/2/69429%2Fc0tq5r78fh0d
394	p. 21-1121	https://image-tor.canadiana.ca/iiif/2/69429%2Fc0pz51g0sq9x
395	p. 21-1122	https://image-tor.canadiana.ca/iiif/2/69429%2Fc0k931260417
396	p. 21-1123	https://image-tor.canadiana.ca/iiif/2/69429%2Fc0fj2988bc0f
397	p. 21-1124	https://image-tor.canadiana.ca/iiif/2/69429%2Fc09s1kh0pk6t
398	p. 21-1125	https://image-tor.canadiana.ca/iiif/2/69429%2Fc0610vq31t47
399	p. 21-1126	https://image-tor.canadiana.ca/iiif/2/69429%2Fc02804x5d20k
400	p. 21-1127	https://image-tor.canadiana.ca/iiif/2/69429%2Fc0xg9f47rr2k
401	p. 21-1128	https://image-tor.canadiana.ca/iiif/2/69429%2Fc0sq8qc0401d
402	p. 21-1129	https://image-tor.canadiana.ca/iiif/2/69429%2Fc0p26pz59c46
403	p. 21-1130	https://image-tor.canadiana.ca/iiif/2/69429%2Fc0j96057nm36
404	p. 21-1131	https://image-tor.canadiana.ca/iiif/2/69429%2Fc0dj58d00v0b
405	p. 21-1132	https://image-tor.canadiana.ca/iiif/2/69429%2Fc08s4jm2c26m
406	p. 21-1133	https://image-tor.canadiana.ca/iiif/2/69429%2Fc0513tt4q94j
407	p. 21-1134	https://image-tor.canadiana.ca/iiif/2/69429%2Fc01834172j31
408	p. 21-1135	https://image-tor.canadiana.ca/iiif/2/69429%2Fc0wh2d79f743
409	p. 21-1136	https://image-tor.canadiana.ca/iiif/2/69429%2Fc0rv0cv4mm6m
410	p. 21-1137	https://image-tor.canadiana.ca/iiif/2/69429%2Fc0n29p26zv3t
411	p. 21-1138	https://image-tor.canadiana.ca/iiif/2/69429%2Fc0h98z89b31f
412	p. 21-1139	https://image-tor.canadiana.ca/iiif/2/69429%2Fc0cj87h1p976
413	p. 21-1140	https://image-tor.canadiana.ca/iiif/2/69429%2Fc07s7hq41j4q
414	p. 21-1141	https://image-tor.canadiana.ca/iiif/2/69429%2Fc0416sx6cs4t
415	p. 21-1142	https://image-tor.canadiana.ca/iiif/2/69429%2Fc0086348r12r
416	p. 21-1143	https://image-tor.canadiana.ca/iiif/2/69429%2Fc0vm42r3xv6m
417	p. 21-1144	https://image-tor.canadiana.ca/iiif/2/69429%2Fc0qv3bz6935t
418	p. 21-1145	https://image-tor.canadiana.ca/iiif/2/69429%2Fc0m32n58nb10
419	p. 21-1146	https://image-tor.canadiana.ca/iiif/2/69429%2Fc0gb1xd10j8f
420	p. 21-1147	https://image-tor.canadiana.ca/iiif/2/69429%2Fc0bk16m3bs6f
421	p. 21-114 [1148]	https://image-tor.canadiana.ca/iiif/2/69429%2Fc06t0gt5q16r
422	p. 21-1149	https://image-tor.canadiana.ca/iiif/2/69429%2Fc0319s182841
423	p. 21-1150	https://image-tor.canadiana.ca/iiif/2/69429%2Fc0zc7rn38408
424	p. 21-1151	https://image-tor.canadiana.ca/iiif/2/69429%2Fc0tm71v5mb8k
425	p. 21-1152	https://image-tor.canadiana.ca/iiif/2/69429%2Fc0pv6b27zk51
426	p. 21-1153	https://image-tor.canadiana.ca/iiif/2/69429%2Fc0k35m909t1w
427	p. 21-1154	https://image-tor.canadiana.ca/iiif/2/69429%2Fc0fb4wh2p19b
428	p. 21-1155	https://image-tor.canadiana.ca/iiif/2/69429%2Fc09k45q5188d
429	p. 21-1156	https://image-tor.canadiana.ca/iiif/2/69429%2Fc05t3fx7ch7m
430	p. 21-1157	https://image-tor.canadiana.ca/iiif/2/69429%2Fc0251fj2jw9v
431	p. 21-1158	https://image-tor.canadiana.ca/iiif/2/69429%2Fc0xd0qr4xk8r
432	p. 21-1159	https://image-tor.canadiana.ca/iiif/2/69429%2Fc0sn00z78t67
433	p. 21-1160	https://image-tor.canadiana.ca/iiif/2/69429%2Fc0nv9959n222
434	p. 21-1161	https://image-tor.canadiana.ca/iiif/2/69429%2Fc0j38kd2091p
435	p. 21-1162	https://image-tor.canadiana.ca/iiif/2/69429%2Fc0db7vm4bj22
436	p. 21-1163	https://image-tor.canadiana.ca/iiif/2/69429%2Fc08k74t6pr9s
437	p. 21-1164	https://image-tor.canadiana.ca/iiif/2/69429%2Fc04x54f1w50b
438	p. 21-1165	https://image-tor.canadiana.ca/iiif/2/69429%2Fc0154dn47c9n
439	p. 21-1166	https://image-tor.canadiana.ca/iiif/2/69429%2Fc0wd3pv6m28j
440	p. 21-1167	https://image-tor.canadiana.ca/iiif/2/69429%2Fc0rn3028z95c
441	p. 21-1168	https://image-tor.canadiana.ca/iiif/2/69429%2Fc0mw28919j33
442	p. 21-1169	https://image-tor.canadiana.ca/iiif/2/69429%2Fc0h41jh3ns4s
443	p. 21-1170	https://image-tor.canadiana.ca/iiif/2/69429%2Fc0cc0tq6112d
444	p. 21-1171	https://image-tor.canadiana.ca/iiif/2/69429%2Fc07p8tb16d4s
445	p. 21-1172	https://image-tor.canadiana.ca/iiif/2/69429%2Fc03x83j3jn2s
446	p. 21-1173	https://image-tor.canadiana.ca/iiif/2/69429%2Fc0057cr5ww0q
447	p. 21-1174	https://image-tor.canadiana.ca/iiif/2/69429%2Fc0vd6nz88j8t
448	p. 21-1175	https://image-tor.canadiana.ca/iiif/2/69429%2Fc0qn5z60ms8n
449	p. 21-1176	https://image-tor.canadiana.ca/iiif/2/69429%2Fc0kw57d30177
450	p. 21-1177	https://image-tor.canadiana.ca/iiif/2/69429%2Fc0g737085d7p
451	p. 21-1178	https://image-tor.canadiana.ca/iiif/2/69429%2Fc0bg2h70hn73
452	p. 21-1179	https://image-tor.canadiana.ca/iiif/2/69429%2Fc06q1sf2vw44
453	p. 21-1180	https://image-tor.canadiana.ca/iiif/2/69429%2Fc02z12n57424
454	p. 21-1181	https://image-tor.canadiana.ca/iiif/2/69429%2Fc0z60bv7kt07
455	p. 21-1182	https://image-tor.canadiana.ca/iiif/2/69429%2Fc0td9n29z194
456	p. 21-1183	https://image-tor.canadiana.ca/iiif/2/69429%2Fc0pn8x929909
457	p. 21-1184	https://image-tor.canadiana.ca/iiif/2/69429%2Fc0k06ww7gn8g
458	p. 21-1185	https://image-tor.canadiana.ca/iiif/2/69429%2Fc0f76639tw7g
459	p. 21-1186	https://image-tor.canadiana.ca/iiif/2/69429%2Fc09g5gb26469
460	p. 21-1187	https://image-tor.canadiana.ca/iiif/2/69429%2Fc05q4rj4jc3b
461	p. 21-1188	https://image-tor.canadiana.ca/iiif/2/69429%2Fc01z41r6wm1b
462	p. 21-1189	https://image-tor.canadiana.ca/iiif/2/69429%2Fc0x639z9891m
463	p. 21-1190	https://image-tor.canadiana.ca/iiif/2/69429%2Fc0sf2m61mj0v
464	p. 21-1191	https://image-tor.canadiana.ca/iiif/2/69429%2Fc0ns0ks6sx3b
465	p. 21-1192	https://image-tor.canadiana.ca/iiif/2/69429%2Fc0j09w09552q
466	p. 21-1193	https://image-tor.canadiana.ca/iiif/2/69429%2Fc0d79571hc92
467	p. 21-1194	https://image-tor.canadiana.ca/iiif/2/69429%2Fc08g8ff3vm63
468	p. 21-1195	https://image-tor.canadiana.ca/iiif/2/69429%2Fc04q7qn66v21
469	p. 21-1196	https://image-tor.canadiana.ca/iiif/2/69429%2Fc00z70v8k32q
470	p. 21-1197	https://image-tor.canadiana.ca/iiif/2/69429%2Fc0w66930xs21
471	p. 21-1198	https://image-tor.canadiana.ca/iiif/2/69429%2Fc0rj48p6454x
472	p. 21-1199	https://image-tor.canadiana.ca/iiif/2/69429%2Fc0ms3jw8gd4q
473	p. 21-1200	https://image-tor.canadiana.ca/iiif/2/69429%2Fc0h12v40tn0h
474	p. 21-1201	https://image-tor.canadiana.ca/iiif/2/69429%2Fc0c824b35v89
475	p. 21-1202	https://image-tor.canadiana.ca/iiif/2/69429%2Fc07h1dj5j348
476	p. 21-1203	https://image-tor.canadiana.ca/iiif/2/69429%2Fc03r0pr7wb3g
477	p. 21-1204	https://image-tor.canadiana.ca/iiif/2/69429%2Fc00000007k2w
478	p. 21-1205	https://image-tor.canadiana.ca/iiif/2/69429%2Fc0v97zk5fd6q
479	p. 21-1206	https://image-tor.canadiana.ca/iiif/2/69429%2Fc0qj77s7sn34
480	p. 21-1207	https://image-tor.canadiana.ca/iiif/2/69429%2Fc0ks6j104w18
481	p. 21-1208	https://image-tor.canadiana.ca/iiif/2/69429%2Fc0g15t72h37v
482	p. 21-1209	https://image-tor.canadiana.ca/iiif/2/69429%2Fc0b853f4vb5v
483	p. 21-1210	https://image-tor.canadiana.ca/iiif/2/69429%2Fc06h4cn76k4j
484	p. 21-1211	https://image-tor.canadiana.ca/iiif/2/69429%2Fc02r3nv9jt3r
485	p. 21-1212	https://image-tor.canadiana.ca/iiif/2/69429%2Fc0z31ng4rn91
486	p. 21-1213	https://image-tor.canadiana.ca/iiif/2/69429%2Fc0tb0xp73w74
487	p. 21-1214	https://image-tor.canadiana.ca/iiif/2/69429%2Fc0pk06w9g442
488	p. 21-1215	https://image-tor.canadiana.ca/iiif/2/69429%2Fc0js9h41tc00
489	p. 21-1216	https://image-tor.canadiana.ca/iiif/2/69429%2Fc0f18sb45k74
490	p. 21-1217	https://image-tor.canadiana.ca/iiif/2/69429%2Fc09882j6ht79
491	p. 21-1218	https://image-tor.canadiana.ca/iiif/2/69429%2Fc05h7br8w25f
492	p. 21-1219	https://image-tor.canadiana.ca/iiif/2/69429%2Fc01v5bc42f7v
493	p. 21-1220	https://image-tor.canadiana.ca/iiif/2/69429%2Fc0x34mk6f487
494	p. 21-1221	https://image-tor.canadiana.ca/iiif/2/69429%2Fc0sb3ws8sc58
495	p. 21-1222	https://image-tor.canadiana.ca/iiif/2/69429%2Fc0nk36114m26
496	p. 21-1223	https://image-tor.canadiana.ca/iiif/2/69429%2Fc0ht2g73gv0t
497	p. 21-1224	https://image-tor.canadiana.ca/iiif/2/69429%2Fc0d21rf5v30f
498	p. 21-1225	https://image-tor.canadiana.ca/iiif/2/69429%2Fc08911n8699t
499	p. 21-1226	https://image-tor.canadiana.ca/iiif/2/69429%2Fc04m9183cp91
500	p. 21-1227	https://image-tor.canadiana.ca/iiif/2/69429%2Fc00v89g5qx62
501	p. 21-228 [1228]	https://image-tor.canadiana.ca/iiif/2/69429%2Fc0w37kp83m7x
502	p. 21-1229	https://image-tor.canadiana.ca/iiif/2/69429%2Fc0rb6vx0fv30
503	p. 21-1230	https://image-tor.canadiana.ca/iiif/2/69429%2Fc0mk6542t31x
504	p. 21-1231	https://image-tor.canadiana.ca/iiif/2/69429%2Fc0gt5fb55b16
505	p. 21-1232	https://image-tor.canadiana.ca/iiif/2/69429%2Fc0c24qj7hk0q
506	p. 21-1233	https://image-tor.canadiana.ca/iiif/2/69429%2Fc07d2q52pz2n
507	p. 21-1234	https://image-tor.canadiana.ca/iiif/2/69429%2Fc03n20c5260n
508	p. 21-1235	https://image-tor.canadiana.ca/iiif/2/69429%2Fc0zw18k7dv9b
509	p. 21-1236	https://image-tor.canadiana.ca/iiif/2/69429%2Fc0v40js9s35m
510	p. 21-1237	https://image-tor.canadiana.ca/iiif/2/69429%2Fc0qb9v124b4s
511	p. 21-1238	https://image-tor.canadiana.ca/iiif/2/69429%2Fc0kk9474gk5j
512	p. 21-1239	https://image-tor.canadiana.ca/iiif/2/69429%2Fc0fx73t9nz58
513	p. 21-1240	https://image-tor.canadiana.ca/iiif/2/69429%2Fc0b56d22164t
514	p. 21-1241	https://image-tor.canadiana.ca/iiif/2/69429%2Fc06d5p84cf31
515	p. 21-1242	https://image-tor.canadiana.ca/iiif/2/69429%2Fc02n4zg6qp02
516	p. 21-1243	https://image-tor.canadiana.ca/iiif/2/69429%2Fc0xw47p93b94
517	p. 21-1244	https://image-tor.canadiana.ca/iiif/2/69429%2Fc0t43hx1fk7p
518	p. 21-1245	https://image-tor.canadiana.ca/iiif/2/69429%2Fc0pc2t43st7w
519	p. 21-1246	https://image-tor.canadiana.ca/iiif/2/69429%2Fc0jq0sq9065f
520	p. 21-1247	https://image-tor.canadiana.ca/iiif/2/69429%2Fc0dz02z1bf6t
521	p. 21-1248	https://image-tor.canadiana.ca/iiif/2/69429%2Fc0959c53pp31
522	p. 21-1249	https://image-tor.canadiana.ca/iiif/2/69429%2Fc05d8nc61x14
523	p. 21-1250	https://image-tor.canadiana.ca/iiif/2/69429%2Fc01n7xk8d47d
524	p. 21-1251	https://image-tor.canadiana.ca/iiif/2/69429%2Fc0ww76t0rt9j
525	p. 21-1252	https://image-tor.canadiana.ca/iiif/2/69429%2Fc0s46h134292
526	p. 21-1253	https://image-tor.canadiana.ca/iiif/2/69429%2Fc0ng4gm89f9s
527	p. 21-1254	https://image-tor.canadiana.ca/iiif/2/69429%2Fc0hq3rv0np96
528	p. 21-1255	https://image-tor.canadiana.ca/iiif/2/69429%2Fc0cz32230x6h
529	p. 21-1256	https://image-tor.canadiana.ca/iiif/2/69429%2Fc0862b85c53c
530	p. 21-1257	https://image-tor.canadiana.ca/iiif/2/69429%2Fc04f1mg7qc94
531	p. 21-1258	https://image-tor.canadiana.ca/iiif/2/69429%2Fc00p0wq02m8f
532	p. 21-1259	https://image-tor.canadiana.ca/iiif/2/69429%2Fc0vx05x2fb05
533	p. 21-1260	https://image-tor.canadiana.ca/iiif/2/69429%2Fc0r785h7mq27
534	p. 21-1261	https://image-tor.canadiana.ca/iiif/2/69429%2Fc0mg7fq9zz1f
535	p. 21-1262	https://image-tor.canadiana.ca/iiif/2/69429%2Fc0gq6qz2b590
536	p. 21-1263	https://image-tor.canadiana.ca/iiif/2/69429%2Fc0bz6154pd57
537	p. 21-1264	https://image-tor.canadiana.ca/iiif/2/69429%2Fc07659c71n22
538	p. 21-1265	https://image-tor.canadiana.ca/iiif/2/69429%2Fc03f4kk9cw2v
539	p. 21-1266	https://image-tor.canadiana.ca/iiif/2/69429%2Fc0zp3vt1rk2z
540	p. 21-1267	https://image-tor.canadiana.ca/iiif/2/69429%2Fc0v11vd6xz30
541	p. 21-1268	https://image-tor.canadiana.ca/iiif/2/69429%2Fc0q814m99635
542	p. 21-1269	https://image-tor.canadiana.ca/iiif/2/69429%2Fc0kh0dv1nd9j
543	p. 21-1270	https://image-tor.canadiana.ca/iiif/2/69429%2Fc0fq9q240n7h
544	p. 21-1271	https://image-tor.canadiana.ca/iiif/2/69429%2Fc09z9086bw3b
545	p. 21-1282 [1272]	https://image-tor.canadiana.ca/iiif/2/69429%2Fc06688g8q43z
546	p. 21-1273	https://image-tor.canadiana.ca/iiif/2/69429%2Fc02f7jq12c28
547	p. 21-1274	https://image-tor.canadiana.ca/iiif/2/69429%2Fc0xs5j96865v
548	p. 21-1275	https://image-tor.canadiana.ca/iiif/2/69429%2Fc0t14th8mf4c
549	p. 21-1276	https://image-tor.canadiana.ca/iiif/2/69429%2Fc0p843r0zp1d
550	p. 21-1277	https://image-tor.canadiana.ca/iiif/2/69429%2Fc0jh3cz39w87
551	p. 21-1278	https://image-tor.canadiana.ca/iiif/2/69429%2Fc0dr2p55p46s
552	p. 21-1279	https://image-tor.canadiana.ca/iiif/2/69429%2Fc0901zc81c5s
553	p. 21-1280	https://image-tor.canadiana.ca/iiif/2/69429%2Fc05717m0cm40
554	p. 21-1281	https://image-tor.canadiana.ca/iiif/2/69429%2Fc01j9765k07v
555	p. 21-1282	https://image-tor.canadiana.ca/iiif/2/69429%2Fc0ws8hd7xp67
556	p. 21-1283	https://image-tor.canadiana.ca/iiif/2/69429%2Fc0s17sn08x48
557	p. 21-1284	https://image-tor.canadiana.ca/iiif/2/69429%2Fc0n872v2n50m
558	p. 21-1285	https://image-tor.canadiana.ca/iiif/2/69429%2Fc0hh6c250c7v
559	p. 21-1286	https://image-tor.canadiana.ca/iiif/2/69429%2Fc0cr5n87bm87
560	p. 21-1287	https://image-tor.canadiana.ca/iiif/2/69429%2Fc0804xg9pv7r
561	p. 21-1288	https://image-tor.canadiana.ca/iiif/2/69429%2Fc04b2x34w771
562	p. 21-1289	https://image-tor.canadiana.ca/iiif/2/69429%2Fc00k26977g63
563	p. 21-1290	https://image-tor.canadiana.ca/iiif/2/69429%2Fc0vt1gh9m56k
564	p. 21-1291	https://image-tor.canadiana.ca/iiif/2/69429%2Fc0r20rr1zd3j
565	p. 21-1292	https://image-tor.canadiana.ca/iiif/2/69429%2Fc0m901z49m95
566	p. 21-1293	https://image-tor.canadiana.ca/iiif/2/69429%2Fc0gh9b56nw03
567	p. 21-1294	https://image-tor.canadiana.ca/iiif/2/69429%2Fc0br8mc9137f
568	p. 21-1295	https://image-tor.canadiana.ca/iiif/2/69429%2Fc0736m046h0z
569	p. 21-1296	https://image-tor.canadiana.ca/iiif/2/69429%2Fc03b5w66jq8w
570	p. 21-1297	https://image-tor.canadiana.ca/iiif/2/69429%2Fc0zk55d8xd8r
571	p. 21-1298	https://image-tor.canadiana.ca/iiif/2/69429%2Fc0tt4fn18n49
572	p. 21-1299	https://image-tor.canadiana.ca/iiif/2/69429%2Fc0q23qv3mw27
573	p. 21-1300	https://image-tor.canadiana.ca/iiif/2/69429%2Fc0k93126042t
574	p. 21-1301	https://image-tor.canadiana.ca/iiif/2/69429%2Fc0fn10p15h25
575	p. 21-1302	https://image-tor.canadiana.ca/iiif/2/69429%2Fc09w08w3hr3j
576	p. 21-1303	https://image-tor.canadiana.ca/iiif/2/69429%2Fc0639k35w008
577	p. 21-1304	https://image-tor.canadiana.ca/iiif/2/69429%2Fc02b8v987698
578	p. 21-1305	https://image-tor.canadiana.ca/iiif/2/69429%2Fc0xk84j0kw72
579	p. 21-1306	https://image-tor.canadiana.ca/iiif/2/69429%2Fc0st7dr2z44m
580	p. 21-1307	https://image-tor.canadiana.ca/iiif/2/69429%2Fc0p26pz59c5s
581	p. 21-1308	https://image-tor.canadiana.ca/iiif/2/69429%2Fc0jd4pk0gr4z
582	p. 21-1309	https://image-tor.canadiana.ca/iiif/2/69429%2Fc0dn3zs2v03p
583	p. 21-1310	https://image-tor.canadiana.ca/iiif/2/69429%2Fc08w38056725
584	p. 21-1311	https://image-tor.canadiana.ca/iiif/2/69429%2Fc0542j67jf9t
585	p. 21-1312	https://image-tor.canadiana.ca/iiif/2/69429%2Fc01c1td9wp6v
586	p. 21-1313	https://image-tor.canadiana.ca/iiif/2/69429%2Fc0wm13n28c6t
587	p. 21-1314	https://image-tor.canadiana.ca/iiif/2/69429%2Fc0rv0cv4mm76
588	p. 21-1315	https://image-tor.canadiana.ca/iiif/2/69429%2Fc0n58cf9t07m
589	p. 21-1316	https://image-tor.canadiana.ca/iiif/2/69429%2Fc0hd7np2577h
590	p. 21-1317	https://image-tor.canadiana.ca/iiif/2/69429%2Fc0cn6xw4hg4j
591	p. 21-1318	https://image-tor.canadiana.ca/iiif/2/69429%2Fc07w6736vq1c
592	p. 21-1319	https://image-tor.canadiana.ca/iiif/2/69429%2Fc0445h996x8h
593	p. 21-1320	https://image-tor.canadiana.ca/iiif/2/69429%2Fc00c4sj1k568
594	p. 21-1321	https://image-tor.canadiana.ca/iiif/2/69429%2Fc0vm42r3xv76
595	p. 21-1322	https://image-tor.canadiana.ca/iiif/2/69429%2Fc0qz22b9479h
596	p. 21-1323	https://image-tor.canadiana.ca/iiif/2/69429%2Fc0m61bk1gh0h
597	p. 21-1324	https://image-tor.canadiana.ca/iiif/2/69429%2Fc0gf0ms3tq68
598	p. 21-1325	https://image-tor.canadiana.ca/iiif/2/69429%2Fc0bn9x065z47
599	p. 21-1326	https://image-tor.canadiana.ca/iiif/2/69429%2Fc06w9668j60k
600	p. 21-1327	https://image-tor.canadiana.ca/iiif/2/69429%2Fc0348gf0wd91
601	p. 21-1328	https://image-tor.canadiana.ca/iiif/2/69429%2Fc0zc7rn3841v
602	p. 21-1329	https://image-tor.canadiana.ca/iiif/2/69429%2Fc0tq5r78fh10
603	p. 21-1330	https://image-tor.canadiana.ca/iiif/2/69429%2Fc0pz51g0sr06
604	p. 21-1331	https://image-tor.canadiana.ca/iiif/2/69429%2Fc0k649p34z8x
605	p. 21-1332	https://image-tor.canadiana.ca/iiif/2/69429%2Fc0ff3kw5h65g
606	p. 21-1333	https://image-tor.canadiana.ca/iiif/2/69429%2Fc09p2w37vf2x
607	p. 21-1334	https://image-tor.canadiana.ca/iiif/2/69429%2Fc05x25b06p01
608	p. 21-1335	https://image-tor.canadiana.ca/iiif/2/69429%2Fc0251fj2jx04
609	p. 21-1336	https://image-tor.canadiana.ca/iiif/2/69429%2Fc0xg9f47rr35
610	p. 21-1337	https://image-tor.canadiana.ca/iiif/2/69429%2Fc0sq8qc04020
611	p. 21-1338	https://image-tor.canadiana.ca/iiif/2/69429%2Fc0nz80k2g69q
612	p. 21-1339	https://image-tor.canadiana.ca/iiif/2/69429%2Fc0j678s4tf5g
613	p. 21-1340	https://image-tor.canadiana.ca/iiif/2/69429%2Fc0df6k075p2d
614	p. 21-1341	https://image-tor.canadiana.ca/iiif/2/69429%2Fc08p5v69hx26
615	p. 21-1342	https://image-tor.canadiana.ca/iiif/2/69429%2Fc04x54f1w51x
616	p. 21-1343	https://image-tor.canadiana.ca/iiif/2/69429%2Fc01834172j4m
617	p. 21-1344	https://image-tor.canadiana.ca/iiif/2/69429%2Fc0wh2d79f75p
618	p. 21-1345	https://image-tor.canadiana.ca/iiif/2/69429%2Fc0rr1pg1sg1r
619	p. 21-1346	https://image-tor.canadiana.ca/iiif/2/69429%2Fc0n00zp44p9g
620	p. 21-1347	https://image-tor.canadiana.ca/iiif/2/69429%2Fc0h707w6gx59
621	p. 21-1348	https://image-tor.canadiana.ca/iiif/2/69429%2Fc0cf9j38v54w
622	p. 21-1349	https://image-tor.canadiana.ca/iiif/2/69429%2Fc07p8tb16d5c
623	p. 21-1350	https://image-tor.canadiana.ca/iiif/2/69429%2Fc0416sx6cs5d
624	p. 21-1351	https://image-tor.canadiana.ca/iiif/2/69429%2Fc0086348r13b
625	p. 21-1352	https://image-tor.canadiana.ca/iiif/2/69429%2Fc0vh5cc13q40
626	p. 21-1353	https://image-tor.canadiana.ca/iiif/2/69429%2Fc0qr4nk3fz0f
627	p. 21-1354	https://image-tor.canadiana.ca/iiif/2/69429%2Fc0m03xs5t586
628	p. 21-1355	https://image-tor.canadiana.ca/iiif/2/69429%2Fc0g737085d88
629	p. 21-1356	https://image-tor.canadiana.ca/iiif/2/69429%2Fc0bg2h70hn8p
630	p. 21-1357	https://image-tor.canadiana.ca/iiif/2/69429%2Fc06t0gt5q17b
631	p. 21-1358	https://image-tor.canadiana.ca/iiif/2/69429%2Fc0319s18285m
632	p. 21-1359	https://image-tor.canadiana.ca/iiif/2/69429%2Fc0z89280dz5k
633	p. 21-1360	https://image-tor.canadiana.ca/iiif/2/69429%2Fc0th8bg2s61j
634	p. 21-1361	https://image-tor.canadiana.ca/iiif/2/69429%2Fc0pr7mp54d8c
635	p. 21-1362	https://image-tor.canadiana.ca/iiif/2/69429%2Fc0k06ww7gn92
636	p. 21-1363	https://image-tor.canadiana.ca/iiif/2/69429%2Fc0f76639tw82
637	p. 21-1364	https://image-tor.canadiana.ca/iiif/2/69429%2Fc09k45q51890
638	p. 21-1365	https://image-tor.canadiana.ca/iiif/2/69429%2Fc05t3fx7ch86
639	p. 21-1366	https://image-tor.canadiana.ca/iiif/2/69429%2Fc0222r49qr5z
640	p. 21-1367	https://image-tor.canadiana.ca/iiif/2/69429%2Fc0x921c23f5x
641	p. 21-1368	https://image-tor.canadiana.ca/iiif/2/69429%2Fc0sj19k4fp3j
642	p. 21-1369	https://image-tor.canadiana.ca/iiif/2/69429%2Fc0ns0ks6sx4x
643	p. 21-1370	https://image-tor.canadiana.ca/iiif/2/69429%2Fc0j38kd20928
644	p. 21-1371	https://image-tor.canadiana.ca/iiif/2/69429%2Fc0db7vm4bj3n
645	p. 21-1372	https://image-tor.canadiana.ca/iiif/2/69429%2Fc08k74t6ps02
646	p. 21-1373	https://image-tor.canadiana.ca/iiif/2/69429%2Fc04t6f192090
647	p. 21-1374	https://image-tor.canadiana.ca/iiif/2/69429%2Fc0125q81d75c
648	p. 21-1375	https://image-tor.canadiana.ca/iiif/2/69429%2Fc0w950g3rx5q
649	p. 21-1376	https://image-tor.canadiana.ca/iiif/2/69429%2Fc0rj48p6455h
650	p. 21-1377	https://image-tor.canadiana.ca/iiif/2/69429%2Fc0mw28919j4p
651	p. 21-1378	https://image-tor.canadiana.ca/iiif/2/69429%2Fc0h41jh3ns5c
652	p. 21-1379	https://image-tor.canadiana.ca/iiif/2/69429%2Fc0cc0tq61130
653	p. 21-1380	https://image-tor.canadiana.ca/iiif/2/69429%2Fc07m03x8c80d
654	p. 21-1381	https://image-tor.canadiana.ca/iiif/2/69429%2Fc03t9d50qg6n
655	p. 21-1382	https://image-tor.canadiana.ca/iiif/2/69429%2Fc0028pc32q42
656	p. 21-1383	https://image-tor.canadiana.ca/iiif/2/69429%2Fc0v97zk5fd79
657	blank page	https://image-tor.canadiana.ca/iiif/2/69429%2Fc0qn5z60ms97
658	p. 21-1385	https://image-tor.canadiana.ca/iiif/2/69429%2Fc0kw57d3018t
659	p. 21-1386	https://image-tor.canadiana.ca/iiif/2/69429%2Fc0g44hm5b86r
660	p. 21-1387	https://image-tor.canadiana.ca/iiif/2/69429%2Fc0bc3st7ph26
661	p. 21-1388	https://image-tor.canadiana.ca/iiif/2/69429%2Fc06m33201q9f
662	p. 21-1389	https://image-tor.canadiana.ca/iiif/2/69429%2Fc02v2c82cz72
663	p. 21-1390	https://image-tor.canadiana.ca/iiif/2/69429%2Fc0z31ng4rp09
664	p. 21-1391	https://image-tor.canadiana.ca/iiif/2/69429%2Fc0td9n29z20d
665	p. 21-1392	https://image-tor.canadiana.ca/iiif/2/69429%2Fc0pn8x92991w
666	p. 21-1393	https://image-tor.canadiana.ca/iiif/2/69429%2Fc0jw86h4nh8m
667	p. 21-1394	https://image-tor.canadiana.ca/iiif/2/69429%2Fc0f47gq70r5f
668	p. 21-1395	https://image-tor.canadiana.ca/iiif/2/69429%2Fc09c6rx9c01d
669	unnumbered	https://image-tor.canadiana.ca/iiif/2/69429%2Fc05m6251q69r
670	p. 21-1396	https://image-tor.canadiana.ca/iiif/2/69429%2Fc01v5bc42f8f
671	index (p. 21-1397)	https://image-tor.canadiana.ca/iiif/2/69429%2Fc0x639z98926
672	p. 21-1398	https://image-tor.canadiana.ca/iiif/2/69429%2Fc0sf2m61mj1f
673	p. 21-1399	https://image-tor.canadiana.ca/iiif/2/69429%2Fc0np1wd3zr76
674	p. 21-1400	https://image-tor.canadiana.ca/iiif/2/69429%2Fc0hx15m6b04m
675	p. 21-1401	https://image-tor.canadiana.ca/iiif/2/69429%2Fc0d50ft8p70c
676	p. 21-1402	https://image-tor.canadiana.ca/iiif/2/69429%2Fc08c9r211f9v
677	p. 21-1403	https://image-tor.canadiana.ca/iiif/2/69429%2Fc04m9183cq09
678	p. 21-1404	https://image-tor.canadiana.ca/iiif/2/69429%2Fc00z70v8k339
679	p. 21-1405	https://image-tor.canadiana.ca/iiif/2/69429%2Fc0w66930xs3m
680	p. 21-1406	https://image-tor.canadiana.ca/iiif/2/69429%2Fc0rf5k939117
681	p. 21-1407	https://image-tor.canadiana.ca/iiif/2/69429%2Fc0mp4vh5n770
682	p. 21-1408	https://image-tor.canadiana.ca/iiif/2/69429%2Fc0gx44q80g4w
683	p. 21-1409	https://image-tor.canadiana.ca/iiif/2/69429%2Fc0c53dz0bq2f
684	p. 21-1410	https://image-tor.canadiana.ca/iiif/2/69429%2Fc07d2q52pz37
685	p. 21-1411	https://image-tor.canadiana.ca/iiif/2/69429%2Fc03r0pr7wb42
686	p. 21-1412	https://image-tor.canadiana.ca/iiif/2/69429%2Fc00000007k3g
687	p. 21-1413	https://image-tor.canadiana.ca/iiif/2/69429%2Fc0v69862m82t
688	p. 21-1414	https://image-tor.canadiana.ca/iiif/2/69429%2Fc0qf8jd4zg95
689	p. 21-1415	https://image-tor.canadiana.ca/iiif/2/69429%2Fc0kp7tm79q53
690	p. 21-1416	https://image-tor.canadiana.ca/iiif/2/69429%2Fc0fx73t9nz6v
691	p. 21-1417	https://image-tor.canadiana.ca/iiif/2/69429%2Fc0b56d22165d
692	p. 21-1418	https://image-tor.canadiana.ca/iiif/2/69429%2Fc06h4cn76k54
693	p. 21-1419	https://image-tor.canadiana.ca/iiif/2/69429%2Fc02r3nv9jt4b
694	p. 21-1420	https://image-tor.canadiana.ca/iiif/2/69429%2Fc0z02z31xh20
695	p. 21-1421	https://image-tor.canadiana.ca/iiif/2/69429%2Fc0t727948r0g
696	p. 21-1422	https://image-tor.canadiana.ca/iiif/2/69429%2Fc0pg1hh6mz67
697	p. 21-1423	https://image-tor.canadiana.ca/iiif/2/69429%2Fc0jq0sq90661
698	p. 21-1424	https://image-tor.canadiana.ca/iiif/2/69429%2Fc0dz02z1bf7d
699	p. 21-1425	https://image-tor.canadiana.ca/iiif/2/69429%2Fc09882j6ht8w
700	p. 21-1426	https://image-tor.canadiana.ca/iiif/2/69429%2Fc05h7br8w261
701	p. 21-1427	https://image-tor.canadiana.ca/iiif/2/69429%2Fc01r6n017945
702	p. 21-1428	https://image-tor.canadiana.ca/iiif/2/69429%2Fc0x05x63m02s
703	p. 21-1429	https://image-tor.canadiana.ca/iiif/2/69429%2Fc0s756d5z69h
704	p. 21-1430	https://image-tor.canadiana.ca/iiif/2/69429%2Fc0ng4gm89g02
705	p. 21-1431	https://image-tor.canadiana.ca/iiif/2/69429%2Fc0ht2g73gv1d
706	p. 21-1432	https://image-tor.canadiana.ca/iiif/2/69429%2Fc0d21rf5v311
707	p. 21-1433	https://image-tor.canadiana.ca/iiif/2/69429%2Fc08911n86b03
708	p. 21-1434	https://image-tor.canadiana.ca/iiif/2/69429%2Fc04j09w0jj72
709	p. 21-1435	https://image-tor.canadiana.ca/iiif/2/69429%2Fc00r9m32ws4z
710	p. 21-1436	https://image-tor.canadiana.ca/iiif/2/69429%2Fc0w08w958g22
711	p. 21-1437	https://image-tor.canadiana.ca/iiif/2/69429%2Fc0r785h7mq3t
712	p. 21-1438	https://image-tor.canadiana.ca/iiif/2/69429%2Fc0mk6542t32h
713	p. 21-1439	https://image-tor.canadiana.ca/iiif/2/69429%2Fc0gt5fb55b2s
714	p. 21-1440	https://image-tor.canadiana.ca/iiif/2/69429%2Fc0c24qj7hk19
715	p. 21-1441	https://image-tor.canadiana.ca/iiif/2/69429%2Fc07940r9vs7f
716	p. 21-1442	https://image-tor.canadiana.ca/iiif/2/69429%2Fc03j3902714h
717	p. 21-1443	https://image-tor.canadiana.ca/iiif/2/69429%2Fc0zs2k64kq4g
718	p. 21-1444	https://image-tor.canadiana.ca/iiif/2/69429%2Fc0v11vd6xz4k
719	p. 21-1445	https://image-tor.canadiana.ca/iiif/2/69429%2Fc0qb9v124b5c
720	p. 21-1446	https://image-tor.canadiana.ca/iiif/2/69429%2Fc0kk9474gk64
721	p. 21-1447	https://image-tor.canadiana.ca/iiif/2/69429%2Fc0ft8df6tt2k
722	p. 21-1448	https://image-tor.canadiana.ca/iiif/2/69429%2Fc0b27pn9620h
723	p. 21-1449	https://image-tor.canadiana.ca/iiif/2/69429%2Fc0696zw1j86w
724	p. 21-1450	https://image-tor.canadiana.ca/iiif/2/69429%2Fc02j6833wh3q
725	p. 21-1451	https://image-tor.canadiana.ca/iiif/2/69429%2Fc0xs5j96866f
726	p. 21-1452	https://image-tor.canadiana.ca/iiif/2/69429%2Fc0t43hx1fk88
