label,occurrences,first_year,last_year
general remarks,146,1896,1897
industries taught carpenter,93,1906,1914
industries taught shoemaker,93,1906,1914
industries taught tailor,93,1906,1914
industries taught blacksmith,93,1906,1914
industries taught baker,93,1906,1914
industries taught harnessmaker,93,1906,1914
industries taught printer,93,1906,1914
industries taught painter,93,1906,1914
grant from what fund paid,88,1904,1906
stonecutter,65,1896,1896
average,52,1902,1902
cts,51,1898,1898
number on roll,49,1900,1902
appropriation for salary or yearly grant paid,47,1900,1900
from what,47,1907,1907
industries taught tinsmith,42,1906,1908
from what fund paid cts,38,1902,1902
industries taught tin smith,33,1907,1907
industries harnessm r,32,1900,1900
b l ksmith,31,1896,1896
grant from what fund,31,1908,1908
paid cts,28,1897,1897
from school,27,1900,1900
from what appropriation fund for salary or yearly grant paid,25,1898,1898
vote,25,1902,1908
fund paid,25,1907,1907
industries,21,1902,1902
from appropriation fund,16,1903,1903
what for salary or yearly grant,16,1903,1903
paid,13,1897,1897
appropriation for salary or,11,1900,1900
average attendance boys,11,1900,1900
average attendance girls,11,1900,1900
standard,8,1900,1900
total,7,1906,1906
i,7,1906,1906
ii,7,1906,1906
iii,7,1906,1906
iv,7,1906,1906
v,7,1906,1906
vi,7,1906,1906
from what fund for salary or yearly grant,3,1900,1900
pupils per standard i,3,1906,1906
pupils per standard ii,3,1906,1906
pupils per standard iii,3,1906,1906
pupils per standard iv,3,1906,1906
pupils per standard v,3,1906,1906
pupils per standard vi,3,1906,1906
appropriation for yearly grant fund,2,1897,1897
salary from what fund paid,1,1896,1896
