year,klass,n_schools,enrolment,avg_attendance,fiscal_note,page,sentence
1899,industrial,,983,,point_in_time,p0352-office-of-the-commissioner-of,"should strive to disabuse their minds as to the danger. The total enrolment in industrial and boarding schools on June 30, 1899, was: - Industrial schools 983 Boarding schools 847 As compared with t"
1899,boarding,,847,,point_in_time,p0352-office-of-the-commissioner-of,"should strive to disabuse their minds as to the danger. The total enrolment in industrial and boarding schools on June 30, 1899, was: - Industrial schools 983 Boarding schools 847 As compared with the enrolment on June"
1910,day,241.0,6784,,,p0032-report,"been 10,625, of whom 5,301 were males and 5,324 females. Of day schools in operation there were 241, and the proportion of enrolment connected with them was 6,784; of boarding schools there were fifty-f"
1910,boarding,54.0,2229,,,p0032-report,"e proportion of enrolment connected with them was 6,784; of boarding schools there were fifty-four with an enrolment of pupils amounting to 2,229, while industrial schools to the number"
1910,industrial,20.0,1612,,,p0032-report,"-four with an enrolment of pupils amounting to 2,229, while industrial schools to the number of twenty had an aggregate enrolment of 1,612. Certain changes with regard to the han"
1925,day,247.0,7477,3516.0,retrospective,p0006-for-the-year-ended-march-31-19,"al work. During the fiscal year 1919 - 20, there was at the 247 day schools then in operation an enrolment of 7,477 and an average attendance of 3,516. The same number of day schools were in"
1925,residential,74.0,4719,4133.0,retrospective,p0006-for-the-year-ended-march-31-19,",191 and an average attendance of 4,601. Five years ago, at 74 residential schools there was an enrolment of 4,719 and an average attendance of 4,133. Last year, at the 73 residential insti"
1926,residential,74.0,6327,,,p0013-eskimo-affairs,"ent, 794 Presbyterian 7 residential schools: enrolment, 571 Total 74 residential schools: enrolment, 6,327 (As the figures are for the fiscal year"
1928,residential,77.0,6795,,,p0011-farming-and-stock-raising-amon,"ent 1,300 Presbyterian 2 residential schools: enrolment 165 Total 77 residential schools: enrolment 6,795 The expenditure for Indian education fr"
