TAG_ID,ENAME,FNAME,SUBTYPE_ENAME,SUBTYPE_FNAME,MIN_X_W,MAX_X_E,MIN_Y_S,MAX_Y_N,CENTER_X,CENTER_Y,COORD_SYS
GP0009b,Peace and Friendship Treaties (1725-1779),Traités de paix et d'amitié (1725-1779),Peace and Friendship Treaty,Traité de paix et d’amitié,-65.6370929719535,-59.68318496297719,46.72060540147441,49.94713673317282,-65.6370929719535,46.72060540147441,GCS_North_American_1983_CSRS
GP0010a,Treaty 11 (1921),Traité no 11 (1921),Numbered Treaty,Traité numéroté,-122.88612676534733,-107.25966497432404,64.93752950084489,70.58782385633278,-122.88612676534733,64.93752950084489,GCS_North_American_1983_CSRS
HT03,Southern Ontario Treaties (1764-1862),Traités du sud de l'Ontario (1764-1862),Upper Canada Land Surrender,Cession de terres du Haut-Canada,-79.17974010870851,-74.34025784231241,44.13770356527476,45.99810127930813,-79.17974010870851,44.13770356527476,GCS_North_American_1983_CSRS
HT05,Robinson-Superior Treaty (1850),Traité Robinson-Supérieur (1850),Robinson Treaty,Traité Robinson,-87.16433708619566,-83.07891073170724,48.9069601749706,50.776840662275106,-87.16433708619566,48.9069601749706,GCS_North_American_1983_CSRS
HT06,Douglas Treaties (1850-1854),Traités Douglas  (1850-1854),Douglas Treaty (Vancouver Island),Traité Douglas (île de Vancouver),-123.90369892388948,-123.25666814089544,48.66979213605664,50.76500364455465,-123.90369892388948,48.66979213605664,GCS_North_American_1983_CSRS
HT07,Treaty 1 (1871),Traité no 1 (1871),Numbered Treaty,Traité numéroté,-97.74302798351316,-95.61086899657461,49.771834940339275,50.871538758264755,-97.74302798351316,49.771834940339275,GCS_North_American_1983_CSRS
HT08,Treaty 2 (1871),Traité no 2 (1871),Numbered Treaty,Traité numéroté,-99.82161729259298,-96.258573497283,50.67853224112085,52.3810269090013,-99.82161729259298,50.67853224112085,GCS_North_American_1983_CSRS
HT09,Treaty 3 (1873),Traité no 3 (1873),Numbered Treaty,Traité numéroté,-93.14513947425296,-89.8647799723918,50.030225020785416,52.22647082536877,-93.14513947425296,50.030225020785416,GCS_North_American_1983_CSRS
HT10,Treaty 4 (1874),Traité no 4 (1874),Numbered Treaty,Traité numéroté,-105.13215164826346,-99.7703889543969,50.67075542533627,53.06598292422716,-105.13215164826346,50.67075542533627,GCS_North_American_1983_CSRS
HT13,Treaty 7 (1877),Traité no 7 (1877),Numbered Treaty,Traité numéroté,-112.92444753784996,-109.90589909510831,50.60601201296093,52.35682742040247,-112.92444753784996,50.60601201296093,GCS_North_American_1983_CSRS
HT14,Treaty 8 (1899),Traité no 8 (1899),Numbered Treaty,Traité numéroté,-116.79617231261858,-104.93056540173531,57.90792573631714,62.83614711826594,-116.79617231261858,57.90792573631714,GCS_North_American_1983_CSRS
HT16,Treaty 10 (1906),Traité no 10 (1906),Numbered Treaty,Traité numéroté,-105.26337462846807,-101.79740697279684,56.78609956385924,60.000729614179846,-105.26337462846807,56.78609956385924,GCS_North_American_1983_CSRS
HT18,Williams Treaties (1923),Traités Williams (1923),Williams Treaty,Traité Williams,-78.82814198498419,-76.91626278910226,45.3378909339214,46.385146290871866,-78.82814198498419,45.3378909339214,GCS_North_American_1983_CSRS
PT0002a,Robinson-Huron Treaty (1850),Traité Robinson-Huron (1850),Robinson Treaty,Traité Robinson,-80.96029677072192,-78.47804690828926,46.619217986746584,48.35707400668571,-80.96029677072192,46.619217986746584,GCS_North_American_1983_CSRS
PT0011a,Treaty 5 (1875),Traité no 5 (1875),Numbered Treaty,Traité numéroté,-97.180885683498,-90.5773692124077,55.96644441684108,60.00087053506196,-97.180885683498,55.96644441684108,GCS_North_American_1983_CSRS
PT0012a,Treaty 6 (1876),Traité no 6 (1876),Numbered Treaty,Traité numéroté,-109.71461864639514,-102.2159333255507,53.171906694340706,55.25042395783615,-109.71461864639514,53.171906694340706,GCS_North_American_1983_CSRS
PT0015a,Treaty 9 (1905-1906),Traité no 9 (1905-1906),Numbered Treaty,Traité numéroté,-86.38904929066064,-79.50687810830571,52.270990911424974,57.219354643636734,-86.38904929066064,52.270990911424974,GCS_North_American_1983_CSRS
