chunk	segment_id	heading	p_lo	p_hi
00	p0477-tabular-statement-no-3	TABULAR STATEMENT No. 3	477	481
01	p0477-tabular-statement-no-3	TABULAR STATEMENT No. 3	482	486
02	p0477-tabular-statement-no-3	TABULAR STATEMENT No. 3	487	491
03	p0477-tabular-statement-no-3	TABULAR STATEMENT No. 3	492	495
04	p0971-return-c	RETURN C	971	975
05	p0971-return-c	RETURN C	976	980
06	p0971-return-c	RETURN C	981	985
07	p0971-return-c	RETURN C	986	990
08	p0971-return-c	RETURN C	991	995
09	p0971-return-c	RETURN C	996	1000
10	p0971-return-c	RETURN C	1001	1005
11	p0971-return-c	RETURN C	1006	1010
12	p0971-return-c	RETURN C	1011	1015
13	p0971-return-c	RETURN C	1016	1020
14	p0971-return-c	RETURN C	1021	1025
15	p0971-return-c	RETURN C	1026	1026
