seq,session_year,paper_num,subject,title,disposition,kind,series_id,contains,extracted,series_label,series_group
1,1867-68,6,CROWN LANDS,"Report of the Commissioner of, for 1866-7",unknown,report,,,True,,
1,1867-68,7,STATISTICS,Miscellaneous Statistics of Canada for 1866. ###,unknown,other,,,True,,
1,1867-68,9,EDUCATION,"Report of the Chief Superintendent of, for Upper Canada, for 1866. —Report of the Chief Superintendent of, for Lower Canada, for 1866",unknown,report,,,True,,
1,1867-68,16,"ONTARIO, LIEUTENANT GOVERNOR","Instructions to, and correspondence with him",unknown,other,,,False,,
1,1867-68,19,HUDSON'S BAY TERRITORY,"Correspondence, &c., in relation to the acquisition of the Territory by the Government of Canada, and the extinction of the claims of the Hudson's Bay Company; and of Orders in Council and other docum",unknown,correspondence,,,True,,
1,1867-68,20,FISHING LICENSES,"Return of Fishing Licenses issued in Canada in 1866 and 1867, to United States Fishing Vessels",unknown,other,,,False,,
1,1867-68,22,GOVERNOR GENERAL,"Copy of His Excellency's Commission, and of the Royal Instructions accompanying the same",unknown,correspondence,,,False,,
1,1867-68,24,"POSTAGE, NEWSPAPER AND OCEAN","Statement of, received for the year ending 30th June, 1867",unknown,statement,,,False,,
1,1867-68,28,THOROLD CAMP,Col. Wolseley's Report on the Camp assembled at Thorold in 1866,unknown,other,,,False,,
1,1867-68,29,"FEE FUND, AND JUDGES","Return of County Judges, and Junior and Deputy Judges in Ontario, and their salaries, and of the Fee Fund",unknown,other,,,False,,
1,1867-68,30,EXCISE DUTIES,"Orders in Council relative to,—changes in forms of Collectors' Books,—and returns of appointments and salaries of Excise Officers",unknown,other,,,False,,
1,1867-68,34,SOREL,"Statement of sums paid by the Town of Sorel, on account of indebtedness to the Municipal Loan Fund, and of arrears",unknown,statement,,,False,,
1,1867-68,37,GUNBOATS,"Return of Gunboats purchased or hired in 1866 and 1867, and of expenses connected therewith",unknown,other,,,False,,
1,1867-68,38,BREWING AND DISTILLING,"Return of proof spirits, beer, porter and ale manufactured, and grain used in each distillery and brewery in Upper Canada, in each year since 1859, and Excise duties paid thereon",unknown,other,,,True,,
1,1867-68,40,PRISON INSPECTION,"Report of the Board of Inspectors of Prisons, Asylums, &c., for 1866, —and for 1867,—and of the Prison Inspectors, on the Prisons of Nova Scotia and New Brunswick",unknown,report,,,True,,
1,1867-68,43,ST. LAWRENCE FISHERIES,"Return of the State of, from Rimouski to the head of tide on the South Shore, and from Betsiamis (including the Saguenay) to the head of tide on the North Shore; and copies of Official Reports during ",unknown,other,,,True,,
1,1867-68,45,SEIGNORIAL INDEMNITY,"Statement of sums paid or due to the several Township Municipalities in Lower Canada, in compensation therefor",unknown,statement,,,False,,
1,1867-68,48,NOVA SCOTIA AND NEW BRUNSWICK,Return shewing the Debts of those Provinces to the Dominion,unknown,other,,,False,,
1,1867-68,66,NOVA SCOTIA,Copy of an Address of the Assembly of Nova Scotia to the British Government in favor of a separation of that Province from the Canadian Confederation; and of Minutes of the Privy Council sent from Can,unknown,correspondence,,,True,,
1,1867-68,69,MUNICIPAL LOAN FUND,"Statement of payments to the credit of the Fund out of the Consolidated Revenue Fund, under the provisions of the Seigniorial Act, or advances for other purposes,—the sums borrowed from the Fund by va",unknown,statement,,,True,,
1,1867-68,71,FENIAN PROSECUTION AND HALLIDAY CASE,"Return of costs paid on the Fenian prosecutions, and also on the trial of the ""Halliday"" case, for the violation of Excise Laws. \",unknown,other,,,False,,
1,1867-68,77,DOMINION STOCK,"Statement of Dominion Stock and other securities issued since 1st July, 1867, shewing the tenders made and the charges incurred",unknown,statement,,,False,,
1,1867-68,81,LAKE SUPERIOR AND RED RIVER,"Reports received since 1st July, 1867, from the Surveyors employed to open a communication between Lake Superior and the Red River",unknown,report,,,False,,
1,1867-68,86,"TARIFF, CUSTOMS, &c","Correspondence between the Local Governments of Nova Scotia or New Brunswick, &c., with the Government of Canada, &c., complaining of losses or grievances, consequent on the operation of Acts passed b",unknown,correspondence,,,True,,
1,1867-68,87,CONFEDERATION DELEGATES,"Statement of amounts paid to the Delegates sent to England by the different Provinces, in 1866, to promote the passage of the Act of Confederation",unknown,statement,,,False,,
1,1867-68,88,PUBLIC PROPERTY OF THE DOMINION,"Statement of the Public Works' and Property of the Dominion of Canada, derived by virtue of the Act of Union ; also, Public Debt and Liabilities of the Dominion, and amount of securities deducted from",unknown,statement,,,True,,
1,1867-68,89,NEW BRUNSWICK,"Statement of moneys in the hands of the late Provincial Treasurer of New Brunswick and of the late Deputy Treasurer thereof, on the first day of July last, with a statement of the amount received by t",unknown,statement,,,True,,
2,1869,1,STATISTICS,"Miscellaneous Statistics of Canada for 1867 (Part 1. Municipal Returns, Ontario.) —Miscellaneous Statistics of Canada for 1867 (Part 2, Municipal Returns, Quebec, and partial Returns from New Brunswic",unknown,other,,,True,,
2,1869,11,COPY-RIGHTS,Correspondence Copy-right Law in Canada,unknown,correspondence,,,False,,
2,1869,27,SILVER MONEY,Copies of communications received in reference to the exportation of American Silver,unknown,correspondence,,,False,,
2,1869,31,COL. MCDougall,"Copy of Col. McDougall's letter resigning the office of Adjutant General, and of Correspondence, Order in Council, &c., in relation thereto",unknown,correspondence,,,False,,
2,1869,34,MAIL SERVICE,Copies of agreements made for the conveyance of mails by the Grand Trunk R. R. and Steamship lines between the United Kingdom and Canada,unknown,correspondence,,,False,,
2,1869,41,OWEN SOUND,"Return of the Treasurer of the Corporation of Owen Sound, concerning tolls imposed by them to defray expense incurred in improving the navigation of the River Sydenham",unknown,other,,,False,,
2,1869,46,ONTARIO AND QUEBEC,"Correspondence with the Governments of Ontario and Quebec, relative to the settlement of accounts between the same and concerning the arbitrators for that purpose, and a statement of moneys paid on ac",unknown,correspondence,,,True,,
2,1869,52,PRINCE EDWARD ISLAND,Minute of the Privy Council concerning arrangements for the admission of that Colony into the Dominion of Canada,unknown,other,,,True,,
2,1869,64,SEIGNIORIAL TENURE,"Statement of the amount for which the late Province of Canada became liable on account of the redemption thereof, and the amount which Upper Canada and the Townships received as compensation. ###",unknown,statement,,,True,,
2,1869,65,SAILING VESSELS,"Correspondence relative to the establishment of a Dominion Board of Examiners for the classification of Masters and Mates of Sailing Vessels; also, relating to shipping of Seamen, &c",unknown,correspondence,,,True,,
2,1869,69,PUBLIC BUILDINGS,"Detailed statement of the sums required to complete the Parliamentary and Departmental Buildings. —Statement of the expense of keeping up the Parliamentary and Departmental Buildings from 30th June, 1",unknown,other,,,True,,
2,1869,70,SQUARE TIMBER AND SAW LOGS,"Statement of Square Timber, &c., shipped to the United States from the respective Provinces now forming the Dominion of Canada",unknown,statement,,,False,,
3,1870,4,STATISTICS,"Miscellaneous Statistics of Canada for 1868, parts 1 and 2",unknown,other,,,True,,
3,1870,19,PARLIAMENT BUILDINGS,"Statement of the expense incurred in keeping up Parliament and Departmental Buildings at Ottawa, from the 30th day of June, 1868, to the present date, including the salaries of the Superintendent, emp",unknown,statement,,,True,,
3,1870,21,CARRILLON RAPIDS,"Detailed account of all expenditures during the past five years, made by the Government on improvements, extending from the foot of Carrillon Rapids to the uppermost works constructed upon the Ottawa ",unknown,other,,,True,,
3,1870,27,GRAIN,"Return of Grain imported from 1st April, 1867, to 1st April, 1869",unknown,other,,,False,,
3,1870,37,SHIPPING,"Correspondence with the United States Government, &c., concerning the relative duties on American vessels trading at Canadian ports, compared with those imposed by the United States on Canadian vessel",unknown,correspondence,,,False,,
3,1870,45,"LAWS, ASSIMILATION OF","Statement of sums paid out of the appropriation of \$20,000 for expenses of the Commission for making provision for the uniformity of the Laws of the Provinces",unknown,statement,,,False,,
3,1870,48,EXECUTIONS,"Rules and Regulations made by His Excellency in Council, under the Act 32, 33 Vic., c. 29, sec. 118, concerning the execution of criminals in any prison",unknown,other,,,False,,
3,1870,51,GOVERNOR GENERAL,"Copy of His Excellency the Governor General's Commission, and the Royal Instructions which accompanied the same",unknown,correspondence,,,False,,
3,1870,56,RECEIPTS AND PAYMENTS,"Statement of receipts and payments of the Dominion of Canada, from all sources, from 1st July, 1869, to 28th February, 1870",unknown,statement,,,False,,
4,1871,10,FRONTIER PROTECTION,"Statement of expenditure incurred for protection of the Frontier, and repelling invasion by the Fenians",unknown,statement,,,False,,
4,1871,13,UNFORSEEN EXPENSES,"Statement of Expenditure of, in the current fiscal year, from 1st July, 1870, to 18th February, 1871",unknown,statement,,,False,,
4,1871,14,AMERICAN SILVER,"Statement of the amount withdrawn from circulation through action of the Government, with detailed statement of expenses ; also the amount of the new issue of silver coin, &c",unknown,statement,,,False,,
4,1871,16,"GRAY, HON. J. H","Preliminary Report on the uniformity of the Statutory Laws of Ontario, New Brunswick and Nova Scotia",unknown,report,,,True,,
4,1871,28,RECEIPTS AND EXPENDITURE,"Statement of, of the Dominion of Canada, for the half year ended 31st December, 1870",unknown,statement,,,False,,
4,1871,31,"HALIFAX, PUBLIC BUILDING","Correspondence between the Government of the Dominion and the Local Government of Nova Scotia, touching the new Public Building at Halifax, and the claim made by the Local Government to be re-imbursed",unknown,correspondence,,,True,,
4,1871,36,"GRAIN, FLOUR AND MEAL","Return shewing the quantity imported into the Dominion for the year 1870—the number of bushels of each kind of grain,—the number free of duty, and the number paying duty, &c",unknown,other,,,True,,
4,1871,37,STERLING EXCHANGE,"Return shewing the total amount purchased by Dominion Government during the year 1870,—the rate paid, and from what Bank purchased, &c",unknown,other,,,True,,
4,1871,43,COPYRIGHT,"Correspondence relating to the question of Copyright, as well as that of “re-printing British Copyright works in Canada.”",unknown,correspondence,,,False,,
4,1871,44,NORTH WEST CLAIMS,"Statement of all claims made on the Dominion Government, consequent on the insurrection in the North West, &c",unknown,statement,,,False,,
4,1871,45,IMPORTATIONS,"Returns shewing the quantity of Coal, Coke, Wheat, Corn and other grain imported into each of the Provinces of Ontario, Quebec, Nova Scotia and New Brunswick respectively, and the amount of duty colle",unknown,other,,,True,,
4,1871,50,NEW BRUNSWICK,"Correspondence between the Dominion and Local Government of New Brunswick, since the 1st July, 1867, relative to unadjusted claims, &c",unknown,correspondence,,,False,,
4,1871,65,SEIGNIORIAL ACT,"Return shewing the amount distributed under the Seigniorial Act to each Municipality, according to Returns made in 1864, &c",unknown,other,,,False,,
5,1872,24,RECEIPTS AND EXPENDITURE OF CANADA,"Statement of Receipts and Expenditure of Canada, from the 1st July, 1861, to the 31st March, 1872",unknown,statement,,,False,,
5,1872,29,"PROVINCIAL BUILDINGS, HALIFAX","Message from the Governor General transmitting certain correspondence, with the award of the Arbitrators on the Claims of the Government of Nova Scotia, in connection with the Provincial Buildings at ",unknown,message,,,True,,
5,1872,64,"EMIGRANTS, FORT GARRY","Statement shewing the expenses of maintaining teams and men at Prince Arthur's Landing, for the conveyance of emigrants to Fort Garry ; also for the same service from the Western terminus of the Lake ",unknown,statement,,,True,,
6,1873,1,,"MISCELLANEOUS STATISTICS OF CANADA for the year 1870-71. Part I. Municipal Returns, Ontario.</td> </tr> <tr>",unknown,other,,,True,,
6,1873,14,CANADIAN MANUFACTURES,"Return of list of articles used as materials in Canadian Manufactories, placed on the free list, under authority of the Act 34 Vic., cap. 10, sec. 3",unknown,other,,,False,,
6,1873,18,RECEIPTS AND PAYMENTS,"Statement of the Receipts and Payments of the Dominion of Canada, for the half-year ended 31st December, 1872",unknown,statement,,,False,,
6,1873,68,PRINCE EDWARD ISLAND,"Message, transmitting for the information of the House of Commons, the accompanying papers relative to a proposed union of Prince Edward Island with Canada",unknown,message,,,False,,
7,1874,23,CONSOLIDATED FUND. EXPENDITURE,"Comparative Statement of, for the nine months ended 31st March, 1873-74",unknown,other,,,True,,
8,1875,1,,"To ensure a feeling that by energy, and proved competency the officer continues deserving of reappointment in the same, or some other post",unknown,other,,,False,,
8,1875,2,,"To prevent his growing indolent, careless, or falling under local influence, subversive of independent action",unknown,other,,,False,,
8,1875,3,,"Supposing you find a weak or damaged place in a rope, on which you expect a steady strain, how would you temporarily overcome the defect?",unknown,other,,,False,,
8,1875,11,"LEPINE, AMBROISE","Correspondence, and further correspondence relating to the commutation of the sentence of death passed on Ambroise Lepine for the murder of Thomas Scott at Fort Garry",unknown,correspondence,,,False,,
8,1875,43,RECEIPTS AND PAYMENTS,"Statement of the Receipts and payments of the Dominion of Canada, from 1st July, 1874, to the 20th February, 1875",unknown,statement,,,True,,
8,1875,48,ST. LAWRENCE RIVER NAVIGATION,"Report of John Page, Esq., Chief Engineer of Public Works, on the Navigation of the River St. Lawrence, between Lake Ontario and Montreal",unknown,report,,,True,,
8,1875,58,SHORTEST ROUTE TO EUROPE,"Report of Special Committee of the House of Commons, appointed to enquire into the shortest route to Europe",unknown,report,,,False,,
8,1875,59,"JUDGES, PROVINCE OF QUEBEC","Statement of payments to the Judges of the Province of Quebec, on account of travelling expenses, from 1st July, 1867, to 30th June, 1874",unknown,statement,,,True,,
9,1876,38,IMPORTATIONS FROM UNITED STATES,"Statement showing the total value of all articles imported from the United States into each Province of the Dominion, during 1871-'72 and '73, paying 15, 10 and 5 per cent. duty respectively ; and als",unknown,statement,,,True,,
11,1878,17,"WARRANTS, SPECIAL","Statement of Special Warrants of His Excellency the Governor General, issued in accordance with the Act 31 Vic., cap. 5, sec. 35, from the 1st of July, 1877, to the 9th of February, 1878, inclusive",unknown,statement,,,True,,
11,1878,68,"MINISTERIAL CHANGES, QUEBEC","An Address from the Legislative Council of the Province of Quebec to the House of Commons,—also an Address from the Legislative Assembly of the Province of Quebec to the House of Commons, on the subje",unknown,other,,,True,,
12,1879,14,GOVERNOR GENERAL'S COMMISSION,"Letters-Patent constituting the Office of Governor General of the Dominion of Canada, and of the Royal Instructions accompanying the same",unknown,other,,,True,,
12,1879,16,SPECIAL WARRANTS,"Statement of Special Warrants signed by the Governor General, together with the expenditure incurred thereon, during that part of the fiscal year ending 13th February, instant, as required by the Act ",unknown,statement,,,True,,
12,1879,98,"NEW BRUNSWICK, GOVERNMENT OF","Return (in part) to Address; Correspondence between the Government of New Brunswick and the Government of the Dominion, relating to certain claims preferred by the former against the latter Government",unknown,other,,,True,,
13,1880,19g,,"Correspondence in connection with letting of the following contracts for the supply of 5,000 tons of steel rails and fastenings, etc., viz. : the West Cumberland Iron and Steel Co. (Limited), for 1,00",unknown,correspondence,,,True,,
13,1880,19i,,"Agreement, Guest &amp; Co., for 10,000 tons steel rails and quantity fish plates, etc.</td> </tr> <tr>",unknown,other,,,False,,
13,1880,24,RECEIPTS AND EXPENDITURES,"Receipts and Expenditures, in detail, of the Dominion of Canada, during the six months ending the 1st day of January, 1880 ; and also during the six months ending the 1st day of January, 1879",unknown,other,,,True,,
13,1880,183,"GRAVING DOCK, ESQUIMALT","Copy of a Minute of Council on a Report dated 11th February, 1880, from the Hon. the Minister of Finance, on the subject of the advances proposed to be made by the Dominion Government for the construc",unknown,correspondence,,,True,,
14,1880-81,23u,,"Communication from Mr. C. Drinkwater, Secretary of the C. P. R. Co., dated Montreal, 25th February, 1881, transmitting an extract from the minutes of the first meeting of the Directors, having referen",unknown,other,,,False,,
14,1880-81,24,RECEIPTS AND EXPENDITURE,"In detail, of the Dominion of Canada, for the six months ending the 31st January, 1881",unknown,other,,,True,,
15,1882,39,COAL LANDS,COAL LANDS:—Copy of the Regulations for the disposal of the Coal Lands.</td> </tr> <tr>,unknown,other,,,False,,
15,1882,42,MILLS AND FACTORIES,"MILLS AND FACTORIES:—Report of the Commissioners appointed to enquire into the working of Mills and Factories of the Dominion, and the labor employed therein.</td> </tr> <tr>",unknown,report_commission,,,False,,
15,1882,79a,,Supplementary do do do</td> </tr> <tr>,unknown,other,,,True,,
16,1883,16,LABOR IN FACTORIES,Report (Senate) of A. H. Blackaby on the laws regulating labor in the State of Massachusetts. No. 16a. Report of W. Lukes on factories in England and Continent of Europe,unknown,report,,,False,,
16,1883,27j,,"Return to Resolution ; Location eastern section, Current Creek to Nipigon, and freight tariff, western division.</td> </tr> <tr>",unknown,return_resolution,,,True,,
16,1883,27l,,"Return to Resolution ; Communication from W. C. Van Horne, General Manager, dated Montreal, 18th April, 1883, respecting additional information concerning the line proposed to be adopted through the R",unknown,return_resolution,,,False,,
16,1883,27r,,Memorandum respecting Thunder Bay and River Kaministiquia.</td> </tr> <tr>,unknown,other,,,True,,
16,1883,37c,,"<p>Certified copy of a Report of the Hon. the Privy Council, on 2nd May, 1883, respecting an appropriation of at least $50,000 for bounty to fishermen.</p> </td> </tr> <tr>",unknown,other,,,True,,
16,1883,39a,,<p>Supplementary Return (Senate) to the preceding.</p> </td> </tr> <tr>,unknown,other,,,True,,
16,1883,39c,,<p>Supplementary Return (Senate) to the preceding.</p> </td> </tr> <tr>,unknown,other,,,False,,
16,1883,46c,,"Return (in part) to Address; Correspondence, &amp;c., relating to any claim made by the Provincial Government of Prince Edward Island, for a refund of their expenditure upon public wharves and piers, ",distribution_only,other,,,True,,
16,1883,46d,,Supplementary return to the preceding. (<i>Printed for Distribution.</i>)</td> </tr> <tr>,distribution_only,other,,,False,,
16,1883,105a,,"Papers in relation to the construction of two locks, and other works, at Greece's Point.</td> </tr> <tr>",unknown,correspondence,,,True,,
16,1883,105b,,"Award of John Page, Esq., Chief Engineer, on the claim of Messrs. Heney, Stewart &amp; Co., contractors for works at Greece's Point.</td> </tr> <tr>",unknown,other,,,True,,
17,1884,53a,,Supplementary Return to the preceding.</td> </tr> <tr>,unknown,other,,,True,,
18,1885,37,,"Reports relative to the manufacturing industries in existence in Canada, submitted to the House of Commons for its information. Presented to the House of Commons, 11th February, 1885, by Sir Leonard T",printed_both,report,,,False,,
18,1885,116h,,"Copy of the Official Report from Major-General Middleton, C.B., commanding the North-West field forces, concerning the engagements at Fish Creek on the 24th April, 1885; Pound-maker's Camp (near Cree'",distribution_only,correspondence,,,False,,
18,1885,140,,"Reports of Messrs. Perley and Guerin as to works respecting which application has been made on the River Ottawa and Lake Temiscaming; together with the memorandum of the Reverend Father Paradis, O.M.I",distribution_only,report,,,True,,
19,1886,11c,,"Report of the second Hudson Bay Exploration, under the command of Lieut. A. R. Gordon, R.N., 1885. Presented to the House of Commons, 10th May, 1886, by Hon. G. E. Foster— Printed for Sessional Papers",sessional_only,report,,,False,,
19,1886,18,,"Accounts of the late Province of Canada and the Provinces of Ontario and Quebec with the Dominion of Canada, from 1st July, 1867, to 30th June, 1885. Presented to the House of Commons, 29th May, 1886,",printed_both,other,,,True,,
19,1886,35f,,"Copies of letters from James A. Dickey, Office of Government Inspecting Engineer, summit of the Selkirks, enclosing extracts from diary, as to weather reports, snow-slides, etc. Presented to the House",printed_both,correspondence,,,False,,
20,1887,11a,,"Statement of Expenditure on Public Works of the Dominion of Canada, from 1st July, 1867, to 30th June, 1881; also Statement of Expenditure prior to and since Confederation— Printed for both Distributi",printed_both,statement,,,False,,
20,1887,15b,,"Report of the Hudson Bay Expedition of 1886, under the command of Lieut. A. R. Gordon, R.N. Printed for both Distribution and Sessional Papers",printed_both,report,,,False,,
20,1887,16a,,"Special Report of the Fisheries Protection Service of Canada, 1886. Presented to the House of Commons, 3rd June, 1887, by Hon. G. E. Foster— Printed for both Distribution and Sessional Papers",printed_both,other,,,True,,
20,1887,16b,,"Correspondence relative to the Fisheries Question, 1885-87. Presented to the House of Commons, 3rd May, 1887, by Hon. G. E. Foster— Printed for both Distribution and Sessional Papers",printed_both,correspondence,,,True,,
20,1887,43,,"Report on Trade Relations between Canada and the West Indies, by John P. Wylde, Commercial Agent of Canada to the West Indies. Presented to the House of Commons, 6th May, 1887, by Sir Charles Tupper..",printed_both,report,,,False,,
20,1887,47c,,"Certified copy of an Order in Council relating to the remuneration to be given to the revising officers. Presented to the House of Commons, 22nd June, 1887, by Hon. J. A. Chapleau—Printed for Sessiona",sessional_only,other,,,True,,
20,1887,48,,"Correspondence relative to the seizure of British American vessels in Behring Sea by the United States authorities in 1886. Presented to the House of Commons, 12th May, 1887, by Hon. G. E. Foster.....",printed_both,correspondence,,,True,,
20,1887,48a,,"Additional correspondence relative to the seizure of British American vessels in Behring Sea by the United States authorities in 1886. Presented to the House of Commons, 3rd June, 1887, by Hon. G. E. ",printed_both,other,,,True,,
20,1887,52a,,"Memorandum in connection with the seed grain advances. Presented to the House of Commons, 22nd June, 1887, by Hon. Thos. White.....Printed for Sessional Papers only",sessional_only,other,,,True,,
20,1887,72,,"Certified copy of Order in Council relating to the arrangement with Messrs. Bossière Bros. & Co. —Steamship Service between France and Canada. Presented to the House of Commons, 15th May, 1887, by Sir",sessional_only,other,,,True,,
20,1887,88,,"Report of the Hon. Mr. Fabre, Agent at Paris, on Commercial Relations with France. Presented to the House of Commons, 23rd June, 1887, by Hon. J. A. Chapleau— Printed for both Distribution and Session",printed_both,report,,,True,,
21,1888,6b,,"Special Report of the Fisheries Protection Service of Canada, 1887— Printed for both Distribution and Sessional Papers. ###",printed_both,other,,,True,,
21,1888,65a,,"Correspondence relating to the seizure of British vessels in Behring's Sea. Presented to the House of Commons, 26th April, 1888, by Hon. G. E. Foster— Printed for both Distribution and Sessional Paper",printed_both,correspondence,,,True,,
21,1888,65b,,"Further correspondence relating to the seizure of British vessels in Behring's Sea. Presented to the House of Commons, 27th April, 1888, by Hon. G. E. Foster— Printed for both Distribution and Session",printed_both,other,,,True,,
21,1888,65c,,"Additional correspondence relating to the seizure of British vessels in Behring's Sea. Presented to the House of Commons, 18th May, 1888, by Hon. G. E. Foster— Printed for both Distribution and Sessio",printed_both,other,,,True,,
22,1889,8a,,"Report on the Fisheries Protection Service of Canada, 1888. Presented to the House of Commons, 4th March, 1889, by Hon. C. H. Tupper— Printed for both Distribution and Sessional Papers",printed_both,report,,,True,,
22,1889,15a,,"Summary of Reports on the London, Crofter, Scandinavian, Hungarian, Church, German and Icelandic Colonies. Presented to the House of Commons, 30th April, 1889, by Hon. E. Dewdney .....Printed for both",printed_both,other,,,False,,
22,1889,77,,"Certified copy of a Report of a Committee of the Honorable the Privy Council, approved by His Excellency the Governor General in Council on the 5th September, 1888, relating to Appeals in Criminal Cas",sessional_only,other,,,True,,
23,1890,17a,,"Special Report of the delegates appointed in 1889, to enquire into the Herring Fishing Industry of Great Britain and Holland. Presented to the House of Commons, 10th February, 1890, by Hon. C. H. Tupp",printed_both,other,,,False,,
23,1890,17b,,"Report on the Fisheries Protection Service of Canada, 1889. Presented to the House of Commons, 10th March, by Hon. Mr. Colby ..... Printed for both Distribution and Sessional Papers",printed_both,report,,,False,,
23,1890,27,,"Regulations for the control and management of the Rocky Mountains Park of Canada, sanctioned by Order in Council of the 27th November, 1889. Presented to the House of Commons, 28th January, 1890, by H",distribution_only,other,,,False,,
23,1890,34,,See Sessional Paper No. 17a,unknown,other,,,False,,
23,1890,35,,"Certified copy of a report of the Honorable the Privy Council, approved by His Excellency in Council on the 17th August, 1889, on the subject of the Copyright Act of last session, together with corres",printed_both,other,,,True,,
23,1890,87b,,"Report of Lieut. Gordon, R.N., into the conduct of the master and mate of the steamship ""Baltic,"" in connection with the outrage perpetrated on one Charles Hambly, a deck-hand of the said vessel, on t",sessional_only,report,,,True,,
23,1890,94,,"Correspondence respecting the surrender of the Anderson contract for the Atlantic Steamship Service. Presented to the House of Commons, 13th May, 1890, by Hon. G. E. Foster— Printed for Sessional Pape",sessional_only,correspondence,,,True,,
24,1891,6b,,Report on Western Hemisphere Trade..... Printed for both distribution and sessional papers,printed_both,report,,,False,,
24,1891,7b,,"Evidence on the Export Cattle Trade of Canada. Presented to the House of Commons, 4th May, 1891, by Hon. C. H. Tupper..... Printed for both distribution and sessional papers",printed_both,other,,,True,,
24,1891,7c,,"Report of Evidence relative to the Carrying of Deck Loads of Timber and Deals during the winter months. Presented to the House of Commons, 4th May, 1891, by Hon. C. H. Tupper— Printed for both distrib",printed_both,report,,,True,,
24,1891,8b,,Correspondence relative to the Seizure of British Vessels in Behring Sea by United States Authorities in 1886-91..... Printed for both distribution and sessional papers,printed_both,correspondence,,,False,,
24,1891,8c,,"Correspondence respecting the Seizure of the British schooner ""Araunah,"" off Copper Island, by the Russian Authorities, 1888-90..... Printed for both distribution and sessional papers. ###",printed_both,correspondence,,,False,,
24,1891,22b,,"Statement of receipts and expenditures, in detail, chargeable to the consolidated fund, from 1st July, 1889, to 20th May, 1890; and like statement from 1st July, 1890, to 20th May, 1891. Presented to ",distribution_only,statement,,,False,,
24,1891,22c,,"Statement of receipts and expenditures, in detail, chargeable to the consolidated fund, from 1st July, 1889, to 31st May, 1890; and like statement from 1st July, 1890, to 31st May, 1891. Presented to ",distribution_only,statement,,,False,,
24,1891,22d,,"Statement of receipts and expenditures, in detail, chargeable to the consolidated fund, from 1st July, 1889, to the 10th June, 1890; and like statement from 1st July, 1890, to 10th June, 1891. Present",distribution_only,statement,,,False,,
24,1891,67,,"Statement of amounts paid for claims for bounty on pig iron manufactured in the dominion; showing quantities claimed upon and names of claimants, as well as amount paid in each case. Presented to the ",printed_both,statement,,,True,,
24,1891,75a,,"Statement showing names of tenderers, names of contractors and contract prices of military clothing for 1891-92. Presented to the House of Commons, 21st August, 1891, by Sir Adolphe Caron— Printed for",sessional_only,statement,,,True,,
25,1892,38,,"Statements of the quantity of pig iron manufactured in Canada, upon which bounties are claimed, the names of claimants and the amount paid in each case. Presented 16th March, 1892, by Hon. M. Bowell..",sessional_only,statement,,,False,,
26,1893,2d,,Trade with Great Britain—Horses.....Printed for both distribution and sessional papers,printed_both,other,,,False,,
26,1893,2e,,"Commercial Relations, Canada, No. 1. Reports upon Trade and Trade Openings in Great Britain and other countries, to 31st December, 1892.....Printed for both distribution and sessional papers",printed_both,other,,,False,,
26,1893,10d,,"Report on the Lobster Industry of Canada, 1892... Printed for both distribution and sessional papers. ###",printed_both,report,,,False,,
26,1893,11,,"Report of the Chairman of the Board of Steam-boat Inspection, etc., for calendar year ended 31st December, 1892..... Printed for both distribution and sessional papers",printed_both,report,,,False,,
26,1893,27,,"Copy of the Report of the Commissioners appointed by Royal Commission to take evidence as to the truth or falsity of certain charges made against Sir Adolphe P. Caron, member of the House of Commons a",printed_both,report_commission,,,False,,
26,1893,37,,"Statement showing quantity and bounty paid on pig iron produced in Canada since date of last return to House of Commons, 16th March, 1892. Presented 16th February, 1893, by Mr. Wallace. Printed for se",sessional_only,statement,,,True,,
26,1893,51,,"Agreement entered into between Her Majesty the Queen of the United Kingdom of Great Britain and Ireland and the President of the French Republic, regulating the commercial relations between Canada and",printed_both,other,,,False,,
27,1894,5a,,"Report of the Mission to Australia, by the Minister of Trade and Commerce. Presented 4th July, 1894, by Sir John Thompson..... Printed for both distribution and sessional papers",printed_both,report,,,False,,
27,1894,8d,,"The Scheduling of Cattle in England—the Canadian Case. Presented 4th May, 1894, by Hon. T. M. Daly.....Printed for both distribution and sessional papers",printed_both,other,,,True,,
27,1894,8e,,"Special Report of the Executive Commissioner on Awards on Agricultural Implements at Chicago, 1893. Presented 7th May, 1894, by Hon. T. M. Daly. Printed for both distribution and sessional papers",printed_both,other,,,True,,
27,1894,8g,,Report of the Executive Commissioner on the World's Columbian Exposition. Printed for both distribution and sessional papers,printed_both,report,,,True,,
27,1894,8h,,Special Report on the production of and markets for Butter and Cheese. Printed for both distribution and sessional papers,printed_both,other,,,True,,
27,1894,21,,"Royal Commission on the Liquor Traffic. Minutes of evidence taken in the provinces of Nova Scotia, New Brunswick and Prince Edward Island. .... Printed for both distribution and sessional papers",printed_both,report_commission,,,True,,
27,1894,48a,,"Supplementary return to no. 48. Presented 11th May, 1894.—Mr. Mulock. ..... Printed for sessional papers only",sessional_only,other,,,False,,
27,1894,84a,,"Supplementary return to no. 84. Presented 29th June, 1894.—Mr. Mulock. Printed for distribution only",distribution_only,other,,,False,,
27,1894,84b,,"Further supplementary return to no. 84. Presented 5th July, 1894.—Mr. Mulock. Printed for distribution only",distribution_only,other,,,False,,
28,1895,8a,,"Report on the Forest Wealth of Canada. Presented 25th April, 1895, by Hon. W. H. Montague. Printed for both distribution and sessional papers. ##",printed_both,report,,,False,,
28,1895,9i,,"(1894). Special report on Poultry and Eggs. Presented 25th April, 1895, by Hon. W. H. Montague. Printed in Vol. 7, Sessional Papers of 1894. ##",unknown,other,,,False,,
28,1895,11b,,Report of the Commissioner on Cattle Freight Rates from the port of Montreal to ports in Europe. Printed for both distribution and sessional papers,printed_both,report,,,False,,
28,1895,21,,"Report of the Royal Commission on the Liquor Traffic in Canada, with full Index to the Report and to the Evidence. Presented 24th April, 1895, by Hon. G. E. Foster. Printed for both distribution and s",printed_both,report_commission,,,False,,
28,1895,23,,Return of Treasury Board Over-Rulings. See No. 1a,unknown,other,,,False,,
28,1895,42,,"Statement of amounts paid for claims for bounty on pig iron manufactured in the Dominion, from 4th April, 1894, to 4th April, 1895. Presented 13th May, 1895, by Hon. N. C. Wallace. Printed for session",sessional_only,statement,,,False,,
29,1896,8b,,"Conference on the Copyright Question. Presented 23rd January, 1896, by Hon. W. H. Montague. .... Printed for both distribution and sessional papers. ###",printed_both,other,,,False,,
29,1896,11b,,"Report of an investigation into the Pilotage System at St. John, N.B. Presented 24th January, 1896, by Hon. J. Costigan. .... Printed for both distribution and sessional papers",printed_both,report,,,False,,
29,1896,43,,"Report of the Board of Visitors for the Royal Military College, for the year 1895. Presented 12th February, 1896, by Hon. A. R. Dickey ..... Printed for distribution only",distribution_only,report,,,False,,
29,1896,43a,,"Report of Mr. Sandford Fleming, C.M.G., a member of the Board of Visitors of the Royal Military College. Presented 25th March, 1896, by Sir Adolphe Caron ..... Printed for distribution only",distribution_only,report,,,False,,
29,1896,43b,,"Letters from the Commandant of the Royal Military College, submitting remarks on the Report of the Board of Visitors of said College, and also on the Report of Mr. Sandford Fleming, C.M.G., a member o",distribution_only,other,,,False,,
29,1896,61,,"Report upon the Sweating System in Canada. Presented 13th March, 1896, by Sir Charles Tupper. Printed for both distribution and sessional papers",printed_both,report,,,False,,
29,1896,61a,,"Supplementary return to No. 61. Presented 24th March, 1896. Printed for both distribution and sessional papers",printed_both,other,,,False,,
29,1896,82,,"Interim report on the effect of the Chicago drainage channel on the levels of the great lakes. Presented 13th April, 1896, by Hon. J. Costigan. Printed for both distribution and sessional papers",printed_both,other,,,False,,
30,1896ii,7a,,"Supplementary return to No. 7, containing appointments made by the liberal government in the year 1878. Presented 3rd September, 1896.—Hon. W. Laurier. Printed for both distribution and sessional pape",printed_both,other,,,False,,
30,1896ii,7d,,"Supplementary return to No. 7, containing list of proposed appointments, July, 1896. Presented 10th September, 1896.—Hon. W. Laurier......Printed for both distribution and sessional papers",printed_both,other,,,True,,
30,1896ii,7e,,"Supplementary return to No. 7, containing order in council respecting proposed appointments, July, 1896. Presented 17th September, 1896.—Hon. W. Laurier. Printed for both distribution and sessional pa",printed_both,other,,,True,,
30,1896ii,15a,,"Supplementary return to No. 15, containing letter from Major General Gascogne to Major General Cameron. Presented 18th September, 1896.—Hon. F. W. Borden......Printed for distribution only",distribution_only,other,,,False,,
30,1896ii,24a,,"Correspondence between the government and the contractors (Allan Line Contract), since the date of the last return ordered by the House of Commons on the 5th May, 1891, and presented on the 18th March",printed_both,correspondence,,,False,,
30,1896ii,24b,,"Extract from a report of the committee of the honourable the privy council, approved by his excellency on the 21st February, 1896, expressing concurrence in view taken by the boards of trade of the ma",printed_both,other,,,True,,
30,1896ii,25c,,"Supplementary return to No. 28. Presented 3rd October, 1896, by Hon. W. Laurier. .... Printed for both distribution and sessional papers",printed_both,other,,,False,,
31,1897,11b,,"Special reports containing notes on the natural history of the lobster, with special reference to the Canadian lobster industry.....Printed for both distribution and sessional papers",printed_both,other,,,False,,
31,1897,11c,,Discolouration in Canned Lobsters. .... Printed for both distribution and sessional papers,printed_both,other,,,False,,
31,1897,11d,,Report of the joint commission relative to the preservation of the fisheries in waters contiguous to Canada and the United States.....Printed for both distribution and sessional papers,printed_both,report,,,False,,
31,1897,30,,"Statement of the moneys expended in payment of bounties on iron and steel manufactured from Canadian ore, the persons to whom paid, the places at which the iron and steel was manufactured, together wi",sessional_only,statement,,,True,,
31,1897,51,,"Extract from a report of the committee of the honourable the privy council, approved by his excellency on the 23rd January, 1897, referring to the delimitation of the Alaskan boundary. Presented 26th ",unknown,other,,,False,,
31,1897,52,,"Contract with Messrs. Petersen, Tate and Company, of Newcastle-on-Tyne, England, for a fast weekly steamship service between Canada and the United Kingdom. Presented 28th May, 1897, by Sir Richard Car",unknown,other,,,False,,
31,1897,57i,,"Supplementary return to 57y. Presented 16th June, 1897.—Sir Charles Tupper..... See No. 57t",unknown,other,,,False,,
31,1897,77,,"Report of Major General Cameron on the proposed convention in reference to a portion of the Alaskan boundary, and memorandum thereon. Presented 19th June, 1897, by Hon. L. H. Davies. Printed for sessi",sessional_only,report,,,True,,
32,1898,8c,,Report of the Commissioner of Agriculture and Dairying. Printed for both distribution and sessional papers,printed_both,report,,,False,,
32,1898,16a,,"Reports of the Canadian members of the International Commission on the Deeper Waterways from the Great Lakes to the Atlantic. Presented 9th June, 1898, by Hon. A. G. Blair. .... Printed for both distr",printed_both,report,,,False,,
32,1898,31b,,"Supplementary return to No. 31a. Presented (Senate) 25th March, 1898.—Hon. Sir Mackenzie Bowell. . . . . See 31a. 31c. [Supplementary return to No. 31a. Presented (Senate) 18th May, 1898.—Hon. Sir Mac",unknown,other,,,False,,
32,1898,31d,,"Supplementary return to No. 31a. Presented (Senate) 27th May, 1898.—Hon. Sir Mackenzie Bowell. See 31a",unknown,other,,,False,,
32,1898,31e,,"Supplementary return to No. 31a. Presented (Senate) 31st May, 1898.—Hon. Sir Mackenzie Bowell. See 31a",unknown,other,,,False,,
32,1898,41,,"Copy of the order in council of 15th July, 1897, under which a lease of the right of subaqueous mining on the North Saskatchewan river was issued to Mr. G. A. Drolet, and in which are set forth the co",sessional_only,correspondence,,,True,,
33,1899,5a,,"Special Report on Trade between Canada and the United States; for use of the International Commission, Quebec; August, 1898. .... Printed for both distribution and sessional papers. ##",printed_both,other,,,False,,
33,1899,11c,,"Report of the Canadian Lobster Commission, 1898. Presented 29th June, 1899, by Sir Louis Davies. Printed for both distribution and sessional papers",printed_both,report,,,False,,
33,1899,20,,"Report on the Prohibition Plebiscite held on the 29th day of September, 1898, in Canada. Presented 24th April, 1899, by Sir Wilfrid Laurier. .... Printed for both distribution and sessional papers",printed_both,report,,,False,,
33,1899,51a,,"Supplementary return to No. 51. Presented 12th May, 1899. Printed for both distribution and sessional papers",printed_both,other,,,False,,
33,1899,87,,"Copy of the order in council of the 7th October, 1898, providing for appointment of Mr. William Ogilvie as a commissioner, under the provisions of chapter 114, R.S.C., to investigate the charges and c",printed_both,correspondence,,,False,,
33,1899,103e,,"Supplementary return to No. 103c. Presented 4th July, 1899. . . . . See 103c",unknown,other,,,False,,
33,1899,103f,,"Supplementary return to No. 103c. Presented 5th July, 1899. . . . . See 103c",unknown,other,,,False,,
33,1899,103h,,"Supplementary return to No. 103c. Presented 28th July, 1899. . . . . See 103c",unknown,other,,,False,,
34,1900,14a,,"Supplementary Crop Returns, for the year ended 31st December, 1899. Printed for both distribution and sessional papers",printed_both,other,,,True,,
34,1900,18a,,"Statement of the action of the government in respect to the manufacture and sale of twine produced by convict labour. Presented 2nd April, 1900, by Sir Wilfrid Laurier. Printed for both distribution a",printed_both,statement,,,False,,
34,1900,20a,,"Supplementary to No. 20. Presented 5th February, 1900, by Sir Wilfrid Laurier. Printed for sessional papers",sessional_only,other,,,False,,
34,1900,55b,,"Return to the Senate, of certain papers relating to the subject of the Pacific cable. Presented 25th June, 1900, by Hon. R. W. Scott..... Printed for both distribution and sessional papers",printed_both,other,,,False,,
34,1900,63a,,"Supplementary return to No. 63. Presented 19th April, 1900..... Printed for distribution",distribution_only,other,,,False,,
34,1900,63b,,"Further supplementary return to No. 63. Presented 10th May, 1900..... Printed for distribution",distribution_only,other,,,False,,
34,1900,64g,,"Supplementary return to 64b. Presented (Senate) 11th May, 1900. ....See 64b",unknown,other,,,False,,
34,1900,64n,,"Supplementary return (to complete the return) dated 28th March, 1900, showing the number of employees dismissed or retired from the service of the government on account of alleged partisanship since 1",unknown,other,,,False,,
34,1900,76a,,"Copy of an order in council of the 16th October, 1899, and other papers respecting the suspension of the coasting laws; United States vessels permitted to carry cargoes between Fort William or Port Ar",printed_both,correspondence,,,False,,
