item,itemLabel,bandno,admin,adminLabel,coord,altLabel
http://www.wikidata.org/entity/Q55624,Snuneymuxw First Nation,648,,,,
http://www.wikidata.org/entity/Q123033,Tsuut'ina Nation,432,,,Point(-114.35 50.966666666),
http://www.wikidata.org/entity/Q321535,Abitibiwinni First Nation,55,http://www.wikidata.org/entity/Q176,Quebec,Point(-78.11667 48.6),
http://www.wikidata.org/entity/Q368114,Michipicoten First Nation,225,http://www.wikidata.org/entity/Q2140691,Algoma District,Point(-84.9271645 47.961158),
http://www.wikidata.org/entity/Q374966,Eel Ground First Nation,7,http://www.wikidata.org/entity/Q937673,Northumberland County,Point(-65.6273 46.9692),
http://www.wikidata.org/entity/Q402605,Ahousaht First Nation,659,http://www.wikidata.org/entity/Q1973,British Columbia,Point(-126.0560913 49.2780571),
http://www.wikidata.org/entity/Q475072,Quatsino First Nation,633,http://www.wikidata.org/entity/Q1973,British Columbia,Point(-127.57128 50.614095),
http://www.wikidata.org/entity/Q475072,Quatsino First Nation,633,http://www.wikidata.org/entity/Q2138252,Regional District of Mount Waddington,Point(-127.57128 50.614095),
http://www.wikidata.org/entity/Q485070,Siksika Nation,430,http://www.wikidata.org/entity/Q1951,Alberta,Point(-112.906 50.803),
http://www.wikidata.org/entity/Q736679,Popkum First Nation,585,http://www.wikidata.org/entity/Q1973,British Columbia,Point(-121.7194606 49.2019279),
http://www.wikidata.org/entity/Q814008,Scia'new First Nation,640,http://www.wikidata.org/entity/Q1973,British Columbia,Point(-123.607715036 48.337264185),
http://www.wikidata.org/entity/Q930650,Carcross/Tagish First Nation,491,http://www.wikidata.org/entity/Q2009,Yukon,Point(-134.7037556 60.1704433),
http://www.wikidata.org/entity/Q1002024,Buffalo Point First Nation,265,http://www.wikidata.org/entity/Q1948,Manitoba,Point(-95.2617 49.0164),
http://www.wikidata.org/entity/Q1016847,Esgenoopetitj First Nation,5,http://www.wikidata.org/entity/Q937673,Northumberland County,Point(-65.1482 47.1979),
http://www.wikidata.org/entity/Q1016901,Tsleil-Waututh First Nation,549,http://www.wikidata.org/entity/Q1973,British Columbia,Point(-122.9878695 49.3106164),
http://www.wikidata.org/entity/Q1061084,Champagne and Aishihik First Nations,507,http://www.wikidata.org/entity/Q2009,Yukon,Point(-137.506388888 60.7525),
http://www.wikidata.org/entity/Q1069178,Stz'uminus First Nation,641,http://www.wikidata.org/entity/Q1973,British Columbia,Point(-123.7721113 48.9930239),
http://www.wikidata.org/entity/Q1069178,Stz'uminus First Nation,641,http://www.wikidata.org/entity/Q1138212,Cowichan Valley Regional District,Point(-123.7721113 48.9930239),
http://www.wikidata.org/entity/Q1107797,Cold Lake First Nations,464,http://www.wikidata.org/entity/Q1951,Alberta,Point(-110.2657 54.381),
http://www.wikidata.org/entity/Q1137610,First Nation of Nacho Nyak Dun,495,http://www.wikidata.org/entity/Q2009,Yukon,Point(-135.897222222 63.594722222),
http://www.wikidata.org/entity/Q1167192,Hesquiaht First Nation,661,http://www.wikidata.org/entity/Q1973,British Columbia,Point(-126.2720923 49.3683572),
http://www.wikidata.org/entity/Q1230294,Ditidaht First Nation,662,http://www.wikidata.org/entity/Q1973,British Columbia,Point(-124.6697017 48.8092785),
http://www.wikidata.org/entity/Q1268420,Nuxalk Nation,539,http://www.wikidata.org/entity/Q1973,British Columbia,Point(-126.715701 52.361897),
http://www.wikidata.org/entity/Q1299238,Ehattesaht First Nation,634,http://www.wikidata.org/entity/Q1973,British Columbia,Point(-126.8589892 49.9851463),
http://www.wikidata.org/entity/Q1330100,Tsawataineuk First Nation,636,http://www.wikidata.org/entity/Q1973,British Columbia,,
http://www.wikidata.org/entity/Q1377345,York Factory First Nation,304,http://www.wikidata.org/entity/Q1948,Manitoba,Point(-96.1017 56.0889),
http://www.wikidata.org/entity/Q1399552,Liard First Nation,502,http://www.wikidata.org/entity/Q2009,Yukon,Point(-128.7165467 60.0660155),
http://www.wikidata.org/entity/Q1432860,Kwikwetlem First Nation,560,http://www.wikidata.org/entity/Q1973,British Columbia,,
http://www.wikidata.org/entity/Q1437762,Lyackson First Nation,646,http://www.wikidata.org/entity/Q1973,British Columbia,Point(-123.6432711 49.0421066),
http://www.wikidata.org/entity/Q1468698,Tr’ondëk Hwëch’in First Nation,494,http://www.wikidata.org/entity/Q2009,Yukon,Point(-139.437 64.0944),
http://www.wikidata.org/entity/Q1484054,Mishkeegogamang First Nation,203,http://www.wikidata.org/entity/Q1904,Ontario,Point(-90.2731 51.065),
http://www.wikidata.org/entity/Q1497871,Bearskin Lake First Nation,207,http://www.wikidata.org/entity/Q1904,Ontario,Point(-90.969444444 53.924722222),
http://www.wikidata.org/entity/Q1520098,Kainai Nation,435,http://www.wikidata.org/entity/Q1951,Alberta,Point(-113.3011994 49.4626992),
http://www.wikidata.org/entity/Q1529007,Hollow Water First Nation,263,http://www.wikidata.org/entity/Q1948,Manitoba,Point(-96.3019 51.1925),
http://www.wikidata.org/entity/Q1565644,Tla-o-qui-aht First Nation,660,http://www.wikidata.org/entity/Q1973,British Columbia,Point(-125.9120718 49.1733482),
http://www.wikidata.org/entity/Q1570220,Halalt First Nation,645,http://www.wikidata.org/entity/Q1138212,Cowichan Valley Regional District,Point(-123.6961245 48.873995),
http://www.wikidata.org/entity/Q1573591,Sayisi Dene,303,http://www.wikidata.org/entity/Q1948,Manitoba,Point(-97.7337 59.4128),
http://www.wikidata.org/entity/Q1610581,Tseshaht First Nation,665,http://www.wikidata.org/entity/Q1973,British Columbia,Point(-124.848919 49.267225),
http://www.wikidata.org/entity/Q1625839,Homalco First Nation,552,http://www.wikidata.org/entity/Q1973,British Columbia,Point(-125.2436084 49.9516397),
http://www.wikidata.org/entity/Q1638330,Hupacasath First Nation,664,http://www.wikidata.org/entity/Q1973,British Columbia,Point(-124.8250905 49.2657984),
http://www.wikidata.org/entity/Q1639359,Huu-ay-aht First Nations,663,http://www.wikidata.org/entity/Q1973,British Columbia,Point(-125.1271556 48.8020785),
http://www.wikidata.org/entity/Q1650260,Apitipi Anicinapek Nation,233,http://www.wikidata.org/entity/Q1904,Ontario,Point(-79.9839 48.6119),
http://www.wikidata.org/entity/Q1650260,Apitipi Anicinapek Nation,233,http://www.wikidata.org/entity/Q1105193,Cochrane District,Point(-79.9839 48.6119),
http://www.wikidata.org/entity/Q1656303,Attawapiskat First Nation,143,http://www.wikidata.org/entity/Q1638386,Kenora District,Point(-82.4 52.9331),
http://www.wikidata.org/entity/Q1696368,Kashechewan First Nation,243,http://www.wikidata.org/entity/Q1904,Ontario,Point(-81.65222222 52.29138889),
http://www.wikidata.org/entity/Q1736937,Katzie First Nation,563,http://www.wikidata.org/entity/Q5600798,Greater Vancouver,Point(-122.66666667 49.2),
http://www.wikidata.org/entity/Q1743863,Kitchenuhmaykoosib Inninuwug First Nation,209,http://www.wikidata.org/entity/Q1904,Ontario,Point(-89.873 53.823),
http://www.wikidata.org/entity/Q1794947,Kwikwasut'inuxw Haxwa’mis First Nation,625,http://www.wikidata.org/entity/Q1973,British Columbia,,
http://www.wikidata.org/entity/Q1801379,Qayqayt First Nation,566,http://www.wikidata.org/entity/Q1973,British Columbia,,
http://www.wikidata.org/entity/Q1886648,Malahat First Nation,647,http://www.wikidata.org/entity/Q1973,British Columbia,Point(-123.520501964 48.614471391),
http://www.wikidata.org/entity/Q1951217,Mowachaht/Muchalaht First Nations,630,http://www.wikidata.org/entity/Q1552137,Strathcona Regional District,Point(-126.0721266 49.8109805),
http://www.wikidata.org/entity/Q1955460,Musqueam,550,http://www.wikidata.org/entity/Q1973,British Columbia,Point(-123.199166666 49.224722222),
http://www.wikidata.org/entity/Q1959586,N'Quatqua First Nation,556,http://www.wikidata.org/entity/Q1973,British Columbia,Point(-122.48457 50.550072),
http://www.wikidata.org/entity/Q1964686,Nanoose First Nation,649,http://www.wikidata.org/entity/Q2095362,Regional District of Nanaimo,Point(-124.1280164 49.2540636),
http://www.wikidata.org/entity/Q1966844,Mi'gmaq Nation of Gespeg,53,http://www.wikidata.org/entity/Q176,Quebec,Point(-64.6233167 48.918046),
http://www.wikidata.org/entity/Q1993250,Nipissing First Nation,220,http://www.wikidata.org/entity/Q1436530,Nipissing District,Point(-79.76666667 46.36666667),
http://www.wikidata.org/entity/Q2004099,Nuchatlaht First Nation,639,http://www.wikidata.org/entity/Q1973,British Columbia,Point(-126.942083 49.9902616),
http://www.wikidata.org/entity/Q2045388,Pacheedaht First Nation,658,http://www.wikidata.org/entity/Q1973,British Columbia,Point(-124.408333333 48.5775),
http://www.wikidata.org/entity/Q2058419,Pauingassi First Nation,327,http://www.wikidata.org/entity/Q1948,Manitoba,Point(-95.3786 52.1642),
http://www.wikidata.org/entity/Q2067461,Peguis First Nation,269,http://www.wikidata.org/entity/Q1948,Manitoba,Point(-97.6039 51.2831),
http://www.wikidata.org/entity/Q2094767,Pikangikum First Nation,208,http://www.wikidata.org/entity/Q1904,Ontario,Point(-93.9925 51.805),
http://www.wikidata.org/entity/Q2104169,Poplar River First Nation,277,http://www.wikidata.org/entity/Q1948,Manitoba,Point(-97.2831 52.9961),
http://www.wikidata.org/entity/Q2121371,Qalipu First Nation,34,http://www.wikidata.org/entity/Q2003,Newfoundland and Labrador,Point(-57.937399 48.9503108),
http://www.wikidata.org/entity/Q2122037,Qualicum First Nation,651,http://www.wikidata.org/entity/Q1973,British Columbia,Point(-124.6195 49.39963),
http://www.wikidata.org/entity/Q2269067,Semiahmoo First Nation,569,http://www.wikidata.org/entity/Q1973,British Columbia,Point(-122.76666667 49.0),
http://www.wikidata.org/entity/Q2294148,Tla'amin Nation,554,http://www.wikidata.org/entity/Q1973,British Columbia,,
http://www.wikidata.org/entity/Q2382930,T'sou-ke Nation,657,,,Point(-123.6975 48.384722222),
http://www.wikidata.org/entity/Q2457355,Tsartlip First Nation,653,,,Point(-123.467349777 48.581321499),
http://www.wikidata.org/entity/Q2457389,Tsawout First Nation,654,http://www.wikidata.org/entity/Q1973,British Columbia,Point(-123.390833333 48.5925),
http://www.wikidata.org/entity/Q2458281,Tseycum First Nation,655,http://www.wikidata.org/entity/Q1973,British Columbia,,
http://www.wikidata.org/entity/Q2535494,Vuntut Gwitchin First Nation,496,http://www.wikidata.org/entity/Q2009,Yukon,Point(-139.8278216 67.5703901),
http://www.wikidata.org/entity/Q2566980,White River First Nation,506,http://www.wikidata.org/entity/Q2009,Yukon,Point(-140.8753267 62.3837562),
http://www.wikidata.org/entity/Q2599073,Yale First Nation,589,http://www.wikidata.org/entity/Q1973,British Columbia,,
http://www.wikidata.org/entity/Q2621606,Esquimalt First Nation,644,,,Point(-123.414722222 48.430555555),
http://www.wikidata.org/entity/Q2821471,Abegweit First Nation,1,http://www.wikidata.org/entity/Q1978,Prince Edward Island,Point(-62.905972222 46.356388888),
http://www.wikidata.org/entity/Q2956513,Potlotek First Nation,22,http://www.wikidata.org/entity/Q1952,Nova Scotia,Point(-60.7676429 45.6831542),
http://www.wikidata.org/entity/Q3051769,Elsipogtog First Nation,3,http://www.wikidata.org/entity/Q2542413,Kent County,Point(-64.9806 46.5967),
http://www.wikidata.org/entity/Q3075320,Fond du Lac First Nation,351,http://www.wikidata.org/entity/Q1989,Saskatchewan,Point(-107.1954352 59.3213669),
http://www.wikidata.org/entity/Q3077864,Fort Folly First Nation,9,http://www.wikidata.org/entity/Q1965,New Brunswick,Point(-64.4956 45.8922),
http://www.wikidata.org/entity/Q3078079,Fort Severn First Nation,215,http://www.wikidata.org/entity/Q1904,Ontario,Point(-87.635 55.9925),
http://www.wikidata.org/entity/Q3197104,Bilijk First Nation,11,http://www.wikidata.org/entity/Q1965,New Brunswick,Point(-66.8508941 45.9497854),
http://www.wikidata.org/entity/Q3229490,Lennox Island First Nation,2,http://www.wikidata.org/entity/Q1978,Prince Edward Island,Point(-63.8527 46.6109),
http://www.wikidata.org/entity/Q3307345,Metepenagiag Mi'kmaq Nation,14,http://www.wikidata.org/entity/Q937673,Northumberland County,Point(-65.8167 46.9333),
http://www.wikidata.org/entity/Q3402228,Cat Lake First Nation,216,http://www.wikidata.org/entity/Q1904,Ontario,Point(-91.8131 51.725),
http://www.wikidata.org/entity/Q3402229,Sandy Lake First Nation,211,http://www.wikidata.org/entity/Q1904,Ontario,Point(-93.3258 53.0739),
http://www.wikidata.org/entity/Q3463974,St. Mary's First Nation,15,http://www.wikidata.org/entity/Q2138,Q2138,Point(-66.6333 45.9667),
http://www.wikidata.org/entity/Q3463974,St. Mary's First Nation,15,http://www.wikidata.org/entity/Q3365810,Douglas Parish,Point(-66.6333 45.9667),
http://www.wikidata.org/entity/Q3485146,Sioux Valley First Nation,290,http://www.wikidata.org/entity/Q1948,Manitoba,Point(-100.499 49.85),
http://www.wikidata.org/entity/Q3545997,Mohawks of the Bay of Quinte First Nation,164,http://www.wikidata.org/entity/Q1588807,Hastings County,Point(-77.1333 44.1917),
http://www.wikidata.org/entity/Q3565081,Wagmatcook First Nation,28,http://www.wikidata.org/entity/Q1952,Nova Scotia,Point(-60.915 46.074),
http://www.wikidata.org/entity/Q3566798,We'koqma'q First Nation,29,http://www.wikidata.org/entity/Q1952,Nova Scotia,Point(-61.1377236 45.9714153),
http://www.wikidata.org/entity/Q3569839,Woodstock First Nation,17,http://www.wikidata.org/entity/Q1965,New Brunswick,Point(-67.5773026 46.1092792),
http://www.wikidata.org/entity/Q3593256,Walpole Island First Nation,170,http://www.wikidata.org/entity/Q1904,Ontario,Point(-82.49333 42.59186),
http://www.wikidata.org/entity/Q3898794,Piikani Nation,436,http://www.wikidata.org/entity/Q1951,Alberta,Point(-113.7489525 49.5487386),
http://www.wikidata.org/entity/Q4540498,ʼNa̱mg̱is First Nation,631,http://www.wikidata.org/entity/Q1973,British Columbia,Point(-126.9352744 50.5960062),
http://www.wikidata.org/entity/Q4540498,ʼNa̱mg̱is First Nation,631,http://www.wikidata.org/entity/Q2138252,Regional District of Mount Waddington,Point(-126.9352744 50.5960062),
http://www.wikidata.org/entity/Q4661506,Aamjiwnaang First Nation,172,http://www.wikidata.org/entity/Q1406913,Lambton County,Point(-82.4 42.925),
http://www.wikidata.org/entity/Q4671577,Wasoqopa’q First Nation,18,http://www.wikidata.org/entity/Q1952,Nova Scotia,Point(-66.0835077 43.8331238),
http://www.wikidata.org/entity/Q4673866,Acho Dene Koe First Nation,758,http://www.wikidata.org/entity/Q1973,British Columbia,Point(-123.4740775 60.2403071),
http://www.wikidata.org/entity/Q4673866,Acho Dene Koe First Nation,758,http://www.wikidata.org/entity/Q2007,Northwest Territories,Point(-123.4740775 60.2403071),
http://www.wikidata.org/entity/Q5946834,Wendat Nation,50,http://www.wikidata.org/entity/Q176,Quebec,Point(-71.3571949 46.8626237),
http://www.wikidata.org/entity/Q5946834,Wendat Nation,50,http://www.wikidata.org/entity/Q680780,Capitale-Nationale,Point(-71.3571949 46.8626237),
http://www.wikidata.org/entity/Q6081317,Iskatewizaagegan 39 Independent First Nation,154,http://www.wikidata.org/entity/Q1904,Ontario,Point(-95.098 49.653),
http://www.wikidata.org/entity/Q6081418,Iskut First Nation,683,http://www.wikidata.org/entity/Q1973,British Columbia,Point(-129.9882213 57.8378725),
http://www.wikidata.org/entity/Q6143359,James Smith Cree Nation,370,http://www.wikidata.org/entity/Q1989,Saskatchewan,Point(-104.871 53.1358),
http://www.wikidata.org/entity/Q6322485,K'ómoks First Nation,624,,,Point(-125.4722 50.0447),
http://www.wikidata.org/entity/Q6358775,Tk'emlúps te Secwépemc,688,http://www.wikidata.org/entity/Q1973,British Columbia,Point(-120.267 50.7167),
http://www.wikidata.org/entity/Q6373944,Kasabonika First Nation,210,http://www.wikidata.org/entity/Q1904,Ontario,Point(-88.65 53.5831),
http://www.wikidata.org/entity/Q6383326,Keeseekoowenin Ojibway First Nation,286,http://www.wikidata.org/entity/Q1948,Manitoba,Point(-100.302 50.5526),
http://www.wikidata.org/entity/Q6383364,Keewaywin First Nation,325,http://www.wikidata.org/entity/Q1904,Ontario,Point(-92.7917 52.9906),
http://www.wikidata.org/entity/Q6395525,Chippewas of Kettle and Stony Point First Nation,171,http://www.wikidata.org/entity/Q1406913,Lambton County,Point(-82.0042 43.1944),
http://www.wikidata.org/entity/Q6412747,Kingfisher First Nation,212,http://www.wikidata.org/entity/Q1904,Ontario,Point(-89.8411 53.0269),
http://www.wikidata.org/entity/Q6413869,Kinistin Saulteaux Nation,377,http://www.wikidata.org/entity/Q1989,Saskatchewan,Point(-104.227 52.5989),
http://www.wikidata.org/entity/Q6414191,Kinonjeoshtegon First Nation,268,http://www.wikidata.org/entity/Q1948,Manitoba,Point(-97.308 51.903),
http://www.wikidata.org/entity/Q6416857,Kispiox Band,532,http://www.wikidata.org/entity/Q1973,British Columbia,Point(-127.6982583 55.3488913),
http://www.wikidata.org/entity/Q6417896,Kitasoo/Xaixais First Nation,540,,,Point(-129.007 52.6659),
http://www.wikidata.org/entity/Q6418338,Kitselas First Nation,680,http://www.wikidata.org/entity/Q1973,British Columbia,,
http://www.wikidata.org/entity/Q6418364,Kitsumkalum First Nation,681,http://www.wikidata.org/entity/Q1973,British Columbia,Point(-128.667329 54.522887),
http://www.wikidata.org/entity/Q6421523,Lhoosk’uz Dené First Nation,721,http://www.wikidata.org/entity/Q1973,British Columbia,Point(-124.4901613 53.087346),
http://www.wikidata.org/entity/Q6450195,Kwantlen First Nation,564,,,Point(-122.579763888 49.16855),
http://www.wikidata.org/entity/Q6450270,Kwaw-kwaw-Apilt First Nation,580,http://www.wikidata.org/entity/Q1973,British Columbia,Point(-121.9752457 49.1668497),
http://www.wikidata.org/entity/Q6450363,Kwiakah First Nation,628,http://www.wikidata.org/entity/Q1973,British Columbia,Point(-125.1577604 50.422686),
http://www.wikidata.org/entity/Q6467849,Gakijiwanong Anishinaabe First Nation,127,http://www.wikidata.org/entity/Q1904,Ontario,Point(-92.0781 48.3881),
http://www.wikidata.org/entity/Q6467854,Lac La Ronge Nation,353,http://www.wikidata.org/entity/Q1989,Saskatchewan,Point(-105.3038105 55.0988855),
http://www.wikidata.org/entity/Q6467879,Lac Seul First Nation,205,http://www.wikidata.org/entity/Q1904,Ontario,Point(-92.2086 50.2464),
http://www.wikidata.org/entity/Q6474876,Lake Babine Nation,607,http://www.wikidata.org/entity/Q1973,British Columbia,,
http://www.wikidata.org/entity/Q6475524,Ts'uubaa-asatx First Nation,643,http://www.wikidata.org/entity/Q6475523,Lake Cowichan,Point(-124.0697465 48.8260496),
http://www.wikidata.org/entity/Q6476778,Lake Manitoba First Nation,271,http://www.wikidata.org/entity/Q1948,Manitoba,Point(-98.574 50.914),
http://www.wikidata.org/entity/Q6505120,Lax Kw'alaams First Nation,674,http://www.wikidata.org/entity/Q1973,British Columbia,Point(-130.4331405 54.5585682),
http://www.wikidata.org/entity/Q6528716,Leq'á:mel First Nation,579,http://www.wikidata.org/entity/Q1973,British Columbia,Point(-122.0343362 49.2040038),
http://www.wikidata.org/entity/Q6547392,Lil'wat First Nation,557,http://www.wikidata.org/entity/Q1973,British Columbia,Point(-122.721334 50.318193),
http://www.wikidata.org/entity/Q6650187,Little Grand Rapids First Nation,270,http://www.wikidata.org/entity/Q1948,Manitoba,Point(-95.4881 52.0439),
http://www.wikidata.org/entity/Q6651913,Little Shuswap Indian Band,689,http://www.wikidata.org/entity/Q1973,British Columbia,Point(-119.585833333 50.871944444),
http://www.wikidata.org/entity/Q6672821,Long Lake 58 First Nation,184,http://www.wikidata.org/entity/Q1904,Ontario,Point(-86.5631 49.7919),
http://www.wikidata.org/entity/Q6693555,Lower Kootenay First Nation,606,,,Point(-116.51814 49.06527),
http://www.wikidata.org/entity/Q6693657,Lower Nicola First Nation,695,http://www.wikidata.org/entity/Q1973,British Columbia,Point(-120.8576815 50.1383277),
http://www.wikidata.org/entity/Q6693815,Lower Similkameen Indian Band,598,http://www.wikidata.org/entity/Q1973,British Columbia,Point(-119.723798 49.0514322),
http://www.wikidata.org/entity/Q6711852,M'Chigeeng First Nation,181,http://www.wikidata.org/entity/Q22614638,M'Chigeeng Indian Reserve 22,Point(-82.1612 45.8276),
http://www.wikidata.org/entity/Q6731453,Magnetawan First Nation,174,http://www.wikidata.org/entity/Q1798108,Parry Sound District,Point(-80.4667 45.75),
http://www.wikidata.org/entity/Q6756070,Marcel Colomb First Nation,328,http://www.wikidata.org/entity/Q1948,Manitoba,Point(-101.049 56.853),
http://www.wikidata.org/entity/Q6774247,Marten Falls First Nation,186,http://www.wikidata.org/entity/Q1904,Ontario,Point(-85.916944444 51.656111111),
http://www.wikidata.org/entity/Q6785929,Matachewan First Nation,219,http://www.wikidata.org/entity/Q1904,Ontario,Point(-80.6389 48.0589),
http://www.wikidata.org/entity/Q6787096,Mathias Colomb First Nation,311,http://www.wikidata.org/entity/Q1948,Manitoba,Point(-101.316 55.732),
http://www.wikidata.org/entity/Q6787997,Matsqui First Nation,565,http://www.wikidata.org/entity/Q1973,British Columbia,Point(-122.3425789 49.1061819),
http://www.wikidata.org/entity/Q6789593,Mattagami First Nation,226,http://www.wikidata.org/entity/Q1904,Ontario,Point(-81.5281 47.8439),
http://www.wikidata.org/entity/Q6801018,McDowell Lake First Nation,326,http://www.wikidata.org/entity/Q1904,Ontario,Point(-92.71 52.21),
http://www.wikidata.org/entity/Q6815105,Membertou First Nation,26,http://www.wikidata.org/entity/Q1952,Nova Scotia,Point(-60.1904 46.115),
http://www.wikidata.org/entity/Q6824171,Metlakatla First Nation,673,http://www.wikidata.org/entity/Q1973,British Columbia,Point(-130.4442291 54.3369496),
http://www.wikidata.org/entity/Q6858615,Millbrook First Nation,27,http://www.wikidata.org/entity/Q1952,Nova Scotia,Point(-63.2927489 45.333781),
http://www.wikidata.org/entity/Q6875677,Misipawistik Cree Nation,310,http://www.wikidata.org/entity/Q1948,Manitoba,Point(-99.2833 53.1667),
http://www.wikidata.org/entity/Q6878967,Mississauga First Nation,200,http://www.wikidata.org/entity/Q2140691,Algoma District,Point(-83.0 46.2167),
http://www.wikidata.org/entity/Q6878994,Mississaugas of Scugog Island First Nation,140,http://www.wikidata.org/entity/Q1904,Ontario,Point(-78.883055555 44.188055555),
http://www.wikidata.org/entity/Q6878995,Mississaugas of the Credit First Nation,120,http://www.wikidata.org/entity/Q1904,Ontario,Point(-80.1 43.0),
http://www.wikidata.org/entity/Q6880067,Mistawasis Nêhiyawak,374,http://www.wikidata.org/entity/Q1989,Saskatchewan,Point(-106.803 53.1628),
http://www.wikidata.org/entity/Q6908702,Moosomin First Nation,342,http://www.wikidata.org/entity/Q1989,Saskatchewan,Point(-108.237 53.1131),
http://www.wikidata.org/entity/Q6912173,Witset First Nation,530,http://www.wikidata.org/entity/Q1973,British Columbia,Point(-127.3309146 55.0215663),
http://www.wikidata.org/entity/Q6915349,Mosakahiken Cree Nation,312,http://www.wikidata.org/entity/Q1948,Manitoba,Point(-100.315 53.7053),
http://www.wikidata.org/entity/Q6916468,"Mosquito, Grizzly Bear's Head and Lean Man First Nation",343,http://www.wikidata.org/entity/Q1989,Saskatchewan,Point(-107.696 52.9956),
http://www.wikidata.org/entity/Q6942803,Muskoday First Nation,371,http://www.wikidata.org/entity/Q1989,Saskatchewan,Point(-105.526 53.0867),
http://www.wikidata.org/entity/Q6942834,Muskowekwan First Nation,392,http://www.wikidata.org/entity/Q1989,Saskatchewan,Point(-104.096 51.3211),
http://www.wikidata.org/entity/Q6957911,Nadleh Whut'en First Nation,612,http://www.wikidata.org/entity/Q1973,British Columbia,Point(-124.607686 54.0760828),
http://www.wikidata.org/entity/Q6959518,Naicatchewenin First Nation,128,http://www.wikidata.org/entity/Q1904,Ontario,Point(-93.5831 48.85),
http://www.wikidata.org/entity/Q6960074,Nak'azdli Whut'en First Nation,614,http://www.wikidata.org/entity/Q1973,British Columbia,Point(-124.2501544 54.4384579),
http://www.wikidata.org/entity/Q6964742,Naotkamegwanning First Nation,158,http://www.wikidata.org/entity/Q1904,Ontario,Point(-93.8931 49.4039),
http://www.wikidata.org/entity/Q6983506,Nazko First Nation,720,http://www.wikidata.org/entity/Q1973,British Columbia,,
http://www.wikidata.org/entity/Q6986420,Nee-Tahi-Buhn Band,726,http://www.wikidata.org/entity/Q1973,British Columbia,,
http://www.wikidata.org/entity/Q6997403,Neskonlith First Nation,690,http://www.wikidata.org/entity/Q1973,British Columbia,Point(-119.7305801 50.7733325),
http://www.wikidata.org/entity/Q7024207,Nibinamik First Nation,241,http://www.wikidata.org/entity/Q1638386,Kenora District,Point(-88.460833333 52.796944444),
http://www.wikidata.org/entity/Q7030489,Nicomen First Nation,696,,,Point(-121.3169 50.3275),
http://www.wikidata.org/entity/Q7034106,Nigigoonsiminikaaning First Nation,129,http://www.wikidata.org/entity/Q1904,Ontario,Point(-92.9219 48.7381),
http://www.wikidata.org/entity/Q7040825,Nisichawayasihk Cree Nation,313,http://www.wikidata.org/entity/Q1948,Manitoba,Point(-98.888333333 55.783333333),
http://www.wikidata.org/entity/Q7049667,Nooaitch First Nation,699,http://www.wikidata.org/entity/Q1973,British Columbia,Point(-121.0373446 50.1539782),
http://www.wikidata.org/entity/Q7054367,North Caribou Lake First Nation,204,http://www.wikidata.org/entity/Q1904,Ontario,Point(-91.2719 52.9569),
http://www.wikidata.org/entity/Q7054367,North Caribou Lake First Nation,204,http://www.wikidata.org/entity/Q1638386,Kenora District,Point(-91.2719 52.9569),
http://www.wikidata.org/entity/Q7056799,North Spirit Lake First Nation,238,http://www.wikidata.org/entity/Q1904,Ontario,Point(-93.0189 52.505),
http://www.wikidata.org/entity/Q7059937,Northwest Angle 33 First Nation,151,http://www.wikidata.org/entity/Q1904,Ontario,Point(-95.0211 49.3761),
http://www.wikidata.org/entity/Q7060844,Norway House Cree Nation,278,,,Point(-97.75138889 54.02222222),
http://www.wikidata.org/entity/Q7071705,O'Chiese First Nation,431,http://www.wikidata.org/entity/Q1951,Alberta,Point(-115.302 52.675),
http://www.wikidata.org/entity/Q7072005,O-Chi-Chak-Ko-Sipi First Nation,279,http://www.wikidata.org/entity/Q1948,Manitoba,Point(-99.229 51.509),
http://www.wikidata.org/entity/Q7072019,O-Pipon-Na-Piwin Cree Nation,318,http://www.wikidata.org/entity/Q1948,Manitoba,Point(-98.93027778 56.78027778),
http://www.wikidata.org/entity/Q7076319,Niisaachewan Anishinaabe Nation,147,http://www.wikidata.org/entity/Q1904,Ontario,Point(-94.5422 49.8919),
http://www.wikidata.org/entity/Q7081616,Ojibway Nation of Saugeen First Nation,258,http://www.wikidata.org/entity/Q1904,Ontario,Point(-90.76 50.5),
http://www.wikidata.org/entity/Q7081621,Ojibways of Onigaming First Nation,131,http://www.wikidata.org/entity/Q1904,Ontario,Point(-93.9211 49.1769),
http://www.wikidata.org/entity/Q7081622,Ojibways of the Pic River First Nation,192,http://www.wikidata.org/entity/Q1904,Ontario,Point(-86.275 48.6289),
http://www.wikidata.org/entity/Q7081786,Okanagan Indian Band,616,http://www.wikidata.org/entity/Q1973,British Columbia,Point(-119.3181038 50.356222),
http://www.wikidata.org/entity/Q7081813,Okanese First Nation,382,http://www.wikidata.org/entity/Q1989,Saskatchewan,Point(-103.367 50.9272),
http://www.wikidata.org/entity/Q7084489,Old Massett Village Council,669,http://www.wikidata.org/entity/Q1973,British Columbia,Point(-132.1750303 54.0344141),
http://www.wikidata.org/entity/Q7084489,Old Massett Village Council,669,http://www.wikidata.org/entity/Q277291,North Coast Regional District,Point(-132.1750303 54.0344141),
http://www.wikidata.org/entity/Q7092455,One Arrow First Nation,373,http://www.wikidata.org/entity/Q1989,Saskatchewan,Point(-106.068 52.7392),
http://www.wikidata.org/entity/Q7093671,Oneida Nation of the Thames,169,http://www.wikidata.org/entity/Q1931946,Middlesex County,Point(-81.4 42.816666666),
http://www.wikidata.org/entity/Q7093919,Onion Lake Cree Nation,344,http://www.wikidata.org/entity/Q1951,Alberta,Point(-110.0 53.7167),
http://www.wikidata.org/entity/Q7093919,Onion Lake Cree Nation,344,http://www.wikidata.org/entity/Q1989,Saskatchewan,Point(-110.0 53.7167),
http://www.wikidata.org/entity/Q7095606,Opaskwayak Cree Nation,315,http://www.wikidata.org/entity/Q1948,Manitoba,Point(-101.262708333 53.831205555),
http://www.wikidata.org/entity/Q7095606,Opaskwayak Cree Nation,315,http://www.wikidata.org/entity/Q1989,Saskatchewan,Point(-101.262708333 53.831205555),
http://www.wikidata.org/entity/Q7101247,Oregon Jack Creek Band,692,http://www.wikidata.org/entity/Q1973,British Columbia,Point(-121.319117 50.6194215),
http://www.wikidata.org/entity/Q7121545,Pabineau Falls,,http://www.wikidata.org/entity/Q1965,New Brunswick,Point(-65.6794 47.5062),
http://www.wikidata.org/entity/Q7132507,Papaschase,,,,,
http://www.wikidata.org/entity/Q7133562,Paq'tnkek First Nation,19,http://www.wikidata.org/entity/Q1952,Nova Scotia,Point(-61.7383 45.6016),
http://www.wikidata.org/entity/Q7149200,Paul First Nation,441,http://www.wikidata.org/entity/Q1951,Alberta,Point(-114.833 53.8667),
http://www.wikidata.org/entity/Q7155867,Pavilion Indian Band,594,http://www.wikidata.org/entity/Q1973,British Columbia,,
http://www.wikidata.org/entity/Q7996227,Whitesand First Nation,190,http://www.wikidata.org/entity/Q22612246,Whitesand Indian Reserve,Point(-89.0667 50.3242),
http://www.wikidata.org/entity/Q8021049,Q8021049,719,http://www.wikidata.org/entity/Q1973,British Columbia,,
http://www.wikidata.org/entity/Q8030322,Hatchet Lake Denesuline First Nation,352,http://www.wikidata.org/entity/Q1989,Saskatchewan,Point(-103.157 58.111),
http://www.wikidata.org/entity/Q8032826,Woodland Cree First Nation,474,http://www.wikidata.org/entity/Q1951,Alberta,Point(-116.4042847 56.4716784),
http://www.wikidata.org/entity/Q8039108,Wuikinuxv Nation,541,http://www.wikidata.org/entity/Q1973,British Columbia,Point(-127.2320638 51.6801126),
http://www.wikidata.org/entity/Q8039265,Wunnumin Lake First Nation,217,http://www.wikidata.org/entity/Q1904,Ontario,Point(-89.2861 52.8519),
http://www.wikidata.org/entity/Q8039351,Wuskwi Sipihk First Nation,324,http://www.wikidata.org/entity/Q1948,Manitoba,Point(-100.862 52.5111),
http://www.wikidata.org/entity/Q8043334,Xaxli'p First Nation,592,http://www.wikidata.org/entity/Q1973,British Columbia,Point(-121.8644238 50.7346252),
http://www.wikidata.org/entity/Q8043470,Xeni Gwet'in First Nation,714,http://www.wikidata.org/entity/Q1973,British Columbia,Point(-124.0956306 51.4153703),
http://www.wikidata.org/entity/Q8051409,Yekooche First Nation,728,http://www.wikidata.org/entity/Q1973,British Columbia,Point(-125.082199 54.597878),
http://www.wikidata.org/entity/Q8051797,Yellow Quill First Nation,376,http://www.wikidata.org/entity/Q1989,Saskatchewan,Point(-103.662 52.3539),
http://www.wikidata.org/entity/Q8070835,Zhiibaahaasing First Nation,173,http://www.wikidata.org/entity/Q1904,Ontario,Point(-82.8781 45.945),
http://www.wikidata.org/entity/Q8084047,‘Namgis First Nation,631,,,,
http://www.wikidata.org/entity/Q11708752,Heiltsuk Nation,538,,,Point(-128.145 52.16194444),
http://www.wikidata.org/entity/Q12626938,Animbiigoo Zaagi'igan Anishinaabek First Nation,194,http://www.wikidata.org/entity/Q1904,Ontario,Point(-87.3833 49.7167),
http://www.wikidata.org/entity/Q12634503,Eagle Village First Nation - Kipawa,65,http://www.wikidata.org/entity/Q321529,Abitibi-Témiscamingue,Point(-78.9833 46.7833),
http://www.wikidata.org/entity/Q12635666,Lytton First Nation,705,,,Point(-121.7 50.45),
http://www.wikidata.org/entity/Q12636507,Ma'amtagila First Nation,,,,,
http://www.wikidata.org/entity/Q12642090,Q12642090,,,,,
http://www.wikidata.org/entity/Q13631965,Sts'ailes First Nation,559,http://www.wikidata.org/entity/Q1973,British Columbia,Point(-121.9141716 49.2985106),
http://www.wikidata.org/entity/Q14475920,Q14475920,716,http://www.wikidata.org/entity/Q1973,British Columbia,,
http://www.wikidata.org/entity/Q14874927,Birch Narrows Dene Nation,403,http://www.wikidata.org/entity/Q1989,Saskatchewan,Point(-108.6888751 56.4722351),
http://www.wikidata.org/entity/Q14874943,English River First Nation,400,http://www.wikidata.org/entity/Q1989,Saskatchewan,Point(-107.7172826 55.9153367),
http://www.wikidata.org/entity/Q14874995,Montreal Lake First Nation,354,http://www.wikidata.org/entity/Q1989,Saskatchewan,Point(-105.787 54.0529),
http://www.wikidata.org/entity/Q14875017,Sweetgrass First Nation,348,http://www.wikidata.org/entity/Q1989,Saskatchewan,Point(-108.551 52.8172),
http://www.wikidata.org/entity/Q14875029,Fox Lake Cree Nation,305,http://www.wikidata.org/entity/Q1948,Manitoba,Point(-94.1981 56.5053),
http://www.wikidata.org/entity/Q14875047,Long Plain First Nation,287,http://www.wikidata.org/entity/Q1948,Manitoba,Point(-98.4786 49.8269),
http://www.wikidata.org/entity/Q14875067,Skownan First Nation,281,http://www.wikidata.org/entity/Q1948,Manitoba,Point(-99.6039 51.9581),
http://www.wikidata.org/entity/Q14875071,Tataskweyak Cree Nation,306,http://www.wikidata.org/entity/Q1948,Manitoba,Point(-96.155 56.254),
http://www.wikidata.org/entity/Q14875073,Tootinaowaziibeeng First Nation,,http://www.wikidata.org/entity/Q1948,Manitoba,Point(-101.22 51.227),
http://www.wikidata.org/entity/Q14875115,Caldwell First Nation,165,http://www.wikidata.org/entity/Q953088,Essex County,Point(-82.58333333 42.05),
http://www.wikidata.org/entity/Q14875130,Couchiching First Nation,126,http://www.wikidata.org/entity/Q1904,Ontario,Point(-93.4111 48.6819),
http://www.wikidata.org/entity/Q14875309,Mitaanjigamiing First Nation,133,http://www.wikidata.org/entity/Q1904,Ontario,Point(-93.36111111 48.71305556),
http://www.wikidata.org/entity/Q14875327,Muskrat Dam Lake First Nation,213,http://www.wikidata.org/entity/Q1638386,Kenora District,Point(-91.8469 53.3619),
http://www.wikidata.org/entity/Q14875338,Neskantaga First Nation,239,http://www.wikidata.org/entity/Q1638386,Kenora District,Point(-87.9017 52.2075),
http://www.wikidata.org/entity/Q15256001,Moose Cree First Nation,144,,,Point(-80.600674 51.261951),
http://www.wikidata.org/entity/Q15262579,Q15262579,317,,,Point(-101.5 58.61611111),
http://www.wikidata.org/entity/Q16109294,Kitigan Zibi Anishinabeg,73,http://www.wikidata.org/entity/Q222948,Outaouais,Point(-75.9827744 46.3631322),
http://www.wikidata.org/entity/Q16209352,Chipewyan Prairie First Nation,470,http://www.wikidata.org/entity/Q1951,Alberta,Point(-110.7242825 55.9312609),
http://www.wikidata.org/entity/Q16209362,Chippewas of the Thames First Nation,166,http://www.wikidata.org/entity/Q1904,Ontario,Point(-81.4833 42.8333),
http://www.wikidata.org/entity/Q16211877,Kanaka Bar First Nation,704,http://www.wikidata.org/entity/Q1973,British Columbia,Point(-121.5620351 50.112177),
http://www.wikidata.org/entity/Q16211941,Kapawe'no First Nation,452,http://www.wikidata.org/entity/Q1951,Alberta,Point(-116.1548627 55.5486339),
http://www.wikidata.org/entity/Q16212004,Keeseekoose First Nation,367,http://www.wikidata.org/entity/Q1989,Saskatchewan,Point(-101.909194 51.7189799),
http://www.wikidata.org/entity/Q16212189,Klahoose First Nation,553,http://www.wikidata.org/entity/Q1973,British Columbia,Point(-124.920855 50.1260192),
http://www.wikidata.org/entity/Q16212442,Lac des Mille Lacs First Nation,189,,,Point(-89.302641 48.34432),
http://www.wikidata.org/entity/Q16212781,Little Red River Cree Nation,447,http://www.wikidata.org/entity/Q1951,Alberta,Point(-114.5334634 58.4649199),
http://www.wikidata.org/entity/Q16212918,Madawaska Maliseet First Nation,6,http://www.wikidata.org/entity/Q1965,New Brunswick,Point(-68.3122746 47.3623668),
http://www.wikidata.org/entity/Q16212976,Makwa Sahgaiehcan First Nation,396,http://www.wikidata.org/entity/Q1989,Saskatchewan,Point(-109.1652925 54.0274302),
http://www.wikidata.org/entity/Q16212986,Mamalilikulla-Qwe'Qwa'Sot'Em First Nation,629,,,,
http://www.wikidata.org/entity/Q16242678,Michel Band,,,,,
http://www.wikidata.org/entity/Q16259604,Tlowitsis Nation,637,http://www.wikidata.org/entity/Q1973,British Columbia,Point(-125.2088534 49.909458),
http://www.wikidata.org/entity/Q16872860,War Lake First Nation,323,http://www.wikidata.org/entity/Q1948,Manitoba,Point(-95.5965072 56.0684296),
http://www.wikidata.org/entity/Q16916304,Yakweakwioose First Nation,576,http://www.wikidata.org/entity/Q1973,British Columbia,Point(-121.9369255 49.1323678),
http://www.wikidata.org/entity/Q16939502,Montana,442,http://www.wikidata.org/entity/Q1951,Alberta,Point(-113.6475 52.8382),
http://www.wikidata.org/entity/Q16947150,Samson Cree Nation,444,http://www.wikidata.org/entity/Q1951,Alberta,Point(-113.4550463 52.8203861),
http://www.wikidata.org/entity/Q16948012,Kwakiutl First Nation,626,http://www.wikidata.org/entity/Q1973,British Columbia,Point(-127.4108636 50.6937106),
http://www.wikidata.org/entity/Q16967469,Duncan's First Nation,451,http://www.wikidata.org/entity/Q1951,Alberta,Point(-117.865029 56.1020805),
http://www.wikidata.org/entity/Q16977320,Mushuau Innu First Nation,32,,,Point(-61.127222222 55.913055555),
http://www.wikidata.org/entity/Q17003330,Gambler First Nation,294,http://www.wikidata.org/entity/Q1948,Manitoba,Point(-101.382376 50.5946731),
http://www.wikidata.org/entity/Q17008032,Lheidli T'enneh Band,611,http://www.wikidata.org/entity/Q1973,British Columbia,,
http://www.wikidata.org/entity/Q17011228,Missanabie Cree First Nation,223,http://www.wikidata.org/entity/Q1904,Ontario,Point(-84.0839918 48.3116979),
http://www.wikidata.org/entity/Q17011691,Munsee-Delaware Nation,168,http://www.wikidata.org/entity/Q1931946,Middlesex County,Point(-81.4833 42.8),
http://www.wikidata.org/entity/Q17013218,Osoyoos Indian Band,596,http://www.wikidata.org/entity/Q1973,British Columbia,Point(-119.5331351 49.1838092),
http://www.wikidata.org/entity/Q17016834,Saddle Lake Cree Nation,462,http://www.wikidata.org/entity/Q1951,Alberta,Point(-111.6905208 53.9693614),
http://www.wikidata.org/entity/Q17020386,Tthebatthie Denesuliné Nation,477,http://www.wikidata.org/entity/Q1951,Alberta,Point(-111.8394959 59.9886308),
http://www.wikidata.org/entity/Q17020386,Tthebatthie Denesuliné Nation,477,http://www.wikidata.org/entity/Q2007,Northwest Territories,Point(-111.8394959 59.9886308),
http://www.wikidata.org/entity/Q17021907,Star Blanket Cree Nation,387,http://www.wikidata.org/entity/Q1989,Saskatchewan,Point(-103.3041909 50.9624429),
http://www.wikidata.org/entity/Q17027468,Wet'suwet'en First Nation,725,,,Point(-126.3618 54.1863),
http://www.wikidata.org/entity/Q17328828,Dakota Tipi First Nation,295,http://www.wikidata.org/entity/Q1948,Manitoba,Point(-98.3405686 49.9481185),
http://www.wikidata.org/entity/Q17363765,Standing Buffalo Dakota First Nation,386,http://www.wikidata.org/entity/Q1989,Saskatchewan,Point(-103.8948718 50.8016016),
http://www.wikidata.org/entity/Q17363796,Wahpeton Dakota Nation,358,http://www.wikidata.org/entity/Q1989,Saskatchewan,Point(-105.897007 53.2766261),
http://www.wikidata.org/entity/Q17363826,White Bear First Nation,365,http://www.wikidata.org/entity/Q1989,Saskatchewan,Point(-102.2703709 49.7517582),
http://www.wikidata.org/entity/Q17363891,Whitecap Dakota First Nation,372,http://www.wikidata.org/entity/Q1989,Saskatchewan,Point(-106.70055556 51.86666667),
http://www.wikidata.org/entity/Q17363907,Wood Mountain First Nation,388,http://www.wikidata.org/entity/Q1989,Saskatchewan,Point(-106.4493074 49.3353811),
http://www.wikidata.org/entity/Q17412891,Carry the Kettle Nakoda Nation,378,http://www.wikidata.org/entity/Q1989,Saskatchewan,Point(-103.392211 50.445465),
http://www.wikidata.org/entity/Q17412931,Little Black Bear First Nation,379,http://www.wikidata.org/entity/Q1989,Saskatchewan,Point(-103.3163461 51.0046408),
http://www.wikidata.org/entity/Q17413012,Ocean Man First Nation,408,http://www.wikidata.org/entity/Q1989,Saskatchewan,Point(-102.9341096 49.824417),
http://www.wikidata.org/entity/Q17413065,Pheasant Rump Nakota First Nation,409,http://www.wikidata.org/entity/Q1989,Saskatchewan,Point(-102.682145 49.660095),
http://www.wikidata.org/entity/Q17437377,Stoney Nakoda Nation,471,http://www.wikidata.org/entity/Q1951,Alberta,Point(-114.8461966 51.1701005),
http://www.wikidata.org/entity/Q17514157,Pauquachin First Nation,652,http://www.wikidata.org/entity/Q1973,British Columbia,Point(-123.4584569 48.6271535),
http://www.wikidata.org/entity/Q19879691,Lake St. Martin First Nation,275,http://www.wikidata.org/entity/Q48789915,Unorganized Division No. 19,Point(-98.4357 51.748),
http://www.wikidata.org/entity/Q19894380,Red Earth Cree Nation,356,http://www.wikidata.org/entity/Q1989,Saskatchewan,Point(-102.868126 53.501687),
http://www.wikidata.org/entity/Q20310585,Sheshegwaning First Nation,178,http://www.wikidata.org/entity/Q1904,Ontario,Point(-82.85 45.93333333),
http://www.wikidata.org/entity/Q20311212,Anishnaabeg of Naongashiing,125,http://www.wikidata.org/entity/Q1904,Ontario,Point(-94.3117851 49.1247035),
http://www.wikidata.org/entity/Q20312856,Batchewana First Nation,198,http://www.wikidata.org/entity/Q1904,Ontario,Point(-84.2615243 46.5285047),
http://www.wikidata.org/entity/Q20313155,Anishinabe of Wauzhushk Onigum,153,http://www.wikidata.org/entity/Q1904,Ontario,Point(-94.4464281 49.7077206),
http://www.wikidata.org/entity/Q20709674,Flying Post First Nation,227,http://www.wikidata.org/entity/Q1904,Ontario,Point(-82.01666667 48.53333333),
http://www.wikidata.org/entity/Q20710104,Shawanaga First Nation,137,http://www.wikidata.org/entity/Q1904,Ontario,Point(-80.284 45.517),
http://www.wikidata.org/entity/Q20710185,Sheguiandah First Nation,176,http://www.wikidata.org/entity/Q1904,Ontario,Point(-81.93333333 45.86666667),
http://www.wikidata.org/entity/Q20710297,Henvey Inlet First Nation,231,http://www.wikidata.org/entity/Q1904,Ontario,Point(-80.5613957 45.9757727),
http://www.wikidata.org/entity/Q20710342,Shoal Lake Cree Nation,357,http://www.wikidata.org/entity/Q1989,Saskatchewan,Point(-102.6323131 53.482988),
http://www.wikidata.org/entity/Q20711022,Moose Deer Point First Nation,135,http://www.wikidata.org/entity/Q382508,Muskoka District Municipality,Point(-79.3 44.7),
http://www.wikidata.org/entity/Q20711352,Animakee Wa Zhing #37 First Nation,152,http://www.wikidata.org/entity/Q1904,Ontario,Point(-93.9729612 49.3947139),
http://www.wikidata.org/entity/Q20880558,Bearfoot Onondaga First Nation,248,,,,
http://www.wikidata.org/entity/Q20880589,Delaware First Nation,253,http://www.wikidata.org/entity/Q1904,Ontario,Point(-80.1356987 43.0551822),
http://www.wikidata.org/entity/Q20880641,Konadaha Seneca First Nation,251,http://www.wikidata.org/entity/Q1904,Ontario,Point(-80.0886906 43.0376563),
http://www.wikidata.org/entity/Q20880666,Lower Cayuga First Nation,250,http://www.wikidata.org/entity/Q1904,Ontario,Point(-80.0611042 43.0276763),
http://www.wikidata.org/entity/Q20880669,Lower Mohawk First Nation,254,http://www.wikidata.org/entity/Q1904,Ontario,Point(-80.119083 43.0432213),
http://www.wikidata.org/entity/Q20880710,Niharondasa Seneca First Nation,252,http://www.wikidata.org/entity/Q1904,Ontario,Point(-80.1018962 43.0427801),
http://www.wikidata.org/entity/Q20880720,Onondaga Clear Sky First Nation,247,http://www.wikidata.org/entity/Q1904,Ontario,Point(-80.0306446 43.0164161),
http://www.wikidata.org/entity/Q4720969,ʔEsdilagh,709,http://www.wikidata.org/entity/Q1973,British Columbia,Point(-122.496776 52.5628449),
http://www.wikidata.org/entity/Q4721431,Tŝideldel First Nation,710,http://www.wikidata.org/entity/Q1973,British Columbia,Point(-123.9524732 52.1388917),
http://www.wikidata.org/entity/Q4721499,Alexis Nakota Sioux First Nation,437,http://www.wikidata.org/entity/Q1951,Alberta,Point(-115.5836 53.4238),
http://www.wikidata.org/entity/Q4724343,Algonquins of Pikwàkanagàn First Nation,163,http://www.wikidata.org/entity/Q1904,Ontario,Point(-77.2219 45.5511),
http://www.wikidata.org/entity/Q4767979,Annapolis Valley First Nation,20,http://www.wikidata.org/entity/Q1952,Nova Scotia,Point(-64.6516657 45.0666076),
http://www.wikidata.org/entity/Q4795489,Aroland First Nation,242,http://www.wikidata.org/entity/Q1904,Ontario,Point(-86.9575085 50.2321912),
http://www.wikidata.org/entity/Q4804754,Ashcroft First Nation,685,http://www.wikidata.org/entity/Q1973,British Columbia,Point(-121.3224748 50.7203869),
http://www.wikidata.org/entity/Q4811844,Asubpeeschoseewagong First Nation,149,http://www.wikidata.org/entity/Q1904,Ontario,Point(-94.0369 50.1831),
http://www.wikidata.org/entity/Q4813169,Athabasca Chipewyan First Nation,463,http://www.wikidata.org/entity/Q1951,Alberta,Point(-111.0301551 58.548205),
http://www.wikidata.org/entity/Q4815786,Atikameksheng Anishnawbek First Nation,224,http://www.wikidata.org/entity/Q1904,Ontario,Point(-81.2611 46.3019),
http://www.wikidata.org/entity/Q4863377,Barren Lands First Nation,308,http://www.wikidata.org/entity/Q1948,Manitoba,Point(-101.662 57.8885),
http://www.wikidata.org/entity/Q4876557,Bear River First Nation,21,http://www.wikidata.org/entity/Q1952,Nova Scotia,Point(-65.6336659 44.5596267),
http://www.wikidata.org/entity/Q4876784,Bearspaw,473,http://www.wikidata.org/entity/Q1951,Alberta,Point(-114.8462875 51.1700129),
http://www.wikidata.org/entity/Q4877637,Beausoleil First Nation,141,http://www.wikidata.org/entity/Q1904,Ontario,Point(-80.2019 44.8339),
http://www.wikidata.org/entity/Q4878079,Beaver First Nation,445,http://www.wikidata.org/entity/Q1951,Alberta,Point(-116.274778 58.4557901),
http://www.wikidata.org/entity/Q4878079,Beaver First Nation,445,http://www.wikidata.org/entity/Q1059903,Mackenzie County,Point(-116.274778 58.4557901),
http://www.wikidata.org/entity/Q4878117,Beaver Lake Cree Nation,460,http://www.wikidata.org/entity/Q1951,Alberta,Point(-111.868 54.67),
http://www.wikidata.org/entity/Q4891280,Berens River First Nation,266,http://www.wikidata.org/entity/Q1948,Manitoba,Point(-97.003 52.353),
http://www.wikidata.org/entity/Q4905774,Big Grassy First Nation,124,http://www.wikidata.org/entity/Q1904,Ontario,Point(-94.3069 49.0539),
http://www.wikidata.org/entity/Q4907024,Bigstone Cree Nation,458,http://www.wikidata.org/entity/Q1951,Alberta,Point(-113.7287 55.939),
http://www.wikidata.org/entity/Q4907139,Biinjitiwabik Zaaging Anishnabek First Nation,197,http://www.wikidata.org/entity/Q1904,Ontario,Point(-88.1311 49.4439),
http://www.wikidata.org/entity/Q4914322,Bingwi Neyaashi Anishinaabek First Nation,196,http://www.wikidata.org/entity/Q1904,Ontario,Point(-88.1333 49.4833),
http://www.wikidata.org/entity/Q4916156,Birdtail Sioux First Nation,284,http://www.wikidata.org/entity/Q1948,Manitoba,Point(-101.167 50.2694),
http://www.wikidata.org/entity/Q4921135,Black Lake Denesuline First Nation,359,http://www.wikidata.org/entity/Q1989,Saskatchewan,Point(-105.601 59.1333),
http://www.wikidata.org/entity/Q4921658,Black River First Nation,260,http://www.wikidata.org/entity/Q1948,Manitoba,Point(-96.323 50.826),
http://www.wikidata.org/entity/Q4928040,Bloodvein First Nation,267,http://www.wikidata.org/entity/Q1948,Manitoba,Point(-96.695 51.7769),
http://www.wikidata.org/entity/Q4941171,Bonaparte First Nation,686,http://www.wikidata.org/entity/Q1973,British Columbia,Point(-121.3853678 50.8408038),
http://www.wikidata.org/entity/Q4943947,Boothroyd First Nation,700,http://www.wikidata.org/entity/Q116187917,Yale Division Yale Land District,Point(-121.4849646 49.9630708),
http://www.wikidata.org/entity/Q4947751,Boston Bar First Nation,701,http://www.wikidata.org/entity/Q1973,British Columbia,Point(-121.4514044 49.8770775),
http://www.wikidata.org/entity/Q4966278,Bridge River Indian Band,590,http://www.wikidata.org/entity/Q1973,British Columbia,,
http://www.wikidata.org/entity/Q4973527,Brokenhead Ojibway Nation,261,http://www.wikidata.org/entity/Q1948,Manitoba,Point(-96.60388889 50.345),
http://www.wikidata.org/entity/Q4979517,Brunswick House First Nation,228,http://www.wikidata.org/entity/Q1904,Ontario,Point(-83.3311 47.8331),
http://www.wikidata.org/entity/Q4997695,Bunibonibee Cree Nation,301,http://www.wikidata.org/entity/Q1948,Manitoba,Point(-95.2611 54.9489),
http://www.wikidata.org/entity/Q5003449,Shamattawa First Nation,307,http://www.wikidata.org/entity/Q1948,Manitoba,Point(-92.086388888 55.853055555),
http://www.wikidata.org/entity/Q5028135,Wei Wai Kum First Nation,622,,,Point(-125.2533 50.0363),
http://www.wikidata.org/entity/Q5032392,Tsq'escen' First Nation,713,http://www.wikidata.org/entity/Q1973,British Columbia,Point(-120.9933388 51.7711156),
http://www.wikidata.org/entity/Q5032882,Stswecem'c Xget'tem First Nation,723,http://www.wikidata.org/entity/Q1973,British Columbia,,
http://www.wikidata.org/entity/Q5034106,Canupawakpa Dakota First Nation,289,http://www.wikidata.org/entity/Q1948,Manitoba,Point(-100.935 49.6215),
http://www.wikidata.org/entity/Q5055423,Cayoose Creek First Nation,591,http://www.wikidata.org/entity/Q1973,British Columbia,,
http://www.wikidata.org/entity/Q5073210,Chapleau Cree First Nation,221,http://www.wikidata.org/entity/Q1904,Ontario,Point(-83.3731 47.8569),
http://www.wikidata.org/entity/Q5073211,Chapleau Ojibway First Nation,229,http://www.wikidata.org/entity/Q1904,Ontario,Point(-83.3911 47.8069),
http://www.wikidata.org/entity/Q5088555,Chawathil First Nation,583,http://www.wikidata.org/entity/Q1973,British Columbia,Point(-121.5526044 49.3698223),
http://www.wikidata.org/entity/Q5088829,Cheam First Nation,584,http://www.wikidata.org/entity/Q1973,British Columbia,Point(-121.783845 49.189257),
http://www.wikidata.org/entity/Q5090324,Chemawawin Cree Nation,309,http://www.wikidata.org/entity/Q1948,Manitoba,Point(-99.7989 53.1039),
http://www.wikidata.org/entity/Q5093246,Cheslatta Carrier Nation,620,http://www.wikidata.org/entity/Q1973,British Columbia,Point(-125.7666667 54.23333333),
http://www.wikidata.org/entity/Q5101690,Chippewas of Rama First Nation,139,http://www.wikidata.org/entity/Q1904,Ontario,Point(-79.3489 44.6611),
http://www.wikidata.org/entity/Q5101691,Chippewas of Nawash Unceded First Nation,122,,,Point(-81.022634 44.908279),
http://www.wikidata.org/entity/Q5130961,Clearwater River Dene Nation,401,http://www.wikidata.org/entity/Q1989,Saskatchewan,Point(-109.496 56.5303),
http://www.wikidata.org/entity/Q5142577,Coldwater First Nation,693,http://www.wikidata.org/entity/Q1973,British Columbia,Point(-120.8592253 50.0310678),
http://www.wikidata.org/entity/Q5149748,ʔakisq̓nuk First Nation,604,,,Point(-115.97596 50.45167),
http://www.wikidata.org/entity/Q5161348,Miawpukek First Nation,47,http://www.wikidata.org/entity/Q2003,Newfoundland and Labrador,Point(-55.7573364 47.8640986),
http://www.wikidata.org/entity/Q5163557,Constance Lake First Nation,182,http://www.wikidata.org/entity/Q1904,Ontario,Point(-84.1347 49.805),
http://www.wikidata.org/entity/Q5166863,Cook's Ferry Indian Band,694,http://www.wikidata.org/entity/Q1973,British Columbia,Point(-121.3179111 50.4240907),
http://www.wikidata.org/entity/Q5175306,Cote First Nation,366,http://www.wikidata.org/entity/Q1989,Saskatchewan,Point(-101.9026888 51.6438823),
http://www.wikidata.org/entity/Q5188340,Cross Lake First Nation,276,http://www.wikidata.org/entity/Q1948,Manitoba,Point(-97.7689 54.6219),
http://www.wikidata.org/entity/Q5196065,Curve Lake First Nation,161,http://www.wikidata.org/entity/Q1904,Ontario,Point(-78.3706 44.4616),
http://www.wikidata.org/entity/Q5207157,Da’naxda’xw First Nation,635,http://www.wikidata.org/entity/Q1973,British Columbia,Point(-126.597306 50.596493),
http://www.wikidata.org/entity/Q5210038,Dakota Plains First Nation,288,http://www.wikidata.org/entity/Q1948,Manitoba,Point(-98.309 49.947),
http://www.wikidata.org/entity/Q5228079,Dauphin River First Nation,316,http://www.wikidata.org/entity/Q1948,Manitoba,Point(-98.0578 51.9553),
http://www.wikidata.org/entity/Q5247025,Dease River First Nation,504,http://www.wikidata.org/entity/Q1973,British Columbia,Point(-129.2905465 59.2949216),
http://www.wikidata.org/entity/Q5250783,Deer Lake First Nation,237,http://www.wikidata.org/entity/Q1904,Ontario,Point(-94.067 52.617),
http://www.wikidata.org/entity/Q5256875,Dene Tha' First Nation,448,http://www.wikidata.org/entity/Q1951,Alberta,Point(-118.6894777 58.7024519),
http://www.wikidata.org/entity/Q5276915,Buffalo River Dene Nation,398,http://www.wikidata.org/entity/Q1989,Saskatchewan,Point(-108.93722222 55.92861111),
http://www.wikidata.org/entity/Q5288744,Dokis First Nation,218,http://www.wikidata.org/entity/Q1904,Ontario,Point(-80.0408 46.0669),
http://www.wikidata.org/entity/Q5301471,Xa'xtsa First Nation,561,http://www.wikidata.org/entity/Q1973,British Columbia,Point(-122.2010851 49.7559926),
http://www.wikidata.org/entity/Q5307491,Driftpile Cree Nation,450,http://www.wikidata.org/entity/Q1951,Alberta,Point(-115.7824937 55.3432331),
http://www.wikidata.org/entity/Q5324864,Eabametoong First Nation,183,http://www.wikidata.org/entity/Q1638386,Kenora District,Point(-87.906944444 51.557777777),
http://www.wikidata.org/entity/Q5331511,Ebb and Flow First Nation,280,http://www.wikidata.org/entity/Q1948,Manitoba,Point(-99.016 51.054),
http://www.wikidata.org/entity/Q5362893,St. Theresa Point First Nation,298,http://www.wikidata.org/entity/Q1948,Manitoba,Point(-94.9181 53.8125),
http://www.wikidata.org/entity/Q5362893,St. Theresa Point First Nation,298,http://www.wikidata.org/entity/Q1948,Manitoba,Point(-94.848611 53.831667),
http://www.wikidata.org/entity/Q5379282,Enoch Cree Nation #440,440,http://www.wikidata.org/entity/Q1951,Alberta,Point(-113.751666666 53.483055555),
http://www.wikidata.org/entity/Q5392469,Ermineskin Cree Nation,443,http://www.wikidata.org/entity/Q1951,Alberta,Point(-113.557 52.887),
http://www.wikidata.org/entity/Q5398026,Eskasoni First Nation,23,http://www.wikidata.org/entity/Q1952,Nova Scotia,Point(-60.7089 45.9306),
http://www.wikidata.org/entity/Q5398085,Esk'etemc First Nation,711,http://www.wikidata.org/entity/Q1973,British Columbia,Point(-122.2364478 51.7886588),
http://www.wikidata.org/entity/Q5454839,Fisher River Cree Nation,264,http://www.wikidata.org/entity/Q1948,Manitoba,Point(-97.3611 51.445),
http://www.wikidata.org/entity/Q5463399,Flying Dust First Nation,395,http://www.wikidata.org/entity/Q1989,Saskatchewan,Point(-108.402 54.1374),
http://www.wikidata.org/entity/Q5471635,Fort McKay First Nation,467,http://www.wikidata.org/entity/Q1951,Alberta,Point(-111.6349127 57.1795065),
http://www.wikidata.org/entity/Q5471652,Fort McMurray First Nation,468,,,Point(-111.38027806 56.72638889),
http://www.wikidata.org/entity/Q5472337,Fort William First Nation,187,http://www.wikidata.org/entity/Q22494407,Fort William Indian Reserve 52,Point(-89.2661 48.3081),
http://www.wikidata.org/entity/Q5522252,Garden Hill First Nation,297,http://www.wikidata.org/entity/Q1948,Manitoba,Point(-94.64125 53.87159),
http://www.wikidata.org/entity/Q5522252,Garden Hill First Nation,297,http://www.wikidata.org/entity/Q1948,Manitoba,Point(-94.6489 53.8833),
http://www.wikidata.org/entity/Q5522296,Garden River First Nation,199,http://www.wikidata.org/entity/Q22627721,Garden River Indian Reserve 14,Point(-84.1081 46.5533),
http://www.wikidata.org/entity/Q5563252,Ginoogaming First Nation,185,http://www.wikidata.org/entity/Q1904,Ontario,Point(-86.5119 49.7289),
http://www.wikidata.org/entity/Q5565057,Gitanmaax First Nation,531,http://www.wikidata.org/entity/Q1973,British Columbia,Point(-127.6769595 55.2552354),
http://www.wikidata.org/entity/Q5565060,Gitanyow First Nation,537,http://www.wikidata.org/entity/Q1973,British Columbia,,
http://www.wikidata.org/entity/Q5565145,Gitsegukla Indian Band,535,http://www.wikidata.org/entity/Q1973,British Columbia,,
http://www.wikidata.org/entity/Q5565175,Gitwangak Indian Band,536,http://www.wikidata.org/entity/Q1973,British Columbia,,
http://www.wikidata.org/entity/Q5565181,Gitxaala Nation,672,http://www.wikidata.org/entity/Q1973,British Columbia,,
http://www.wikidata.org/entity/Q5571279,Glooscap First Nation,30,http://www.wikidata.org/entity/Q1952,Nova Scotia,Point(-64.229 45.0402),
http://www.wikidata.org/entity/Q5575716,God's Lake First Nation,296,http://www.wikidata.org/entity/Q1948,Manitoba,Point(-94.5875 54.52666667),
http://www.wikidata.org/entity/Q5576844,Manto Sipi Cree Nation,302,http://www.wikidata.org/entity/Q1948,Manitoba,Point(-94.09 54.8417),
http://www.wikidata.org/entity/Q5585132,George Gordon First Nation,391,http://www.wikidata.org/entity/Q1989,Saskatchewan,Point(-104.289 51.2642),
http://www.wikidata.org/entity/Q5617699,Gull Bay First Nation,188,http://www.wikidata.org/entity/Q1904,Ontario,Point(-89.1011 49.8169),
http://www.wikidata.org/entity/Q5623217,Gwa'Sala-'Nakwaxda'xw First Nation,724,,,Point(-127.05 51.3),
http://www.wikidata.org/entity/Q5623377,Gwawaenuk Tribe,627,http://www.wikidata.org/entity/Q1973,British Columbia,Point(-127.1433333 50.93305556),
http://www.wikidata.org/entity/Q5638859,Hagwilget Village First Nation,534,http://www.wikidata.org/entity/Q1973,British Columbia,,
http://www.wikidata.org/entity/Q5639652,Haisla Nation,676,http://www.wikidata.org/entity/Q2138250,Regional District of Kitimat-Stikine,Point(-128.64593 53.9754754),
http://www.wikidata.org/entity/Q5641963,Halfway River First Nation,546,http://www.wikidata.org/entity/Q1973,British Columbia,Point(-121.881 56.4739),
http://www.wikidata.org/entity/Q5674878,Gitga'at First Nation,675,,,Point(-129.2264 53.1943),
http://www.wikidata.org/entity/Q5750568,Hiawatha First Nation,162,http://www.wikidata.org/entity/Q1904,Ontario,Point(-78.2083 44.1833),
http://www.wikidata.org/entity/Q21070654,Aundeck Omni Kaning First Nation,180,http://www.wikidata.org/entity/Q22364531,Sucker Creek Indian Reserve No. 23,Point(-82.0 45.96666667),
http://www.wikidata.org/entity/Q21070738,Eagle Lake First Nation,148,http://www.wikidata.org/entity/Q1904,Ontario,Point(-93.03333333 49.73333333),
http://www.wikidata.org/entity/Q21070930,Obashkaandagaang Bay First Nation,235,http://www.wikidata.org/entity/Q1904,Ontario,Point(-94.585075 49.714186111),
http://www.wikidata.org/entity/Q21071112,Thessalon First Nation,202,http://www.wikidata.org/entity/Q1904,Ontario,Point(-83.41666667 46.25),
http://www.wikidata.org/entity/Q21071166,Wabauskang First Nation,156,http://www.wikidata.org/entity/Q1904,Ontario,Point(-93.15 50.4),
http://www.wikidata.org/entity/Q21071197,Whitefish River First Nation,230,http://www.wikidata.org/entity/Q1904,Ontario,Point(-81.7 46.11666667),
http://www.wikidata.org/entity/Q22356267,Delaware Nation at Moraviantown,167,http://www.wikidata.org/entity/Q1904,Ontario,Point(-81.883333333 42.566666666),
http://www.wikidata.org/entity/Q23074103,Mikisew Cree First Nation,461,http://www.wikidata.org/entity/Q1951,Alberta,Point(-111.0996877 58.7570615),
http://www.wikidata.org/entity/Q24030143,Swan River First Nation,457,http://www.wikidata.org/entity/Q1951,Alberta,Point(-115.4334192 55.3258627),
http://www.wikidata.org/entity/Q24032383,Tallcree Tribal Government,446,http://www.wikidata.org/entity/Q1951,Alberta,Point(-115.6182188 58.0643524),
http://www.wikidata.org/entity/Q24040442,Chiniki First Nation,433,http://www.wikidata.org/entity/Q1951,Alberta,Point(-114.8465542 51.1697996),
http://www.wikidata.org/entity/Q24041764,Goodstoney First Nation,475,http://www.wikidata.org/entity/Q1951,Alberta,Point(-114.8469086 51.1697937),
http://www.wikidata.org/entity/Q24054482,Frog Lake First Nation,465,http://www.wikidata.org/entity/Q1951,Alberta,Point(-110.3972597 53.8671871),
http://www.wikidata.org/entity/Q24054847,Heart Lake First Nation,469,http://www.wikidata.org/entity/Q1951,Alberta,Point(-111.5392857 55.0298105),
http://www.wikidata.org/entity/Q24055207,Kehewin Cree Nation,466,http://www.wikidata.org/entity/Q1951,Alberta,Point(-110.8570944 54.1160884),
http://www.wikidata.org/entity/Q24191203,Upper Cayuga First Nation,249,http://www.wikidata.org/entity/Q1904,Ontario,Point(-80.0748904 43.0325857),
http://www.wikidata.org/entity/Q24191205,Upper Mohawk First Nation,257,http://www.wikidata.org/entity/Q1904,Ontario,Point(-80.1704551 43.06859),
http://www.wikidata.org/entity/Q24191207,Walker Mohawk First Nation,255,http://www.wikidata.org/entity/Q1904,Ontario,Point(-80.1152722 43.0476363),
http://www.wikidata.org/entity/Q26828683,Peerless Trout First Nation,478,http://www.wikidata.org/entity/Q1951,Alberta,Point(-114.6504 56.5735),
http://www.wikidata.org/entity/Q26829200,Louis Bull,439,http://www.wikidata.org/entity/Q1951,Alberta,Point(-113.7162 52.9278),
http://www.wikidata.org/entity/Q27652782,Mohawks of Akwesasne,159,http://www.wikidata.org/entity/Q176,Quebec,Point(-74.570555555 45.040833333),
http://www.wikidata.org/entity/Q27652782,Mohawks of Akwesasne,159,http://www.wikidata.org/entity/Q1904,Ontario,Point(-74.570555555 45.040833333),
http://www.wikidata.org/entity/Q27655424,Oujé-Bougoumou Cree Nation,89,,,Point(-74.817777777 49.925555555),
http://www.wikidata.org/entity/Q27655510,Conseil des Atikamekw de Wemotaci,77,http://www.wikidata.org/entity/Q176,Quebec,Point(-73.78333 47.90694),
http://www.wikidata.org/entity/Q27663838,Wolastoqiyik Wahsipekuk (Viger) First Nation,54,http://www.wikidata.org/entity/Q176,Quebec,Point(-69.5076387 47.9180299),
http://www.wikidata.org/entity/Q27664348,Atikamekw d'Opitciwan,79,http://www.wikidata.org/entity/Q176,Quebec,Point(-74.93333 48.66667),
http://www.wikidata.org/entity/Q27666941,Les Atikamekw de Manawan,78,http://www.wikidata.org/entity/Q3285285,Manawan,Point(-74.385767 47.211931),
http://www.wikidata.org/entity/Q27671513,Mohawks of Kahnawá:ke,70,http://www.wikidata.org/entity/Q176,Quebec,Point(-73.68333 45.41667),
http://www.wikidata.org/entity/Q27671767,Mohawks of Kanesatake,69,http://www.wikidata.org/entity/Q176,Quebec,Point(-74.12361 45.51139),
http://www.wikidata.org/entity/Q27686232,Algonquins of Barriere Lake,74,http://www.wikidata.org/entity/Q222948,Outaouais,Point(-76.7075 47.25528),
http://www.wikidata.org/entity/Q27691829,Pessamit Innu Band,85,http://www.wikidata.org/entity/Q1124109,Côte-Nord,Point(-68.64222 48.94083),
http://www.wikidata.org/entity/Q27691831,Kitcisakik Anicinape Community,62,http://www.wikidata.org/entity/Q176,Quebec,Point(-77.3054337 47.618107),
http://www.wikidata.org/entity/Q27691835,Cree Nation of Chisasibi,58,http://www.wikidata.org/entity/Q669673,Eeyou Istchee,Point(-78.9 53.78333333),
http://www.wikidata.org/entity/Q27691848,Cree Nation of Mistissini,75,http://www.wikidata.org/entity/Q176,Quebec,Point(-73.873744 50.418445),
http://www.wikidata.org/entity/Q27691859,Cree Nation of Nemaska,59,http://www.wikidata.org/entity/Q669673,Eeyou Istchee,Point(-76.25861 51.68528),
http://www.wikidata.org/entity/Q27691868,Cree Nation of Wemindji,60,http://www.wikidata.org/entity/Q669673,Eeyou Istchee,Point(-78.78333 52.91667),
http://www.wikidata.org/entity/Q27691889,Eastmain First Nation,57,http://www.wikidata.org/entity/Q927561,Nord-du-Québec,Point(-78.5025824 52.2442539),
http://www.wikidata.org/entity/Q27691897,Innue Essipit,86,http://www.wikidata.org/entity/Q176,Quebec,Point(-69.3980083 48.3373431),
http://www.wikidata.org/entity/Q27691912,Innu Nation of Matimekush-Lac John,87,http://www.wikidata.org/entity/Q1124109,Côte-Nord,Point(-66.8139998 54.8045138),
http://www.wikidata.org/entity/Q27691927,Innus of Ekuanitshit,82,http://www.wikidata.org/entity/Q1124109,Côte-Nord,Point(-64.033333333 50.3),
http://www.wikidata.org/entity/Q27691936,Listuguj Mi'gmaq Government,51,http://www.wikidata.org/entity/Q176,Quebec,Point(-66.70580556 48.016),
http://www.wikidata.org/entity/Q27691941,Long Point First Nation,67,http://www.wikidata.org/entity/Q176,Quebec,Point(-78.5648363 47.5775476),
http://www.wikidata.org/entity/Q27691941,Long Point First Nation,67,http://www.wikidata.org/entity/Q321529,Abitibi-Témiscamingue,Point(-78.5648363 47.5775476),
http://www.wikidata.org/entity/Q27691952,Micmacs of Gesgapegiag,52,http://www.wikidata.org/entity/Q728139,Gaspésie–Îles-de-la-Madeleine,Point(-65.9212062 48.2020976),
http://www.wikidata.org/entity/Q27691960,Innu of Natashquan First Nation,83,http://www.wikidata.org/entity/Q1124109,Côte-Nord,Point(-61.8024215 50.1336576),
http://www.wikidata.org/entity/Q27691967,Montagnais de Pakua Shipi,88,http://www.wikidata.org/entity/Q176,Quebec,Point(-58.6714303 51.2276936),
http://www.wikidata.org/entity/Q27691979,Montagnais de Unamen Shipu,84,http://www.wikidata.org/entity/Q1124109,Côte-Nord,Point(-60.6653504 50.2171163),
http://www.wikidata.org/entity/Q27691982,Pekuakamiulnuatsh First Nation,76,http://www.wikidata.org/entity/Q615914,Saguenay–Lac-Saint-Jean,Point(-72.2290021 48.5764628),
http://www.wikidata.org/entity/Q27691983,Naskapi Nation of Kawawachikamach,81,http://www.wikidata.org/entity/Q176,Quebec,Point(-66.7620166 54.8636331),
http://www.wikidata.org/entity/Q27691985,Nation Anishnabe du Lac Simon,63,http://www.wikidata.org/entity/Q321529,Abitibi-Témiscamingue,Point(-77.3525641 48.0580724),
http://www.wikidata.org/entity/Q27691987,Odanak First Nation,72,http://www.wikidata.org/entity/Q176,Quebec,Point(-72.8199692 46.0732379),
http://www.wikidata.org/entity/Q27691988,Première Nation des Abénakis de Wôlinak,71,http://www.wikidata.org/entity/Q764294,Centre-du-Québec,Point(-72.4216215 46.3286385),
http://www.wikidata.org/entity/Q27691989,The Crees of the Waskaganish First Nation,61,http://www.wikidata.org/entity/Q927561,Nord-du-Québec,Point(-78.748055555 51.489166666),
http://www.wikidata.org/entity/Q27691990,Timiskaming First Nation,64,http://www.wikidata.org/entity/Q3529001,Timiskaming,Point(-79.466666666 47.633333333),
http://www.wikidata.org/entity/Q27691992,Waswanipi First Nation,56,http://www.wikidata.org/entity/Q176,Quebec,Point(-75.959101 49.702264),
http://www.wikidata.org/entity/Q27691993,Wolf Lake,68,http://www.wikidata.org/entity/Q176,Quebec,Point(-78.7998024 46.9972656),
http://www.wikidata.org/entity/Q28648660,Wiikwemkoong Unceded Territory,175,http://www.wikidata.org/entity/Q7999949,Wikwemikong Unceded Indian Reserve 26,Point(-81.732399819 45.738412225),
http://www.wikidata.org/entity/Q32930007,Whapmagoostui First Nation,95,http://www.wikidata.org/entity/Q669673,Eeyou Istchee,Point(-77.756568 55.2771065),
http://www.wikidata.org/entity/Q39048998,Little Saskatchewan First Nation,274,http://www.wikidata.org/entity/Q1948,Manitoba,Point(-98.6438251 51.6807808),
http://www.wikidata.org/entity/Q46577974,Cowessess First Nation,361,http://www.wikidata.org/entity/Q1989,Saskatchewan,Point(-102.6601262 50.5163572),
http://www.wikidata.org/entity/Q46577983,Blueberry River First Nations,547,http://www.wikidata.org/entity/Q1973,British Columbia,Point(-121.1124132 56.7040408),
http://www.wikidata.org/entity/Q46577995,Kahkewistahaw First Nation,362,http://www.wikidata.org/entity/Q1989,Saskatchewan,Point(-102.531437 50.491236),
http://www.wikidata.org/entity/Q46578010,Zagime Anishinabek,364,http://www.wikidata.org/entity/Q1989,Saskatchewan,Point(-102.7940699 50.5275662),
http://www.wikidata.org/entity/Q46578032,Muscowpetung First Nation,381,http://www.wikidata.org/entity/Q1989,Saskatchewan,Point(-104.2838799 50.7759839),
http://www.wikidata.org/entity/Q46578045,Pasqua First Nation,383,http://www.wikidata.org/entity/Q1989,Saskatchewan,Point(-103.9908324 50.7388277),
http://www.wikidata.org/entity/Q48791926,Piapot First Nation,385,http://www.wikidata.org/entity/Q1989,Saskatchewan,Point(-104.4271017 50.7770514),
http://www.wikidata.org/entity/Q48802882,Ochapowace First Nation,363,http://www.wikidata.org/entity/Q1989,Saskatchewan,Point(-102.3944049 50.469985),
http://www.wikidata.org/entity/Q48806477,Peepeekisis Cree Nation,384,http://www.wikidata.org/entity/Q1989,Saskatchewan,Point(-103.3358542 50.8662396),
http://www.wikidata.org/entity/Q48814496,The Key First Nation,368,http://www.wikidata.org/entity/Q1989,Saskatchewan,Point(-102.129017 51.7828742),
http://www.wikidata.org/entity/Q60739811,Fishing Lake First Nation,390,http://www.wikidata.org/entity/Q1989,Saskatchewan,Point(-103.6323728 51.8565316),
http://www.wikidata.org/entity/Q60742986,Muskeg Lake Cree Nation #102,375,http://www.wikidata.org/entity/Q1989,Saskatchewan,Point(-106.8741182 53.0029479),
http://www.wikidata.org/entity/Q60755407,Beardy's and Okemasis' Cree Nation,369,http://www.wikidata.org/entity/Q1989,Saskatchewan,Point(-105.946 52.5779),
http://www.wikidata.org/entity/Q60755408,Day Star First Nation,389,http://www.wikidata.org/entity/Q1989,Saskatchewan,Point(-104.2224396 51.506491),
http://www.wikidata.org/entity/Q60755416,Kawacatoose First Nation,393,http://www.wikidata.org/entity/Q1989,Saskatchewan,Point(-104.4043921 51.4817857),
http://www.wikidata.org/entity/Q60755646,Little Pine First Nation,340,http://www.wikidata.org/entity/Q1989,Saskatchewan,Point(-109.0586939 52.9157411),
http://www.wikidata.org/entity/Q60760062,Big River First Nation,404,http://www.wikidata.org/entity/Q1989,Saskatchewan,Point(-107.1107661 53.5747946),
http://www.wikidata.org/entity/Q60760068,Lucky Man Cree Nation,341,http://www.wikidata.org/entity/Q1989,Saskatchewan,Point(-107.2365621 52.9889009),
http://www.wikidata.org/entity/Q60760084,Witchekan Lake First Nation,407,http://www.wikidata.org/entity/Q1989,Saskatchewan,Point(-107.6032725 53.5114791),
http://www.wikidata.org/entity/Q60760254,Big Island Lake Cree Nation,399,http://www.wikidata.org/entity/Q1989,Saskatchewan,Point(-109.6268743 54.4084356),
http://www.wikidata.org/entity/Q60760257,Canoe Lake Cree First Nation,394,http://www.wikidata.org/entity/Q1989,Saskatchewan,Point(-108.1573536 55.1635944),
http://www.wikidata.org/entity/Q60760264,Ministikwan Lake Cree Nation,397,http://www.wikidata.org/entity/Q1989,Saskatchewan,Point(-109.6695683 54.0501253),
http://www.wikidata.org/entity/Q60760278,Cumberland House Cree Nation,350,http://www.wikidata.org/entity/Q1989,Saskatchewan,Point(-102.2849307 53.9419316),
http://www.wikidata.org/entity/Q65051880,Eel River Bar First Nation,8,http://www.wikidata.org/entity/Q3365804,Dalhousie Parish,Point(-66.374315 48.03529),
http://www.wikidata.org/entity/Q85740318,Aklavik First Nation,755,http://www.wikidata.org/entity/Q2007,Northwest Territories,Point(-135.0200555 68.2180027),
http://www.wikidata.org/entity/Q85746355,Behdzi Ahda' First Nation,771,http://www.wikidata.org/entity/Q2007,Northwest Territories,Point(-126.0904758 67.0388787),
http://www.wikidata.org/entity/Q85756133,Dechi Laot'i First Nations,774,http://www.wikidata.org/entity/Q2007,Northwest Territories,Point(-114.1850204 64.1898674),
http://www.wikidata.org/entity/Q85756235,Deh Gáh Got'ı̨ę First Nation,760,http://www.wikidata.org/entity/Q2007,Northwest Territories,Point(-117.6606804 61.3576308),
http://www.wikidata.org/entity/Q85756361,Deninu Kųę́ First Nation,762,http://www.wikidata.org/entity/Q2007,Northwest Territories,Point(-113.6737712 61.1724104),
http://www.wikidata.org/entity/Q85757288,Dog Rib Rae First Nation,765,http://www.wikidata.org/entity/Q2007,Northwest Territories,Point(-116.0500077 62.8300242),
http://www.wikidata.org/entity/Q85758092,Délı̨nę First Nation Band,754,http://www.wikidata.org/entity/Q2007,Northwest Territories,Point(-123.425492 65.1885569),
http://www.wikidata.org/entity/Q85761706,Fort Good Hope First Nation,752,http://www.wikidata.org/entity/Q2007,Northwest Territories,Point(-128.6200383 66.2603025),
http://www.wikidata.org/entity/Q85762616,Gameti First Nation,773,http://www.wikidata.org/entity/Q2007,Northwest Territories,Point(-117.3523886 64.1128735),
http://www.wikidata.org/entity/Q85764979,Gwichya Gwich'in First Nation,753,http://www.wikidata.org/entity/Q1014088,Tsiigehtchic,Point(-133.745277777 67.440555555),
http://www.wikidata.org/entity/Q85769817,Inuvik Native,780,http://www.wikidata.org/entity/Q2007,Northwest Territories,Point(-133.7298129 68.3610042),
http://www.wikidata.org/entity/Q85771016,Jean Marie River First Nation,770,http://www.wikidata.org/entity/Q2007,Northwest Territories,Point(-120.6251345 61.5253645),
http://www.wikidata.org/entity/Q85773244,Ka'a'gee Tu First Nation,768,http://www.wikidata.org/entity/Q2007,Northwest Territories,Point(-117.416687 60.9400024),
http://www.wikidata.org/entity/Q85782134,Loon River Cree,476,http://www.wikidata.org/entity/Q1951,Alberta,Point(-115.395611 56.5355562),
http://www.wikidata.org/entity/Q85782558,Lubicon Lake Band,453,http://www.wikidata.org/entity/Q1951,Alberta,Point(-116.1173854 56.4483991),
http://www.wikidata.org/entity/Q85787659,Nahɂą Dehé Dene Band,766,http://www.wikidata.org/entity/Q2007,Northwest Territories,Point(-123.3832278 61.0356325),
http://www.wikidata.org/entity/Q85788177,Nekaneet Cree Nation,380,http://www.wikidata.org/entity/Q1989,Saskatchewan,Point(-109.1981607 49.6751637),
http://www.wikidata.org/entity/Q7172663,Peter Ballantyne Cree Nation,355,http://www.wikidata.org/entity/Q1989,Saskatchewan,Point(-102.9341717 55.1723967),
http://www.wikidata.org/entity/Q7178105,Q7178105,586,http://www.wikidata.org/entity/Q1973,British Columbia,,
http://www.wikidata.org/entity/Q7190450,Q7190450,195,http://www.wikidata.org/entity/Q1904,Ontario,Point(-85.6169 48.6989),
http://www.wikidata.org/entity/Q7194643,Pimicikamak Cree Nation,,,,,
http://www.wikidata.org/entity/Q7194854,Pinaymootang First Nation,272,http://www.wikidata.org/entity/Q1948,Manitoba,Point(-98.602 51.728),
http://www.wikidata.org/entity/Q7195108,Pine Creek First Nation,282,http://www.wikidata.org/entity/Q1948,Manitoba,Point(-100.152 51.9969),
http://www.wikidata.org/entity/Q7229407,Poplar Hill First Nation,236,http://www.wikidata.org/entity/Q1904,Ontario,Point(-94.3089 52.0819),
http://www.wikidata.org/entity/Q7235666,Poundmaker Cree Nation,345,http://www.wikidata.org/entity/Q1989,Saskatchewan,Point(-108.959 52.8667),
http://www.wikidata.org/entity/Q7285021,Rainy River First Nations,130,http://www.wikidata.org/entity/Q1904,Ontario,Point(-93.9069 48.655),
http://www.wikidata.org/entity/Q7303768,Lhtako Dene Nation,715,http://www.wikidata.org/entity/Q1973,British Columbia,Point(-122.4510894 52.9548944),
http://www.wikidata.org/entity/Q7304098,Red Earth Creek,,http://www.wikidata.org/entity/Q1951,Alberta,Point(-115.285 56.5406),
http://www.wikidata.org/entity/Q7304721,Red Pheasant Cree Nation,346,http://www.wikidata.org/entity/Q1989,Saskatchewan,Point(-108.129 52.4563),
http://www.wikidata.org/entity/Q7304913,Red Rock Indian Band,193,http://www.wikidata.org/entity/Q21070830,Lake Helen 53A,Point(-88.2481 49.0311),
http://www.wikidata.org/entity/Q7304913,Red Rock Indian Band,193,http://www.wikidata.org/entity/Q22360801,Red Rock 53,Point(-88.2481 49.0311),
http://www.wikidata.org/entity/Q7305137,Red Sucker Lake First Nation,300,http://www.wikidata.org/entity/Q1948,Manitoba,Point(-94.9219 53.885),
http://www.wikidata.org/entity/Q7361208,Rolling River First Nation,291,http://www.wikidata.org/entity/Q1948,Manitoba,Point(-99.99888889 50.46138889),
http://www.wikidata.org/entity/Q7368051,Roseau River Anishinabe First Nation,273,http://www.wikidata.org/entity/Q1948,Manitoba,Point(-97.2661 49.1678),
http://www.wikidata.org/entity/Q7369606,Ross River Dena Council,497,http://www.wikidata.org/entity/Q2009,Yukon,Point(-132.4509601 61.9794976),
http://www.wikidata.org/entity/Q7396715,Sachigo Lake First Nation,214,http://www.wikidata.org/entity/Q1904,Ontario,Point(-92.1731 53.8686),
http://www.wikidata.org/entity/Q7398967,Sagamok Anishnawbek First Nation,179,http://www.wikidata.org/entity/Q2140691,Algoma District,Point(-82.2167 46.1667),
http://www.wikidata.org/entity/Q7399314,Sagkeeng First Nation,262,http://www.wikidata.org/entity/Q1948,Manitoba,Point(-96.29388889 50.60638889),
http://www.wikidata.org/entity/Q7400107,Saik'uz First Nation,615,http://www.wikidata.org/entity/Q1973,British Columbia,Point(-124.1140332 53.9433905),
http://www.wikidata.org/entity/Q7408479,Samahquam First Nation,567,http://www.wikidata.org/entity/Q1973,British Columbia,Point(-122.5410911 50.051309),
http://www.wikidata.org/entity/Q7417157,Sandy Bay First Nation,283,http://www.wikidata.org/entity/Q1948,Manitoba,Point(-98.6658 50.5503),
http://www.wikidata.org/entity/Q7421015,Sapotaweyak Cree Nation,314,http://www.wikidata.org/entity/Q1948,Manitoba,Point(-100.688 52.744),
http://www.wikidata.org/entity/Q7427207,Saugeen First Nation,123,http://www.wikidata.org/entity/Q991601,Bruce County,Point(-81.3286989 44.5130326),
http://www.wikidata.org/entity/Q7427410,Saulteaux First Nation,347,http://www.wikidata.org/entity/Q1989,Saskatchewan,Point(-108.312 53.1419),
http://www.wikidata.org/entity/Q7438676,Sq'éwlets First Nation,568,http://www.wikidata.org/entity/Q1973,British Columbia,Point(-122.002456 49.2359419),
http://www.wikidata.org/entity/Q7440169,Seabird Island First Nation,581,http://www.wikidata.org/entity/Q1973,British Columbia,Point(-121.7303967 49.2551217),
http://www.wikidata.org/entity/Q7446849,Seine River First Nation,132,http://www.wikidata.org/entity/Q1904,Ontario,Point(-92.4281 48.7189),
http://www.wikidata.org/entity/Q7456804,Seton Lake First Nation,595,http://www.wikidata.org/entity/Q1973,British Columbia,Point(-122.2 50.73333333),
http://www.wikidata.org/entity/Q7460161,Shackan First Nation,698,http://www.wikidata.org/entity/Q1973,British Columbia,Point(-121.175373 50.2933882),
http://www.wikidata.org/entity/Q7495626,Sheshatshiu Innu First Nation,33,http://www.wikidata.org/entity/Q2003,Newfoundland and Labrador,Point(-60.1374721 53.5089278),
http://www.wikidata.org/entity/Q7499738,Shoal Lake 40 First Nation,155,http://www.wikidata.org/entity/Q1948,Manitoba,Point(-95.2108 49.6172),
http://www.wikidata.org/entity/Q7504532,Sipekne'katik First Nation,25,http://www.wikidata.org/entity/Q1952,Nova Scotia,Point(-63.4889148 45.0951747),
http://www.wikidata.org/entity/Q7505500,Shuswap Indian Band,605,http://www.wikidata.org/entity/Q1973,British Columbia,,
http://www.wikidata.org/entity/Q7505895,Shxw'ow'hamel First Nation,587,http://www.wikidata.org/entity/Q1973,British Columbia,Point(-121.6066646 49.3430259),
http://www.wikidata.org/entity/Q7520605,Simpcw First Nation,691,http://www.wikidata.org/entity/Q1973,British Columbia,Point(-120.1490264 51.3168954),
http://www.wikidata.org/entity/Q7530848,Siska First Nation,706,http://www.wikidata.org/entity/Q1973,British Columbia,Point(-121.5715549 50.1363462),
http://www.wikidata.org/entity/Q7534165,Skatin Nations,562,http://www.wikidata.org/entity/Q1973,British Columbia,Point(-122.4103973 49.9382958),
http://www.wikidata.org/entity/Q7534206,Skawahlook First Nation,582,http://www.wikidata.org/entity/Q1973,British Columbia,Point(-121.6061836 49.3568456),
http://www.wikidata.org/entity/Q7534273,Skeetchestn First Nation,687,http://www.wikidata.org/entity/Q1973,British Columbia,Point(-120.9547639 50.839705),
http://www.wikidata.org/entity/Q7535061,Skidegate Band Council,670,http://www.wikidata.org/entity/Q1973,British Columbia,Point(-131.989722222 53.270277777),
http://www.wikidata.org/entity/Q7535367,Skin Tyee First Nation,729,http://www.wikidata.org/entity/Q1973,British Columbia,,
http://www.wikidata.org/entity/Q7536516,Skowkale First Nation,571,http://www.wikidata.org/entity/Q1973,British Columbia,Point(-121.9405793 49.1417127),
http://www.wikidata.org/entity/Q7537066,Skuppah First Nation,707,http://www.wikidata.org/entity/Q1973,British Columbia,Point(-121.5738609 50.1875922),
http://www.wikidata.org/entity/Q7537108,Skwah First Nation,573,http://www.wikidata.org/entity/Q1973,British Columbia,,
http://www.wikidata.org/entity/Q7537117,Shxwhá:y Village,570,http://www.wikidata.org/entity/Q1973,British Columbia,Point(-121.9889236 49.1689698),
http://www.wikidata.org/entity/Q7538828,Slate Falls First Nation,259,http://www.wikidata.org/entity/Q1904,Ontario,Point(-91.618 51.149),
http://www.wikidata.org/entity/Q7561266,Songhees First Nation,656,http://www.wikidata.org/entity/Q1973,British Columbia,Point(-123.428333333 48.441388888),
http://www.wikidata.org/entity/Q7562794,Soowahlie First Nation,572,http://www.wikidata.org/entity/Q1973,British Columbia,Point(-121.9689589 49.0810201),
http://www.wikidata.org/entity/Q7573014,Spallumcheen Indian Band,600,http://www.wikidata.org/entity/Q1973,British Columbia,,
http://www.wikidata.org/entity/Q7581642,Spuzzum First Nation,708,http://www.wikidata.org/entity/Q1973,British Columbia,Point(-121.4114739 49.6610233),
http://www.wikidata.org/entity/Q7581946,Squamish Nation,555,http://www.wikidata.org/entity/Q1973,British Columbia,Point(-123.129188888 49.692061111),
http://www.wikidata.org/entity/Q7582237,Squiala First Nation,574,http://www.wikidata.org/entity/Q1973,British Columbia,Point(-121.979421 49.158014),
http://www.wikidata.org/entity/Q7590342,ʔaq̓am,602,,,Point(-115.75448 49.58671),
http://www.wikidata.org/entity/Q7607232,Stellat'en First Nation,613,http://www.wikidata.org/entity/Q1973,British Columbia,Point(-124.9111136 54.0637965),
http://www.wikidata.org/entity/Q7618931,Yunesit'in First Nation,717,http://www.wikidata.org/entity/Q1973,British Columbia,Point(-123.1399275 51.9268327),
http://www.wikidata.org/entity/Q7629018,Sturgeon Lake Cree Nation,455,http://www.wikidata.org/entity/Q1951,Alberta,Point(-117.4180962 55.0675946),
http://www.wikidata.org/entity/Q7629021,Sturgeon Lake First Nation,360,http://www.wikidata.org/entity/Q1989,Saskatchewan,Point(-106.053 53.4117),
http://www.wikidata.org/entity/Q7633080,Sucker Creek First Nation,456,http://www.wikidata.org/entity/Q1951,Alberta,Point(-116.1542595 55.404201),
http://www.wikidata.org/entity/Q7636976,Sumas First Nation,578,http://www.wikidata.org/entity/Q1973,British Columbia,Point(-122.1946453 49.0552784),
http://www.wikidata.org/entity/Q7639032,Sunchild First Nation,434,http://www.wikidata.org/entity/Q1951,Alberta,Point(-115.3399552 52.6997629),
http://www.wikidata.org/entity/Q7653465,Swan Lake First Nation,293,http://www.wikidata.org/entity/Q1948,Manitoba,Point(-98.838 49.371),
http://www.wikidata.org/entity/Q7667732,T'it'q'et First Nation,593,http://www.wikidata.org/entity/Q1973,British Columbia,Point(-121.9456408 50.6773516),
http://www.wikidata.org/entity/Q7675581,Tahltan First Nation,682,http://www.wikidata.org/entity/Q1973,British Columbia,Point(-130.15 58.3833),
http://www.wikidata.org/entity/Q7678438,Takla First Nation,608,http://www.wikidata.org/entity/Q1973,British Columbia,Point(-125.975336 55.482356),
http://www.wikidata.org/entity/Q7678537,Taku River Tlingit First Nation,501,http://www.wikidata.org/entity/Q1973,British Columbia,,
http://www.wikidata.org/entity/Q7689796,Taykwa Tagamou Nation,145,http://www.wikidata.org/entity/Q1904,Ontario,Point(-80.8381 49.0069),
http://www.wikidata.org/entity/Q7697972,Temagami First Nation,222,http://www.wikidata.org/entity/Q1436530,Nipissing District,Point(-80.0667 46.9833),
http://www.wikidata.org/entity/Q7705534,Teslin Tlingit Council,499,http://www.wikidata.org/entity/Q2009,Yukon,Point(-132.7298594 60.1678105),
http://www.wikidata.org/entity/Q7799128,Thunderchild Cree First Nation,349,http://www.wikidata.org/entity/Q1989,Saskatchewan,Point(-108.879 53.4744),
http://www.wikidata.org/entity/Q7810678,Tl'azt'en Nation,617,http://www.wikidata.org/entity/Q1973,British Columbia,,
http://www.wikidata.org/entity/Q7810681,Tl'etinqox-t'in Government Office,712,http://www.wikidata.org/entity/Q1973,British Columbia,Point(-123.1763787 52.0169836),
http://www.wikidata.org/entity/Q7810722,Tlatlasikwala Nation,632,http://www.wikidata.org/entity/Q1973,British Columbia,Point(-127.9399887 50.9224753),
http://www.wikidata.org/entity/Q7811472,Tobacco Plains Indian Band,603,http://www.wikidata.org/entity/Q1973,British Columbia,Point(-115.102 49.08409),
http://www.wikidata.org/entity/Q7811705,Tobique First Nation,16,http://www.wikidata.org/entity/Q1965,New Brunswick,Point(-67.6 46.8),
http://www.wikidata.org/entity/Q7824226,Tl’esqox First Nation,718,http://www.wikidata.org/entity/Q1973,British Columbia,Point(-122.5013556 51.9295847),
http://www.wikidata.org/entity/Q7824299,Tootinaowaziibeeng Treaty Reserve First Nation,292,http://www.wikidata.org/entity/Q1948,Manitoba,Point(-100.934 51.229),
http://www.wikidata.org/entity/Q7849278,Ts'il Kaz Koh First Nation,619,http://www.wikidata.org/entity/Q1973,British Columbia,Point(-125.771113 54.2366571),
http://www.wikidata.org/entity/Q7849451,Tsay Keh Dene First Nation,609,http://www.wikidata.org/entity/Q1973,British Columbia,Point(-124.9631517 56.8918675),
http://www.wikidata.org/entity/Q7861958,Tzeachten First Nation,575,http://www.wikidata.org/entity/Q1973,British Columbia,Point(-121.953976 49.111856),
http://www.wikidata.org/entity/Q7876357,Uashat-Maliotenam First Nation,80,http://www.wikidata.org/entity/Q176,Quebec,,
http://www.wikidata.org/entity/Q7879075,Ulkatcho First Nation,722,http://www.wikidata.org/entity/Q1973,British Columbia,Point(-125.3066757 52.4672859),
http://www.wikidata.org/entity/Q7885412,Union Bar First Nation,588,http://www.wikidata.org/entity/Q1973,British Columbia,Point(-121.4344669 49.437388),
http://www.wikidata.org/entity/Q7898819,Upper Nicola Indian Band,697,http://www.wikidata.org/entity/Q1973,British Columbia,Point(-120.2824252 50.1419895),
http://www.wikidata.org/entity/Q7898919,Upper Similkameen Indian Band,599,http://www.wikidata.org/entity/Q1973,British Columbia,,
http://www.wikidata.org/entity/Q7958622,Wabaseemoong Independent Nations,150,http://www.wikidata.org/entity/Q1904,Ontario,Point(-94.9419 51.1589),
http://www.wikidata.org/entity/Q7958697,Wabigoon Lake Ojibway Nation,157,http://www.wikidata.org/entity/Q1904,Ontario,Point(-92.5231 49.605),
http://www.wikidata.org/entity/Q7959821,Wahnapitae First Nation,232,http://www.wikidata.org/entity/Q1904,Ontario,Point(-80.8319 46.7719),
http://www.wikidata.org/entity/Q7968241,Wapekeka First Nation,206,http://www.wikidata.org/entity/Q1904,Ontario,Point(-89.5389 53.7211),
http://www.wikidata.org/entity/Q7971325,Wasagamack First Nation,299,http://www.wikidata.org/entity/Q1948,Manitoba,Point(-94.9219 53.885),
http://www.wikidata.org/entity/Q7974130,Waterhen Lake First Nation,402,http://www.wikidata.org/entity/Q1989,Saskatchewan,Point(-108.348 54.5061),
http://www.wikidata.org/entity/Q7975585,Wawakapewin First Nation,234,http://www.wikidata.org/entity/Q1904,Ontario,Point(-89.1419 53.2419),
http://www.wikidata.org/entity/Q7976905,Waywayseecappo First Nation,285,http://www.wikidata.org/entity/Q1948,Manitoba,Point(-100.933 50.6806),
http://www.wikidata.org/entity/Q7977815,We Wai Kai Nation,623,http://www.wikidata.org/entity/Q1973,British Columbia,Point(-125.2905634 50.0186144),
http://www.wikidata.org/entity/Q7978733,Webequie First Nation,240,http://www.wikidata.org/entity/Q1638386,Kenora District,Point(-87.372222222 52.954166666),
http://www.wikidata.org/entity/Q7979575,Weenusk First Nation,146,http://www.wikidata.org/entity/Q1904,Ontario,Point(-85.7078 55.0203),
http://www.wikidata.org/entity/Q7986011,West Moberly First Nations,545,http://www.wikidata.org/entity/Q1973,British Columbia,Point(-121.8309238 55.8306338),
http://www.wikidata.org/entity/Q7987112,Westbank First Nation,601,http://www.wikidata.org/entity/Q1973,British Columbia,Point(-119.6053121 49.8398178),
http://www.wikidata.org/entity/Q20880855,Tuscarora First Nation,245,http://www.wikidata.org/entity/Q1904,Ontario,Point(-80.0385994 43.0191709),
http://www.wikidata.org/entity/Q7156890,Pays Plat First Nation,191,http://www.wikidata.org/entity/Q1904,Ontario,Point(-87.5667 48.8833),
http://www.wikidata.org/entity/Q7160845,Pehdzeh Ki First Nation,756,http://www.wikidata.org/entity/Q2007,Northwest Territories,Point(-123.466667 63.226667),
http://www.wikidata.org/entity/Q7161412,Pelican Lake First Nation,405,http://www.wikidata.org/entity/Q1989,Saskatchewan,Point(-107.783957 53.6856392),
http://www.wikidata.org/entity/Q7162550,Penelakut First Nation,650,http://www.wikidata.org/entity/Q1973,British Columbia,Point(-123.659693 48.9709741),
http://www.wikidata.org/entity/Q7165181,Penticton Indian Band,597,http://www.wikidata.org/entity/Q1973,British Columbia,Point(-119.6447628 49.4913681),
http://www.wikidata.org/entity/Q4673866,Acho Dene Koe First Nation,758,http://www.wikidata.org/entity/Q2009,Yukon,Point(-123.4740775 60.2403071),
http://www.wikidata.org/entity/Q4680374,Adams Lake Indian Band,684,http://www.wikidata.org/entity/Q1973,British Columbia,Point(-119.7014654 50.8286855),
http://www.wikidata.org/entity/Q4696378,Ahtahkakoop Cree Nation,406,http://www.wikidata.org/entity/Q1989,Saskatchewan,Point(-106.90111111 53.38555556),
http://www.wikidata.org/entity/Q4699291,Aitchelitz First Nation,558,http://www.wikidata.org/entity/Q1973,British Columbia,Point(-121.9868968 49.1504173),
http://www.wikidata.org/entity/Q4703476,Pictou Landing First Nation,24,http://www.wikidata.org/entity/Q1952,Nova Scotia,Point(-62.65 45.675),
http://www.wikidata.org/entity/Q4713773,Alderville First Nation,160,http://www.wikidata.org/entity/Q1904,Ontario,Point(-78.08053 44.176058),
http://www.wikidata.org/entity/Q4718854,Alexander First Nation,438,http://www.wikidata.org/entity/Q1951,Alberta,Point(-113.96027778 53.81138889),
http://www.wikidata.org/entity/Q5905477,Horse Lake First Nation,449,http://www.wikidata.org/entity/Q1951,Alberta,Point(-119.693694 55.3517163),
http://www.wikidata.org/entity/Q85792671,Pekuakamiulnuatsh First Nation,,,,Point(-72.233333333 48.566666666),
http://www.wikidata.org/entity/Q85799283,Salt River First Nation,759,http://www.wikidata.org/entity/Q2007,Northwest Territories,Point(-112.234876 60.106961),
http://www.wikidata.org/entity/Q7993962,Whispering Pines/Clinton Indian Band,702,http://www.wikidata.org/entity/Q1973,British Columbia,,
http://www.wikidata.org/entity/Q5754909,High Bar First Nation,703,http://www.wikidata.org/entity/Q1973,British Columbia,Point(-122.0180821 51.113043),
http://www.wikidata.org/entity/Q5874810,Maskwacis,,http://www.wikidata.org/entity/Q1951,Alberta,Point(-113.452 52.8267),
http://www.wikidata.org/entity/Q5563119,Ging̱olx,671,http://www.wikidata.org/entity/Q1973,British Columbia,Point(-129.95 55.0),
http://www.wikidata.org/entity/Q5563119,Ging̱olx,671,http://www.wikidata.org/entity/Q100748892,Nisga'a Nation,Point(-129.95 55.0),
http://www.wikidata.org/entity/Q5565130,Gitlaxt'aamiks,677,http://www.wikidata.org/entity/Q1973,British Columbia,Point(-129.083 55.25),
http://www.wikidata.org/entity/Q5565130,Gitlaxt'aamiks,677,http://www.wikidata.org/entity/Q100748892,Nisga'a Nation,Point(-129.083 55.25),
http://www.wikidata.org/entity/Q5565180,Gitwinksihlkw,679,http://www.wikidata.org/entity/Q1973,British Columbia,Point(-129.217 55.1917),
http://www.wikidata.org/entity/Q5565180,Gitwinksihlkw,679,http://www.wikidata.org/entity/Q100748892,Nisga'a Nation,Point(-129.217 55.1917),
http://www.wikidata.org/entity/Q6505147,Laxgalts'ap,678,http://www.wikidata.org/entity/Q1973,British Columbia,Point(-129.575 55.0306),
http://www.wikidata.org/entity/Q6505147,Laxgalts'ap,678,http://www.wikidata.org/entity/Q100748892,Nisga'a Nation,Point(-129.575 55.0306),
http://www.wikidata.org/entity/Q85799349,Sambaa K'e First Nation,767,http://www.wikidata.org/entity/Q2007,Northwest Territories,Point(-121.2424399 60.4426206),
http://www.wikidata.org/entity/Q85799859,Sawridge First Nation,454,http://www.wikidata.org/entity/Q1951,Alberta,Point(-114.8397107 55.2975877),
http://www.wikidata.org/entity/Q85811010,Tulita Dene First Nation,750,http://www.wikidata.org/entity/Q2007,Northwest Territories,Point(-125.5763648 64.9005846),
http://www.wikidata.org/entity/Q85815072,West Point First Nation,772,http://www.wikidata.org/entity/Q2007,Northwest Territories,Point(-115.7449693 60.8547171),
http://www.wikidata.org/entity/Q85815217,Wha Ti First Nation,769,http://www.wikidata.org/entity/Q2007,Northwest Territories,Point(-117.274631 63.1445465),
http://www.wikidata.org/entity/Q85815406,Whitefish Lake First Nation,459,http://www.wikidata.org/entity/Q1951,Alberta,Point(-115.6480717 55.9188958),
http://www.wikidata.org/entity/Q85817259,Łı́ı́dlı̨ı̨ Kų́ę́ First Nation,757,http://www.wikidata.org/entity/Q2007,Northwest Territories,Point(-121.3136595 61.8177753),
http://www.wikidata.org/entity/Q96415784,Yellowknives Dene First Nation,763,http://www.wikidata.org/entity/Q2007,Northwest Territories,Point(-114.3756466 62.4550589),
http://www.wikidata.org/entity/Q96416167,Łutsël K'é Dene First Nation,764,http://www.wikidata.org/entity/Q2007,Northwest Territories,Point(-110.738708 62.4047214),
http://www.wikidata.org/entity/Q100209438,McLeod Lake First Nation,618,http://www.wikidata.org/entity/Q1973,British Columbia,Point(-123.0458354 54.984564),
http://www.wikidata.org/entity/Q100210059,Doig River First Nation,548,http://www.wikidata.org/entity/Q1973,British Columbia,Point(-120.4955851 56.5778536),
http://www.wikidata.org/entity/Q100210267,Fort Nelson First Nation,543,http://www.wikidata.org/entity/Q1973,British Columbia,Point(-122.6598084 58.7701302),
http://www.wikidata.org/entity/Q100210907,Saulteau First Nations,542,http://www.wikidata.org/entity/Q1973,British Columbia,Point(-121.6530037 55.8522192),
http://www.wikidata.org/entity/Q100250431,Tetlit Gwich'in First Nation,751,http://www.wikidata.org/entity/Q1014119,Fort McPherson,Point(-134.8825 67.435277777),
http://www.wikidata.org/entity/Q100250951,K'atlodeeche First Nation,761,http://www.wikidata.org/entity/Q2007,Northwest Territories,Point(-115.7546963 60.836972),
http://www.wikidata.org/entity/Q105102819,Six Nations of the Grand River,121,http://www.wikidata.org/entity/Q1904,Ontario,Point(-80.1175151 43.0704071),
http://www.wikidata.org/entity/Q106815364,Stoney Knoll Reserve,,,,,
http://www.wikidata.org/entity/Q107027469,Chakastaypasin First Nation,,http://www.wikidata.org/entity/Q1989,Saskatchewan,,
http://www.wikidata.org/entity/Q115781766,Prophet River First Nation,544,http://www.wikidata.org/entity/Q1973,British Columbia,Point(-122.6981775 58.0919694),
http://www.wikidata.org/entity/Q115789853,Sik-e-Dakh First Nation,533,http://www.wikidata.org/entity/Q1973,British Columbia,Point(-127.679945 55.309553),
http://www.wikidata.org/entity/Q118904720,Cowichan Tribes,642,http://www.wikidata.org/entity/Q1973,British Columbia,Point(-123.7092884 48.7762177),
http://www.wikidata.org/entity/Q123132908,Washaw Sibi Eeyou Association,,http://www.wikidata.org/entity/Q176,Quebec,,
http://www.wikidata.org/entity/Q125738939,Oromocto First Nation,12,http://www.wikidata.org/entity/Q1965,New Brunswick,Point(-66.464064 45.853388),
http://www.wikidata.org/entity/Q126011605,Ehdiitat Gwich'in Council,,http://www.wikidata.org/entity/Q420187,Aklavik,Point(-135.011666666 68.220277777),
http://www.wikidata.org/entity/Q126011611,Nihtat Gwich'in Council,,http://www.wikidata.org/entity/Q338686,Inuvik,Point(-133.729722222 68.360833333),
http://www.wikidata.org/entity/Q131541971,Indian Island,10,http://www.wikidata.org/entity/Q1965,New Brunswick,Point(-64.7945381 46.6910103),
http://www.wikidata.org/entity/Q135273894,Binche Whut'en,730,http://www.wikidata.org/entity/Q1973,British Columbia,,
